<data>
  <table name="MAINTENANCE_FORM" updatekey="MFRM_ID">
    <row><MFRM_ID>1143</MFRM_ID><MFRM_NAME>STAFFING REQUIREMENTS2</MFRM_NAME><MFRM_DESC>STAFFING REQUIREMENTS (SCHEDULE OPTIMIZATION)</MFRM_DESC><MFRM_ASP>maintenance.asp</MFRM_ASP><MFRM_TABLE>SO_CLIENT_STFDEF</MFRM_TABLE><MFRM_KEYFIELD>CSD_ID</MFRM_KEYFIELD><MFRM_ORIENTATION>V</MFRM_ORIENTATION><MFRM_MAX_ROWS>20</MFRM_MAX_ROWS><MFRM_REC_BEFORE>0</MFRM_REC_BEFORE><MFRM_REC_AFTER>0</MFRM_REC_AFTER><MFRMT_ID>11</MFRMT_ID><MFRM_AUDIT>Y</MFRM_AUDIT><MFRM_PARAMETER>[NEW]=FALSE~[EDT]=HYP~[DEL]=FALSE</MFRM_PARAMETER><MFRM_LANG1>Staffing Requirements</MFRM_LANG1><MFRM_MENUPARENT_ID>259</MFRM_MENUPARENT_ID><MFRM_JSP>/maintenance/mntForms.jsp</MFRM_JSP><MFRM_WHERE_CLAUSE>so_client_stfdef.skdgrp_id IN (SELECT skdgrp_id FROM so_schedule_group WHERE skdgrp_intrnl_type=11 AND wbt_id IN (SELECT wbt_id FROM sec_workbrain_team WHERE sec_workbrain_team.wbu_id = #page.property.userId# ))</MFRM_WHERE_CLAUSE><MFRM_PARAMETER_JSP>[NEW]=FALSE~[EDT]=HYP~[DEL]=FALSE</MFRM_PARAMETER_JSP>
      <table name="MAINTENANCE_FORM_GRP" fk="MFRM_ID" refers="MFRM_ID" updatekey="MFG_ID">
         <row><MFG_ID>8858</MFG_ID><MFRM_ID>1143</MFRM_ID><WBG_ID>1</WBG_ID><WBP_ID>0</WBP_ID></row>
         <row><MFG_ID>8859</MFG_ID><MFRM_ID>1143</MFRM_ID><WBG_ID>2</WBG_ID><WBP_ID>0</WBP_ID></row>
         <row><MFG_ID>8860</MFG_ID><MFRM_ID>1143</MFRM_ID><WBG_ID>3</WBG_ID><WBP_ID>0</WBP_ID></row>
         <row><MFG_ID>8861</MFG_ID><MFRM_ID>1143</MFRM_ID><WBG_ID>4</WBG_ID><WBP_ID>0</WBP_ID></row>
         <row><MFG_ID>8862</MFG_ID><MFRM_ID>1143</MFRM_ID><WBG_ID>5</WBG_ID><WBP_ID>0</WBP_ID></row>
      </table>
      <table name="WORKBRAIN_FIELD" fk="MFRM_ID" refers="MFRM_ID" updatekey="WBF_ID">
         <row><WBF_ID>7353</WBF_ID><WBF_NAME>CSD_ID</WBF_NAME><WBDT_ID>0</WBDT_ID><SELECT_ID>0</SELECT_ID><MFRM_ID>1143</MFRM_ID><WBF_AUDIT>N</WBF_AUDIT><WBF_TYPE>NUMBER</WBF_TYPE><WBF_UI>HiddenUI</WBF_UI><WBF_REQUIRED>D</WBF_REQUIRED></row>
         <row><WBF_ID>7354</WBF_ID><WBF_NAME>SKDGRP_ID</WBF_NAME><WBDT_ID>0</WBDT_ID><SELECT_ID>0</SELECT_ID><MFRM_ID>1143</MFRM_ID><WBF_AUDIT>N</WBF_AUDIT><WBF_UI>LocationTreeUI</WBF_UI><WBF_UI_PARAM>width='50'</WBF_UI_PARAM><WBF_REQUIRED>D</WBF_REQUIRED></row>
         <row><WBF_ID>7355</WBF_ID><WBF_NAME>JOB_ID</WBF_NAME><WBDT_ID>0</WBDT_ID><SELECT_ID>0</SELECT_ID><MFRM_ID>1143</MFRM_ID><WBF_AUDIT>N</WBF_AUDIT><WBF_REQUIRED>D</WBF_REQUIRED></row>
         <row><WBF_ID>7356</WBF_ID><WBF_NAME>STSKL_ID</WBF_NAME><WBDT_ID>0</WBDT_ID><SELECT_ID>0</SELECT_ID><MFRM_ID>1143</MFRM_ID><WBF_AUDIT>N</WBF_AUDIT><WBF_REQUIRED>D</WBF_REQUIRED></row>
         <row><WBF_ID>7357</WBF_ID><WBF_NAME>ACT_ID</WBF_NAME><WBDT_ID>0</WBDT_ID><SELECT_ID>0</SELECT_ID><MFRM_ID>1143</MFRM_ID><WBF_AUDIT>N</WBF_AUDIT><WBF_REQUIRED>D</WBF_REQUIRED></row>
         <row><WBF_ID>7358</WBF_ID><WBF_NAME>SKILL_LEVEL</WBF_NAME><WBDT_ID>0</WBDT_ID><SELECT_ID>0</SELECT_ID><MFRM_ID>1143</MFRM_ID><WBF_AUDIT>N</WBF_AUDIT><WBF_UI>HiddenUI</WBF_UI><WBF_REQUIRED>D</WBF_REQUIRED></row>
         <row><WBF_ID>7359</WBF_ID><WBF_NAME>CSD_MIN_REQ</WBF_NAME><WBDT_ID>0</WBDT_ID><SELECT_ID>0</SELECT_ID><MFRM_ID>1143</MFRM_ID><WBF_AUDIT>N</WBF_AUDIT><WBF_UI>HiddenUI</WBF_UI><WBF_REQUIRED>D</WBF_REQUIRED></row>
         <row><WBF_ID>7360</WBF_ID><WBF_NAME>CSD_MAX_REQ</WBF_NAME><WBDT_ID>0</WBDT_ID><SELECT_ID>0</SELECT_ID><MFRM_ID>1143</MFRM_ID><WBF_AUDIT>N</WBF_AUDIT><WBF_UI>HiddenUI</WBF_UI><WBF_REQUIRED>D</WBF_REQUIRED></row>
         <row><WBF_ID>7361</WBF_ID><WBF_NAME>SHFTSTFREQ_ID</WBF_NAME><WBDT_ID>0</WBDT_ID><SELECT_ID>0</SELECT_ID><MFRM_ID>1143</MFRM_ID><WBF_AUDIT>N</WBF_AUDIT><WBF_UI>HiddenUI</WBF_UI><WBF_REQUIRED>D</WBF_REQUIRED></row>
         <row><WBF_ID>7362</WBF_ID><WBF_NAME>CSD_STDVOL_HOUR</WBF_NAME><WBDT_ID>0</WBDT_ID><SELECT_ID>0</SELECT_ID><MFRM_ID>1143</MFRM_ID><WBF_AUDIT>N</WBF_AUDIT><WBF_UI>HiddenUI</WBF_UI><WBF_REQUIRED>D</WBF_REQUIRED></row>
         <row><WBF_ID>7363</WBF_ID><WBF_NAME>CSD_CONTROL_WRK</WBF_NAME><WBDT_ID>0</WBDT_ID><SELECT_ID>0</SELECT_ID><MFRM_ID>1143</MFRM_ID><WBF_AUDIT>N</WBF_AUDIT><WBF_UI>HiddenUI</WBF_UI><WBF_REQUIRED>D</WBF_REQUIRED></row>
         <row><WBF_ID>7364</WBF_ID><WBF_NAME>CSD_SHFTSTR_OFS</WBF_NAME><WBDT_ID>0</WBDT_ID><SELECT_ID>0</SELECT_ID><MFRM_ID>1143</MFRM_ID><WBF_AUDIT>N</WBF_AUDIT><WBF_UI>HiddenUI</WBF_UI><WBF_REQUIRED>D</WBF_REQUIRED></row>
         <row><WBF_ID>7365</WBF_ID><WBF_NAME>CSD_SHFTEND_OFS</WBF_NAME><WBDT_ID>0</WBDT_ID><SELECT_ID>0</SELECT_ID><MFRM_ID>1143</MFRM_ID><WBF_AUDIT>N</WBF_AUDIT><WBF_UI>HiddenUI</WBF_UI><WBF_REQUIRED>D</WBF_REQUIRED></row>
         <row><WBF_ID>7366</WBF_ID><WBF_NAME>CSD_DESC</WBF_NAME><WBDT_ID>0</WBDT_ID><SELECT_ID>0</SELECT_ID><MFRM_ID>1143</MFRM_ID><WBF_AUDIT>N</WBF_AUDIT><WBF_REQUIRED>D</WBF_REQUIRED></row>
         <row><WBF_ID>7367</WBF_ID><WBF_NAME>CSD_START_TIME</WBF_NAME><WBDT_ID>0</WBDT_ID><SELECT_ID>0</SELECT_ID><MFRM_ID>1143</MFRM_ID><WBF_AUDIT>N</WBF_AUDIT><WBF_UI>HiddenUI</WBF_UI><WBF_REQUIRED>D</WBF_REQUIRED></row>
         <row><WBF_ID>7368</WBF_ID><WBF_NAME>CSD_END_TIME</WBF_NAME><WBDT_ID>0</WBDT_ID><SELECT_ID>0</SELECT_ID><MFRM_ID>1143</MFRM_ID><WBF_AUDIT>N</WBF_AUDIT><WBF_UI>HiddenUI</WBF_UI><WBF_REQUIRED>D</WBF_REQUIRED></row>
         <row><WBF_ID>7369</WBF_ID><WBF_NAME>CSD_WRKLD_HRS</WBF_NAME><WBDT_ID>0</WBDT_ID><SELECT_ID>0</SELECT_ID><MFRM_ID>1143</MFRM_ID><WBF_AUDIT>N</WBF_AUDIT><WBF_UI>HiddenUI</WBF_UI><WBF_REQUIRED>D</WBF_REQUIRED></row>
         <row><WBF_ID>7370</WBF_ID><WBF_NAME>CSD_NONVLM_FLAG</WBF_NAME><WBDT_ID>0</WBDT_ID><SELECT_ID>0</SELECT_ID><MFRM_ID>1143</MFRM_ID><WBF_AUDIT>N</WBF_AUDIT><WBF_UI>ListBoxUI</WBF_UI><WBF_UI_PARAM>valueList='0,1' labelList='No, Yes'</WBF_UI_PARAM><WBF_REQUIRED>D</WBF_REQUIRED></row>
         <row><WBF_ID>7371</WBF_ID><WBF_NAME>DIST_ID</WBF_NAME><WBDT_ID>0</WBDT_ID><SELECT_ID>0</SELECT_ID><MFRM_ID>1143</MFRM_ID><WBF_AUDIT>N</WBF_AUDIT><WBF_UI>HiddenUI</WBF_UI><WBF_REQUIRED>D</WBF_REQUIRED></row>
      </table>
    </row>
  </table>
  <table name="MAINTENANCE_FORM" updatekey="MFRM_ID">
    <row><MFRM_ID>1144</MFRM_ID><MFRM_NAME>STAFFING REQUIREMENT DETAILS</MFRM_NAME><MFRM_DESC>STAFFING REQUIREMENT DETAILS (SCHEDULE OPTIMIZATION)</MFRM_DESC><MFRM_ASP>maintenance.asp</MFRM_ASP><MFRM_TABLE>SO_CSD_DETAIL</MFRM_TABLE><MFRM_KEYFIELD>CSDDET_ID</MFRM_KEYFIELD><MFRM_ORIENTATION>H</MFRM_ORIENTATION><MFRM_MAX_ROWS>2</MFRM_MAX_ROWS><MFRM_REC_BEFORE>0</MFRM_REC_BEFORE><MFRM_REC_AFTER>1</MFRM_REC_AFTER><MFRMT_ID>11</MFRMT_ID><MFRM_PARENT_KEYS>CSD_ID</MFRM_PARENT_KEYS><MFRM_PARENT_MFRM_ID>1143</MFRM_PARENT_MFRM_ID><MFRM_AUDIT>Y</MFRM_AUDIT><MFRM_PARAMETER>[NEW]=TRUE~[EDT]=HYP~[DEL]=TRUE</MFRM_PARAMETER><MFRM_LANG1>Staffing Requirement Details</MFRM_LANG1><MFRM_MENUPARENT_ID>259</MFRM_MENUPARENT_ID><MFRM_JSP>/maintenance/mntForms.jsp</MFRM_JSP><MFRM_PARAMETER_JSP>[NEW]=TRUE~[EDT]=HYP~[DEL]=TRUE</MFRM_PARAMETER_JSP>
      <table name="MAINTENANCE_FORM_GRP" fk="MFRM_ID" refers="MFRM_ID" updatekey="MFG_ID">
        <row><MFG_ID>8863</MFG_ID><MFRM_ID>1144</MFRM_ID><WBG_ID>1</WBG_ID><WBP_ID>1</WBP_ID></row>
        <row><MFG_ID>8864</MFG_ID><MFRM_ID>1144</MFRM_ID><WBG_ID>2</WBG_ID><WBP_ID>1</WBP_ID></row>
        <row><MFG_ID>8865</MFG_ID><MFRM_ID>1144</MFRM_ID><WBG_ID>3</WBG_ID><WBP_ID>1</WBP_ID></row>
        <row><MFG_ID>8866</MFG_ID><MFRM_ID>1144</MFRM_ID><WBG_ID>4</WBG_ID><WBP_ID>1</WBP_ID></row>
        <row><MFG_ID>8867</MFG_ID><MFRM_ID>1144</MFRM_ID><WBG_ID>5</WBG_ID><WBP_ID>1</WBP_ID></row>
      </table>
      <table name="WORKBRAIN_FIELD" fk="MFRM_ID" refers="MFRM_ID" updatekey="WBF_ID">
        <row><WBF_ID>7372</WBF_ID><WBF_NAME>CSDDET_ID</WBF_NAME><WBDT_ID>0</WBDT_ID><SELECT_ID>0</SELECT_ID><MFRM_ID>1144</MFRM_ID><WBF_AUDIT>N</WBF_AUDIT><WBF_TYPE>NUMBER</WBF_TYPE><WBF_UI>HiddenUI</WBF_UI><WBF_REQUIRED>D</WBF_REQUIRED></row>
        <row><WBF_ID>7373</WBF_ID><WBF_NAME>CSD_ID</WBF_NAME><WBDT_ID>0</WBDT_ID><SELECT_ID>0</SELECT_ID><MFRM_ID>1144</MFRM_ID><WBF_AUDIT>N</WBF_AUDIT><WBF_TYPE>NUMBER</WBF_TYPE><WBF_UI>HiddenUI</WBF_UI><WBF_REQUIRED>D</WBF_REQUIRED></row>
        <row><WBF_ID>7374</WBF_ID><WBF_NAME>CSDDET_COMPRESS_VL</WBF_NAME><WBDT_ID>0</WBDT_ID><SELECT_ID>0</SELECT_ID><MFRM_ID>1144</MFRM_ID><WBF_AUDIT>N</WBF_AUDIT><WBF_UI>NumberUI</WBF_UI><WBF_UI_PARAM>width='5' scale='4' precision='2'</WBF_UI_PARAM><WBF_REQUIRED>D</WBF_REQUIRED></row>
        <row><WBF_ID>7375</WBF_ID><WBF_NAME>CSDDET_FLAG1</WBF_NAME><WBDT_ID>0</WBDT_ID><SELECT_ID>0</SELECT_ID><MFRM_ID>1144</MFRM_ID><WBF_AUDIT>N</WBF_AUDIT><WBF_UI>HiddenUI</WBF_UI><WBF_REQUIRED>N</WBF_REQUIRED></row>
        <row><WBF_ID>7376</WBF_ID><WBF_NAME>CSDDET_FLAG2</WBF_NAME><WBDT_ID>0</WBDT_ID><SELECT_ID>0</SELECT_ID><MFRM_ID>1144</MFRM_ID><WBF_AUDIT>N</WBF_AUDIT><WBF_UI>HiddenUI</WBF_UI><WBF_REQUIRED>N</WBF_REQUIRED></row>
        <row><WBF_ID>7377</WBF_ID><WBF_NAME>CSDDET_FLAG3</WBF_NAME><WBDT_ID>0</WBDT_ID><SELECT_ID>0</SELECT_ID><MFRM_ID>1144</MFRM_ID><WBF_AUDIT>N</WBF_AUDIT><WBF_UI>HiddenUI</WBF_UI><WBF_REQUIRED>N</WBF_REQUIRED></row>
        <row><WBF_ID>7378</WBF_ID><WBF_NAME>CSDDET_FLAG4</WBF_NAME><WBDT_ID>0</WBDT_ID><SELECT_ID>0</SELECT_ID><MFRM_ID>1144</MFRM_ID><WBF_AUDIT>N</WBF_AUDIT><WBF_UI>HiddenUI</WBF_UI><WBF_REQUIRED>N</WBF_REQUIRED></row>
        <row><WBF_ID>7379</WBF_ID><WBF_NAME>CSDDET_FLAG5</WBF_NAME><WBDT_ID>0</WBDT_ID><SELECT_ID>0</SELECT_ID><MFRM_ID>1144</MFRM_ID><WBF_AUDIT>N</WBF_AUDIT><WBF_UI>HiddenUI</WBF_UI><WBF_REQUIRED>N</WBF_REQUIRED></row>
        <row><WBF_ID>7380</WBF_ID><WBF_NAME>CSDDET_UDF1</WBF_NAME><WBDT_ID>0</WBDT_ID><SELECT_ID>0</SELECT_ID><MFRM_ID>1144</MFRM_ID><WBF_AUDIT>N</WBF_AUDIT><WBF_UI>HiddenUI</WBF_UI><WBF_REQUIRED>N</WBF_REQUIRED></row>
	<row><WBF_ID>7381</WBF_ID><WBF_NAME>CSDDET_UDF2</WBF_NAME><WBDT_ID>0</WBDT_ID><SELECT_ID>0</SELECT_ID><MFRM_ID>1144</MFRM_ID><WBF_AUDIT>N</WBF_AUDIT><WBF_UI>HiddenUI</WBF_UI><WBF_REQUIRED>N</WBF_REQUIRED></row>
	<row><WBF_ID>7382</WBF_ID><WBF_NAME>CSDDET_UDF3</WBF_NAME><WBDT_ID>0</WBDT_ID><SELECT_ID>0</SELECT_ID><MFRM_ID>1144</MFRM_ID><WBF_AUDIT>N</WBF_AUDIT><WBF_UI>HiddenUI</WBF_UI><WBF_REQUIRED>N</WBF_REQUIRED></row>
	<row><WBF_ID>7383</WBF_ID><WBF_NAME>CSDDET_UDF4</WBF_NAME><WBDT_ID>0</WBDT_ID><SELECT_ID>0</SELECT_ID><MFRM_ID>1144</MFRM_ID><WBF_AUDIT>N</WBF_AUDIT><WBF_UI>HiddenUI</WBF_UI><WBF_REQUIRED>N</WBF_REQUIRED></row>
        <row><WBF_ID>7384</WBF_ID><WBF_NAME>CSDDET_UDF5</WBF_NAME><WBDT_ID>0</WBDT_ID><SELECT_ID>0</SELECT_ID><MFRM_ID>1144</MFRM_ID><WBF_AUDIT>N</WBF_AUDIT><WBF_UI>HiddenUI</WBF_UI><WBF_REQUIRED>N</WBF_REQUIRED></row>
      </table>
    </row>
  </table>
</data>