<data>
  <table name="WB_LOCALZD_TBLVAL" updatekey="WBLTV_ID">
    <row><WBLTV_ID>2211</WBLTV_ID><WBLT_ID>34</WBLT_ID><WBL_ID>1</WBL_ID><WBLTV_DATA_ID>1143</WBLTV_DATA_ID><WBLTV_DATA_NAME>Staffing Requirements</WBLTV_DATA_NAME><WBLTV_DATA_DESC>Staffing Requirements (Schedule Optimization)</WBLTV_DATA_DESC></row>
    <row><WBLTV_ID>2212</WBLTV_ID><WBLT_ID>34</WBLT_ID><WBL_ID>2</WBL_ID><WBLTV_DATA_ID>1143</WBLTV_DATA_ID><WBLTV_DATA_NAME>Staffing Requirements</WBLTV_DATA_NAME><WBLTV_DATA_DESC>Staffing Requirements (Schedule Optimization)</WBLTV_DATA_DESC></row>
    <row><WBLTV_ID>2213</WBLTV_ID><WBLT_ID>34</WBLT_ID><WBL_ID>3</WBL_ID><WBLTV_DATA_ID>1143</WBLTV_DATA_ID><WBLTV_DATA_NAME>Staffing Requirements</WBLTV_DATA_NAME><WBLTV_DATA_DESC>Staffing Requirements (Schedule Optimization)</WBLTV_DATA_DESC></row>
    <row><WBLTV_ID>2214</WBLTV_ID><WBLT_ID>34</WBLT_ID><WBL_ID>1</WBL_ID><WBLTV_DATA_ID>1144</WBLTV_DATA_ID><WBLTV_DATA_NAME>Staffing Requirement Details</WBLTV_DATA_NAME><WBLTV_DATA_DESC>Staffing Requirement Details (Schedule Optimization)</WBLTV_DATA_DESC></row>
    <row><WBLTV_ID>2215</WBLTV_ID><WBLT_ID>34</WBLT_ID><WBL_ID>2</WBL_ID><WBLTV_DATA_ID>1144</WBLTV_DATA_ID><WBLTV_DATA_NAME>Staffing Requirement Details</WBLTV_DATA_NAME><WBLTV_DATA_DESC>Staffing Requirement Details (Schedule Optimization)</WBLTV_DATA_DESC></row>
    <row><WBLTV_ID>2216</WBLTV_ID><WBLT_ID>34</WBLT_ID><WBL_ID>3</WBL_ID><WBLTV_DATA_ID>1144</WBLTV_DATA_ID><WBLTV_DATA_NAME>Staffing Requirement Details</WBLTV_DATA_NAME><WBLTV_DATA_DESC>Staffing Requirement Details (Schedule Optimization)</WBLTV_DATA_DESC></row>
  </table>
</data>