<data>
  <table name="BUSINESS_OBJECT_TYPE" >
    <row><BUSOBJTYP_ID>-1000002</BUSOBJTYP_ID><BUSOBJTYP_NAME>Employee Borrow</BUSOBJTYP_NAME><BUSOBJTYP_DESC>Employee Borrow</BUSOBJTYP_DESC><FLOW_ID>1000002</FLOW_ID><MSGTYP_ID>5</MSGTYP_ID><HSTPRM_ID>3</HSTPRM_ID><BUSOBJTYP_CNCL_PRM>N</BUSOBJTYP_CNCL_PRM><BUSOBJTYP_FB_VERSION>2</BUSOBJTYP_FB_VERSION><BUSOBJTYP_TYPE>1</BUSOBJTYP_TYPE><BUSOBJTYP_BATCH_APPROVABLE>N</BUSOBJTYP_BATCH_APPROVABLE><BUSOBJTYP_BATCH_CONTROLS>DATE~dpStartDate</BUSOBJTYP_BATCH_CONTROLS>
      <table name="BUSOBJTYP_VERSION" fk="BUSOBJTYP_ID" refers="BUSOBJTYP_ID">
        <row><BOTVR_ID>-1000002</BOTVR_ID><BUSOBJTYP_ID>-1000002</BUSOBJTYP_ID><BOTVR_XML><![CDATA[<BOFORM Id="-1000002" Name="Employee Borrow" Description="Employee Borrow" Canceable="false" BatchApprovable="false" ViewHistoryPermission="3" FormType="1"><boForm><calculateFormula>function calculateFormulas() {&#xA;&#xA;}&#xA;</calculateFormula><onValidate>var dbEmployee = getElement(&#x22;dbEmployee&#x22;).value;&#xA;var dbStore = getElement(&#x22;dbStore&#x22;).value;&#xA;var dpStartDate = getElement(&#x22;dpStartDate&#x22;).value;&#xA;var dpEndDate = getElement(&#x22;dpEndDate&#x22;).value;&#xA;&#xA;if (dbEmployee == '') {&#xA;    alert(&#x22;No Employee Borrow name has been provided.&#x22;);&#xA;    enableButton()&#xA;    return false;&#xA;}&#xA;&#xA;if (dbStore == '') {&#xA;    alert(&#x22;No borrowing store name has been provided.&#x22;);&#xA;    enableButton()&#xA;    return false;&#xA;}&#xA;&#xA;if (dpStartDate == '') {&#xA;    alert(&#x22;No start date selected for this Employee Borrow.&#x22;);&#xA;    enableButton()&#xA;    return false;&#xA;}&#xA;&#xA;if (dpEndDate == '') {&#xA;    alert(&#x22;No end date selected for this Employee Borrow.&#x22;);&#xA;    enableButton()&#xA;    return false;&#xA;}&#xA;&#xA;&#xA;var startDate = convertToDate(dpStartDate);&#xA;var endDate = convertToDate(dpEndDate); &#xA;&#xA;if (endDate.getTime() &#x3C; startDate.getTime()) {&#xA;    alert(&#x22;The end date for this Employee Borrow must be greater then or equal to the start date.&#x22;);&#xA;    enableButton()&#xA;    return false;&#xA;}&#xA;&#xA;&#xA;return true;</onValidate><onLoad/><commonScript>function convertToDate(inputStringDate) {&#xA;    var month = inputStringDate.substr(4,2);&#xA;    var day = inputStringDate.substr(6,2);&#xA;    var year = inputStringDate.substr(0,4);&#xA;    return new Date(new String(year), new String(month - 1), new String(day));&#xA;}&#xA;&#xA;function enableButton() {&#xA;    var button = getElement(&#x22;submitButton&#x22;);&#xA;    button.disabled = false;&#xA;    button.value = &#x22;Submit&#x22;;&#xA;}</commonScript><actions>Submit,SaveContinue,OK,Cancel,Draft,Print,OpenDraft,Back,Forward,SaveCriteria,</actions><keyFields/><renderers/><mobile>false</mobile><netscape47>false</netscape47><numberOfPages>1</numberOfPages><div_style><background-color>#ffffff</background-color><width>693</width><height>503</height></div_style><boField><displayType>LABEL</displayType><value>default=Caption~|~</value><datasource/><datafield/><default/><canViewNodes>All,Sender,Loaning Store Manager</canViewNodes><wireless_order>0</wireless_order><page>0</page><columnOrder>-1</columnOrder><preserveValue>true</preserveValue><containsHTML>true</containsHTML><mask/><displayZeroValue>true</displayZeroValue><batchApprovable>false</batchApprovable><div_style><background-color/><color>#d9f2e5</color><colorWhenPositive>#000000</colorWhenPositive><colorWhenNegative>#000000</colorWhenNegative><font-size>12</font-size><font-weight>normal</font-weight><font-style>normal</font-style><left>475</left><top>1</top><width>72</width><height>18</height><text-align>Left</text-align></div_style><ctl_attribute><name>lblStrManager</name><title>default=~|~</title></ctl_attribute></boField><boField><displayType>WBUSERNAME</displayType><valueId/><dataType>String</dataType><datasource/><datafield/><canEditNodes>All,Sender,Loaning Store Manager</canEditNodes><label>Label7</label><canViewNodes>All,Sender,Loaning Store Manager</canViewNodes><onFocus/><onValidate/><wireless_label>default=~|~</wireless_label><wireless_order>0</wireless_order><page>0</page><batchApprovable>false</batchApprovable><div_style><left>486</left><top>1</top></div_style><ctl_style><width>75</width><height>20</height><background-color>#ffffff</background-color><color>#000000</color><font-size>12</font-size><font-weight>normal</font-weight><font-style>normal</font-style></ctl_style><ctl_attribute><name>strManager</name><id>false</id><value/><title>default=~|~</title></ctl_attribute><img_attribute><width>25</width><height>20</height></img_attribute></boField><boField><displayType>RECTANGLE</displayType><name>Rectangle1</name><title>default=~|~</title><canViewNodes>All,Sender</canViewNodes><wireless_order>0</wireless_order><page>0</page><div_style><left>0</left><top>0</top><width>671</width><height>481</height><background-color>#d9e5f2</background-color><color>#000000</color><border>1</border><border-style>solid</border-style></div_style><boField><displayType>LABEL</displayType><value>default=Employee To Borrow:~|~</value><datasource/><datafield/><default/><canViewNodes>All,Sender</canViewNodes><wireless_order>0</wireless_order><page>0</page><columnOrder>-1</columnOrder><preserveValue>false</preserveValue><containsHTML>true</containsHTML><mask>#,##0.00</mask><displayZeroValue>true</displayZeroValue><batchApprovable>false</batchApprovable><div_style><background-color/><color>#000000</color><colorWhenPositive>#000000</colorWhenPositive><colorWhenNegative>#000000</colorWhenNegative><font-size>12</font-size><font-weight>bold</font-weight><font-style>normal</font-style><left>39</left><top>166</top><width>127</width><height>24</height><text-align>Left</text-align></div_style><ctl_attribute><name>lblEmpBorrowLabel</name><title>default=~|~</title></ctl_attribute></boField><boField><displayType>LABEL</displayType><value>default=Start Date:~|~</value><datasource/><datafield/><default/><canViewNodes>All,Sender</canViewNodes><wireless_order>0</wireless_order><page>0</page><columnOrder>-1</columnOrder><preserveValue>false</preserveValue><containsHTML>true</containsHTML><mask>#,##0.00</mask><displayZeroValue>true</displayZeroValue><batchApprovable>false</batchApprovable><div_style><background-color/><color>#000000</color><colorWhenPositive>#000000</colorWhenPositive><colorWhenNegative>#000000</colorWhenNegative><font-size>12</font-size><font-weight>bold</font-weight><font-style>normal</font-style><left>39</left><top>211</top><width>85</width><height>33</height><text-align>Left</text-align></div_style><ctl_attribute><name>lblStartDate</name><title>default=~|~</title></ctl_attribute></boField><boField><displayType>DATEPICKER</displayType><canEditNodes>Sender</canEditNodes><canViewNodes>All,Sender</canViewNodes><datasource/><datafield/><dataType>Date</dataType><default/><label/><mask>MM/dd/yyyy</mask><onFocus/><onValidate/><wireless_label>default=~|~</wireless_label><wireless_order>2</wireless_order><page>0</page><batchApprovable>false</batchApprovable><div_style><left>180</left><top>208</top></div_style><ctl_style><width>75</width><height>20</height><background-color>#ffffff</background-color><color>#000000</color><font-size>12</font-size><font-weight>normal</font-weight><font-style>normal</font-style></ctl_style><ctl_attribute><name>dpStartDate</name><id>false</id><value/><title>default=~|~</title></ctl_attribute><img_attribute><width>25</width><height>20</height></img_attribute></boField><boField><displayType>DATEPICKER</displayType><canEditNodes>Sender</canEditNodes><canViewNodes>All,Sender</canViewNodes><datasource/><datafield/><dataType>Date</dataType><default/><label/><mask>MM/dd/yyyy</mask><onFocus/><onValidate/><wireless_label>default=~|~</wireless_label><wireless_order>0</wireless_order><page>0</page><batchApprovable>false</batchApprovable><div_style><left>180</left><top>244</top></div_style><ctl_style><width>76</width><height>20</height><background-color/><color>#000000</color><font-size>12</font-size><font-weight>normal</font-weight><font-style>normal</font-style></ctl_style><ctl_attribute><name>dpEndDate</name><id>false</id><value/><title>default=~|~</title></ctl_attribute><img_attribute><width>25</width><height>20</height></img_attribute></boField><boField><displayType>TEXTAREA</displayType><value>default=~|~</value><datasource/><datafield/><canEditNodes>Sender</canEditNodes><label/><canViewNodes>All,Sender</canViewNodes><onFocus/><onValidate/><wireless_label>default=~|~</wireless_label><wireless_order>0</wireless_order><page>0</page><batchApprovable>false</batchApprovable><div_style><left>183</left><top>385</top></div_style><ctl_style><width>395</width><height>75</height><background-color>#ffffff</background-color><color>#000000</color><font-size>12</font-size><font-weight>normal</font-weight><font-style>normal</font-style><text-align>Left</text-align></ctl_style><ctl_attribute><name>taComments</name><id>false</id><title>default=~|~</title></ctl_attribute></boField><boField><displayType>LABEL</displayType><value>default=*~|~en=*~|~</value><datasource/><datafield/><default/><canViewNodes>All,Sender,Employee</canViewNodes><wireless_order>0</wireless_order><page>0</page><columnOrder>-1</columnOrder><preserveValue>false</preserveValue><containsHTML>true</containsHTML><mask>#,##0.00</mask><displayZeroValue>true</displayZeroValue><batchApprovable>false</batchApprovable><div_style><background-color/><color>#ff0000</color><colorWhenPositive>#000000</colorWhenPositive><colorWhenNegative>#000000</colorWhenNegative><font-size>14</font-size><font-weight>bold</font-weight><font-style>normal</font-style><left>27</left><top>211</top><width>11</width><height>15</height><text-align>Left</text-align></div_style><ctl_attribute><name>Label17</name><title>default=~|~</title></ctl_attribute></boField><boField><displayType>LABEL</displayType><value>default=End Date:~|~</value><datasource/><datafield/><default/><canViewNodes>All,Sender</canViewNodes><wireless_order>0</wireless_order><page>0</page><columnOrder>-1</columnOrder><preserveValue>false</preserveValue><containsHTML>true</containsHTML><mask>#,##0.00</mask><displayZeroValue>true</displayZeroValue><batchApprovable>false</batchApprovable><div_style><background-color/><color>#000000</color><colorWhenPositive>#000000</colorWhenPositive><colorWhenNegative>#000000</colorWhenNegative><font-size>12</font-size><font-weight>bold</font-weight><font-style>normal</font-style><left>39</left><top>246</top><width>83</width><height>27</height><text-align>Left</text-align></div_style><ctl_attribute><name>lblEndDate</name><title>default=~|~</title></ctl_attribute></boField><boField><displayType>LABEL</displayType><value>default=*~|~en=*~|~</value><datasource/><datafield/><default/><canViewNodes>All,Sender,Employee</canViewNodes><wireless_order>0</wireless_order><page>0</page><columnOrder>-1</columnOrder><preserveValue>false</preserveValue><containsHTML>true</containsHTML><mask>#,##0.00</mask><displayZeroValue>true</displayZeroValue><batchApprovable>false</batchApprovable><div_style><background-color/><color>#ff0000</color><colorWhenPositive>#000000</colorWhenPositive><colorWhenNegative>#000000</colorWhenNegative><font-size>14</font-size><font-weight>bold</font-weight><font-style>normal</font-style><left>27</left><top>246</top><width>11</width><height>15</height><text-align>Left</text-align></div_style><ctl_attribute><name>Label7</name><title>default=~|~</title></ctl_attribute></boField><boField><displayType>LABEL</displayType><value>default=Loaning Store:~|~</value><datasource/><datafield/><default/><canViewNodes>All,Sender</canViewNodes><wireless_order>0</wireless_order><page>0</page><columnOrder>-1</columnOrder><preserveValue>false</preserveValue><containsHTML>true</containsHTML><mask>#,##0.00</mask><displayZeroValue>true</displayZeroValue><batchApprovable>false</batchApprovable><div_style><background-color/><color>#000000</color><colorWhenPositive>#000000</colorWhenPositive><colorWhenNegative>#000000</colorWhenNegative><font-size>12</font-size><font-weight>bold</font-weight><font-style>normal</font-style><left>39</left><top>133</top><width>106</width><height>21</height><text-align>Left</text-align></div_style><ctl_attribute><name>lblStoreLabel</name><title>default=~|~</title></ctl_attribute></boField><boField><displayType>DBLOOKUP</displayType><name>dbStore</name><datasource/><datafield/><label/><lookupdatasource>dsStores</lookupdatasource><lookupidfield>WBT_ID</lookupidfield><lookupdisplayfield>SKDGRP_NAME</lookupdisplayfield><lookuppopupfields>SKDGRP_NAME</lookuppopupfields><resolvedatasource/><selectId/><valueId/><dataType>String</dataType><multiselect>false</multiselect><canEditNodes>Sender</canEditNodes><canViewNodes>All,Sender,Employee</canViewNodes><onFocus/><onValidate/><wireless_label>default=~|~</wireless_label><wireless_order>0</wireless_order><page>0</page><populateAtSender>false</populateAtSender><batchApprovable>false</batchApprovable><userTypeable>false</userTypeable><addAllButton>false</addAllButton><div_style><left>179</left><top>130</top></div_style><ctl_style><width>124</width><height>20</height><background-color>#ffffff</background-color><color>#000000</color><font-size>12</font-size><font-weight>normal</font-weight><font-style>normal</font-style></ctl_style><ctl_attribute><id>false</id><value/><title>default=~|~</title></ctl_attribute><img_attribute><width>17</width><height>20</height></img_attribute></boField><boField><displayType>LABEL</displayType><value>default=Comments:~|~</value><datasource/><datafield/><default/><canViewNodes>All,Sender</canViewNodes><wireless_order>0</wireless_order><page>0</page><columnOrder>-1</columnOrder><preserveValue>false</preserveValue><containsHTML>true</containsHTML><mask>#,##0.00</mask><displayZeroValue>true</displayZeroValue><batchApprovable>false</batchApprovable><div_style><background-color/><color>#000000</color><colorWhenPositive>#000000</colorWhenPositive><colorWhenNegative>#000000</colorWhenNegative><font-size>12</font-size><font-weight>bold</font-weight><font-style>normal</font-style><left>37</left><top>388</top><width>113</width><height>41</height><text-align>Left</text-align></div_style><ctl_attribute><name>lblComments</name><title>default=~|~</title></ctl_attribute></boField><boField><displayType>LABEL</displayType><value>default=This form allows you to borrow out an Employee to an alternate location.  The borrow will not be reflected in &#xA;Workbrain until it is approved by the loaning store manager. Click Find Employees after selecting a store~|~</value><datasource/><datafield/><default/><canViewNodes>All,Sender</canViewNodes><wireless_order>0</wireless_order><page>0</page><columnOrder>-1</columnOrder><preserveValue>false</preserveValue><containsHTML>true</containsHTML><mask>#,##0.00</mask><displayZeroValue>true</displayZeroValue><batchApprovable>false</batchApprovable><div_style><background-color/><color>#000000</color><colorWhenPositive>#000000</colorWhenPositive><colorWhenNegative>#000000</colorWhenNegative><font-size>12</font-size><font-weight>normal</font-weight><font-style>normal</font-style><left>15</left><top>71</top><width>651</width><height>42</height><text-align>Left</text-align></div_style><ctl_attribute><name>lblIntro1</name><title>default=~|~</title></ctl_attribute></boField><boField><displayType>LABEL</displayType><value>default=*~|~en=*~|~</value><datasource/><datafield/><default/><canViewNodes>All,Sender,Employee</canViewNodes><wireless_order>0</wireless_order><page>0</page><columnOrder>-1</columnOrder><preserveValue>false</preserveValue><containsHTML>true</containsHTML><mask>#,##0.00</mask><displayZeroValue>true</displayZeroValue><batchApprovable>false</batchApprovable><div_style><background-color/><color>#ff0000</color><colorWhenPositive>#000000</colorWhenPositive><colorWhenNegative>#000000</colorWhenNegative><font-size>14</font-size><font-weight>bold</font-weight><font-style>normal</font-style><left>27</left><top>170</top><width>11</width><height>15</height><text-align>Left</text-align></div_style><ctl_attribute><name>Label10</name><title>default=~|~</title></ctl_attribute></boField><boField><displayType>LABEL</displayType><value>default=*~|~en=*~|~</value><datasource/><datafield/><default/><canViewNodes>All,Sender,Employee</canViewNodes><wireless_order>0</wireless_order><page>0</page><columnOrder>-1</columnOrder><preserveValue>false</preserveValue><containsHTML>true</containsHTML><mask>#,##0.00</mask><displayZeroValue>true</displayZeroValue><batchApprovable>false</batchApprovable><div_style><background-color/><color>#ff0000</color><colorWhenPositive>#000000</colorWhenPositive><colorWhenNegative>#000000</colorWhenNegative><font-size>14</font-size><font-weight>bold</font-weight><font-style>normal</font-style><left>27</left><top>136</top><width>9</width><height>15</height><text-align>Left</text-align></div_style><ctl_attribute><name>Label11</name><title>default=~|~</title></ctl_attribute></boField><boField><displayType>LABEL</displayType><value>default=Employee Borrow Form~|~</value><datasource/><datafield/><default/><canViewNodes>All,Sender,User</canViewNodes><wireless_order>0</wireless_order><page>0</page><columnOrder>-1</columnOrder><preserveValue>false</preserveValue><containsHTML>true</containsHTML><mask>#,##0.00</mask><displayZeroValue>true</displayZeroValue><batchApprovable>false</batchApprovable><div_style><background-color/><color>#424242</color><colorWhenPositive>#000000</colorWhenPositive><colorWhenNegative>#000000</colorWhenNegative><font-size>24</font-size><font-weight>bold</font-weight><font-style>normal</font-style><left>22</left><top>17</top><width>376</width><height>34</height><text-align>Left</text-align></div_style><ctl_attribute><name>lblFormTitle</name><title>default=~|~</title></ctl_attribute></boField><boField><displayType>LABEL</displayType><value>default=* = Required Field~|~</value><datasource/><datafield/><default/><canViewNodes>All,Sender,User</canViewNodes><wireless_order>0</wireless_order><page>0</page><columnOrder>-1</columnOrder><preserveValue>false</preserveValue><containsHTML>true</containsHTML><mask>#,##0.00</mask><displayZeroValue>true</displayZeroValue><batchApprovable>false</batchApprovable><div_style><background-color/><color>#ff0000</color><colorWhenPositive>#000000</colorWhenPositive><colorWhenNegative>#000000</colorWhenNegative><font-size>12</font-size><font-weight>normal</font-weight><font-style>normal</font-style><left>429</left><top>175</top><width>107</width><height>25</height><text-align>Left</text-align></div_style><ctl_attribute><name>Label1</name><title>default=~|~</title></ctl_attribute></boField><boField><displayType>DATASOURCE</displayType><maxrows>10</maxrows><type>Query</type><parameter>SELECT distinct employee.emp_id, emp_fullname &#xA;FROM employee, employee_team&#xA;WHERE employee.emp_id = employee_team.emp_id&#xA;AND wbt_id =  #request.dbStore_ID# &#xA;AND sysdate BETWEEN empt_start_date AND empt_end_date</parameter><hiddenFields/><orderBy/><sourceQuery/><readonly>true</readonly><page>0</page><pageChangeRefresh>false</pageChangeRefresh><reloadIfChangedControls/><reloadButtons>btnFind</reloadButtons><ReloadUpdateButtons/><sourceType/><sourceParameters/><ctl_attribute><name>dsEmployees</name></ctl_attribute><div_style><left>567</left><top>157</top></div_style></boField><boField><displayType>DATASOURCE</displayType><maxrows>10</maxrows><type>Query</type><parameter>select wbt_id, skdgrp_name&#xA;from so_schedule_group&#xA;where skdgrp_intrnl_type = 10</parameter><hiddenFields/><orderBy/><sourceQuery/><readonly>true</readonly><page>0</page><pageChangeRefresh>true</pageChangeRefresh><reloadIfChangedControls/><reloadButtons/><ReloadUpdateButtons/><sourceType/><sourceParameters/><ctl_attribute><name>dsStores</name></ctl_attribute><div_style><left>567</left><top>117</top></div_style></boField><boField><displayType>DBLOOKUP</displayType><name>dbEmployee</name><datasource/><datafield/><label/><lookupdatasource>dsEmployees</lookupdatasource><lookupidfield>EMP_ID</lookupidfield><lookupdisplayfield>EMP_FULLNAME</lookupdisplayfield><lookuppopupfields>EMP_FULLNAME</lookuppopupfields><resolvedatasource/><selectId/><valueId/><dataType>String</dataType><multiselect>false</multiselect><canEditNodes>Sender</canEditNodes><canViewNodes>All,Sender</canViewNodes><onFocus/><onValidate/><wireless_label>default=~|~</wireless_label><wireless_order>0</wireless_order><page>0</page><populateAtSender>false</populateAtSender><batchApprovable>false</batchApprovable><userTypeable>false</userTypeable><addAllButton>false</addAllButton><div_style><left>179</left><top>165</top></div_style><ctl_style><width>187</width><height>20</height><background-color>#ffffff</background-color><color>#000000</color><font-size>12</font-size><font-weight>normal</font-weight><font-style>normal</font-style></ctl_style><ctl_attribute><id>false</id><value/><title>default=~|~</title></ctl_attribute><img_attribute><width>17</width><height>20</height></img_attribute></boField><boField><displayType>RECTANGLE</displayType><name>Rectangle2</name><title>default=~|~</title><canViewNodes>All,Sender</canViewNodes><wireless_order>0</wireless_order><page>0</page><div_style><left>34</left><top>286</top><width>544</width><height>84</height><background-color>#ffffff</background-color><color>#000000</color><border>1</border><border-style>solid</border-style></div_style><boField><displayType>LABEL</displayType><value>default=Move Date:~|~</value><datasource/><datafield/><default/><canViewNodes>All,Sender</canViewNodes><wireless_order>0</wireless_order><page>0</page><columnOrder>-1</columnOrder><preserveValue>false</preserveValue><containsHTML>true</containsHTML><mask>#,##0.00</mask><displayZeroValue>true</displayZeroValue><batchApprovable>false</batchApprovable><div_style><background-color/><color>#000000</color><colorWhenPositive>#000000</colorWhenPositive><colorWhenNegative>#000000</colorWhenNegative><font-size>12</font-size><font-weight>bold</font-weight><font-style>normal</font-style><left>293</left><top>18</top><width>74</width><height>20</height><text-align>Left</text-align></div_style><ctl_attribute><name>Label2</name><title>default=~|~</title></ctl_attribute></boField><boField><displayType>DATEPICKER</displayType><canEditNodes>Sender</canEditNodes><canViewNodes>All,Sender</canViewNodes><datasource/><datafield/><dataType>Date</dataType><default/><label/><mask>MM/dd/yyyy</mask><onFocus/><onValidate/><wireless_label>default=~|~</wireless_label><wireless_order>6</wireless_order><page>0</page><batchApprovable>false</batchApprovable><div_style><left>400</left><top>16</top></div_style><ctl_style><width>75</width><height>20</height><background-color>#ffffff</background-color><color>#000000</color><font-size>12</font-size><font-weight>normal</font-weight><font-style>normal</font-style></ctl_style><ctl_attribute><name>dpSGMoveDate</name><id>false</id><value/><title>default=~|~</title></ctl_attribute><img_attribute><width>25</width><height>20</height></img_attribute></boField><boField><displayType>DATEPICKER</displayType><canEditNodes>Sender</canEditNodes><canViewNodes>All,Sender</canViewNodes><datasource/><datafield/><dataType>Date</dataType><default/><label/><mask>MM/dd/yyyy</mask><onFocus/><onValidate/><wireless_label>default=~|~</wireless_label><wireless_order>0</wireless_order><page>0</page><batchApprovable>false</batchApprovable><div_style><left>399</left><top>46</top></div_style><ctl_style><width>76</width><height>20</height><background-color/><color>#000000</color><font-size>12</font-size><font-weight>normal</font-weight><font-style>normal</font-style></ctl_style><ctl_attribute><name>dpSGReturnDate</name><id>false</id><value/><title>default=~|~</title></ctl_attribute><img_attribute><width>25</width><height>20</height></img_attribute></boField><boField><displayType>LABEL</displayType><value>default=Return Date:~|~</value><datasource/><datafield/><default/><canViewNodes>All,Sender</canViewNodes><wireless_order>0</wireless_order><page>0</page><columnOrder>-1</columnOrder><preserveValue>false</preserveValue><containsHTML>true</containsHTML><mask>#,##0.00</mask><displayZeroValue>true</displayZeroValue><batchApprovable>false</batchApprovable><div_style><background-color/><color>#000000</color><colorWhenPositive>#000000</colorWhenPositive><colorWhenNegative>#000000</colorWhenNegative><font-size>12</font-size><font-weight>bold</font-weight><font-style>normal</font-style><left>294</left><top>48</top><width>83</width><height>20</height><text-align>Left</text-align></div_style><ctl_attribute><name>Label3</name><title>default=~|~</title></ctl_attribute></boField><boField><displayType>LABEL</displayType><value>default=Staff Group To Move to:~|~</value><datasource/><datafield/><default/><canViewNodes>All,Sender</canViewNodes><wireless_order>0</wireless_order><page>0</page><columnOrder>-1</columnOrder><preserveValue>false</preserveValue><containsHTML>true</containsHTML><mask>#,##0.00</mask><displayZeroValue>true</displayZeroValue><batchApprovable>false</batchApprovable><div_style><background-color/><color>#000000</color><colorWhenPositive>#000000</colorWhenPositive><colorWhenNegative>#000000</colorWhenNegative><font-size>12</font-size><font-weight>bold</font-weight><font-style>normal</font-style><left>17</left><top>19</top><width>74</width><height>34</height><text-align>Left</text-align></div_style><ctl_attribute><name>Label4</name><title>default=~|~</title></ctl_attribute></boField><boField><displayType>DBLOOKUP</displayType><name>dbStaffGroup</name><datasource/><datafield/><label/><lookupdatasource>dsStaffGroup</lookupdatasource><lookupidfield>EMPGRP_ID</lookupidfield><lookupdisplayfield>EMPGRP_NAME</lookupdisplayfield><lookuppopupfields>EMPGRP_NAME</lookuppopupfields><resolvedatasource/><selectId/><valueId/><dataType>String</dataType><multiselect>false</multiselect><canEditNodes>Sender</canEditNodes><canViewNodes>All,Sender</canViewNodes><onFocus/><onValidate/><wireless_label>default=~|~</wireless_label><wireless_order>0</wireless_order><page>0</page><populateAtSender>false</populateAtSender><batchApprovable>false</batchApprovable><userTypeable>false</userTypeable><addAllButton>false</addAllButton><div_style><left>146</left><top>16</top></div_style><ctl_style><width>106</width><height>20</height><background-color>#ffffff</background-color><color>#000000</color><font-size>12</font-size><font-weight>normal</font-weight><font-style>normal</font-style></ctl_style><ctl_attribute><id>false</id><value/><title>default=~|~</title></ctl_attribute><img_attribute><width>17</width><height>20</height></img_attribute></boField><boField><displayType>DATASOURCE</displayType><maxrows>10</maxrows><type>Query</type><parameter>SELECT empgrp_id, empgrp_name FROM so_employee_group</parameter><hiddenFields/><orderBy/><sourceQuery/><readonly>true</readonly><page>0</page><pageChangeRefresh>true</pageChangeRefresh><reloadIfChangedControls/><reloadButtons/><ReloadUpdateButtons/><sourceType/><sourceParameters/><ctl_attribute><name>dsStaffGroup</name></ctl_attribute><div_style><left>221</left><top>36</top></div_style></boField></boField><boField><displayType>BUTTON</displayType><canViewNodes>All,Sender,Loaning Store Manager</canViewNodes><onClick/><onFocus/><type>Reload</type><wireless_order>0</wireless_order><page>0</page><div_style><left>367</left><top>127</top></div_style><ctl_style><width>113</width><height>25</height><background-color>#eeeeee</background-color><color>#333333</color><font-size>12</font-size><font-weight>normal</font-weight><font-style>normal</font-style></ctl_style><ctl_attribute><name>btnFind</name><value>default=Find Employees~|~</value><title>default=~|~</title></ctl_attribute></boField></boField></boForm></BOFORM>]]></BOTVR_XML><BOTVR_DATE>2006-05-19 14:56:22</BOTVR_DATE></row>
      </table>
      <table name="WORKFLOW_FLOW" fk="WFFLOW_ID" refers="FLOW_ID">
        <row><WFFLOW_ID>1000002</WFFLOW_ID><WFFLOW_NAME>Employee Borrow</WFFLOW_NAME><WFFLOW_DESC>Employee Borrow</WFFLOW_DESC><WFFLOW_SUBM_MSG>default=~|~</WFFLOW_SUBM_MSG><WFFLOW_XML><![CDATA[<WORKFLOW Id="-1000002" Name="Employee Borrow" Description="Employee Borrow" AcceptedTypeName="null" StartNodeId="2" Modified="1147811045521" Immediate="true" FormName="Employee Borrow" SubmittedMessage="default=~|~" ExceptionNodeId="0" ValidationEndNode="1"><NODES><NODE Id="0" ActionId="10004" ActionName="ExceptionAction"><PROPERTIES><PROPERTY Name="USER" Type="com.workbrain.app.workflow.properties.types.StringType" UI="ListUI" UIParams="{'Filter'='' 'BuilderParams'='{''sourceQuery''=''SELECT NAME , NAME FROM VIEW_WE_USER''}' 'Builder'='QUERY' }"> WORKBRAIN</PROPERTY><PROPERTY Name="Y" Type="com.workbrain.app.workflow.properties.types.NumberType" UI="NumberUI" UIParams="">300</PROPERTY><PROPERTY Name="USER_PROPERTY_DISPLAY_NAME" Type="com.workbrain.app.workflow.properties.types.StringType" UI="StringUI" UIParams=""> WORKBRAIN</PROPERTY><PROPERTY Name="X" Type="com.workbrain.app.workflow.properties.types.NumberType" UI="NumberUI" UIParams="">300</PROPERTY></PROPERTIES></NODE><NODE Id="1" ActionId="-1000004" ActionName="EmployeeBorrowProcess"><PROPERTIES><PROPERTY Name="Y" Type="com.workbrain.app.workflow.properties.types.NumberType" UI="NumberUI" UIParams="">190</PROPERTY><PROPERTY Name="X" Type="com.workbrain.app.workflow.properties.types.NumberType" UI="NumberUI" UIParams="">231</PROPERTY></PROPERTIES></NODE><NODE Id="2" ActionId="-1000002" ActionName="EmployeeBorrowValidator" Validation="true"><PROPERTIES><PROPERTY Name="Y" Type="com.workbrain.app.workflow.properties.types.NumberType" UI="NumberUI" UIParams="">75</PROPERTY><PROPERTY Name="X" Type="com.workbrain.app.workflow.properties.types.NumberType" UI="NumberUI" UIParams="">47</PROPERTY></PROPERTIES></NODE><NODE Id="3" ActionId="10000" ActionName="UserAction" Person="true"><PROPERTIES><PROPERTY Name="USER" Type="com.workbrain.app.workflow.properties.types.StringType" UI="ListUI" UIParams="{'Filter'='' 'BuilderParams'='{''sourceQuery''=''SELECT NAME , NAME FROM VIEW_WE_USER''}' 'Builder'='QUERY' }">strManager</PROPERTY><PROPERTY Name="OBJECT_FIELD" Type="com.workbrain.app.workflow.properties.types.StringType" UI="StringUI" UIParams="">true</PROPERTY><PROPERTY Name="Y" Type="com.workbrain.app.workflow.properties.types.NumberType" UI="NumberUI" UIParams="">75</PROPERTY><PROPERTY Name="NAME" Type="com.workbrain.app.workflow.properties.types.StringType" UI="StringUI" UIParams="">Loaning Store Manager</PROPERTY><PROPERTY Name="USER_PROPERTY_DISPLAY_NAME" Type="com.workbrain.app.workflow.properties.types.StringType" UI="StringUI" UIParams="">strManager</PROPERTY><PROPERTY Name="X" Type="com.workbrain.app.workflow.properties.types.NumberType" UI="NumberUI" UIParams="">192</PROPERTY></PROPERTIES></NODE><NODE Id="4" ActionId="10002" ActionName="AcceptedAction"><PROPERTIES><PROPERTY Name="Y" Type="com.workbrain.app.workflow.properties.types.NumberType" UI="NumberUI" UIParams="">190</PROPERTY><PROPERTY Name="X" Type="com.workbrain.app.workflow.properties.types.NumberType" UI="NumberUI" UIParams="">367</PROPERTY></PROPERTIES></NODE><NODE Id="5" ActionId="10003" ActionName="RejectedAction"><PROPERTIES><PROPERTY Name="Y" Type="com.workbrain.app.workflow.properties.types.NumberType" UI="NumberUI" UIParams="">187</PROPERTY><PROPERTY Name="X" Type="com.workbrain.app.workflow.properties.types.NumberType" UI="NumberUI" UIParams="">66</PROPERTY></PROPERTIES></NODE></NODES><BRANCHES><BRANCH inId="2" outId="3">default=Success~|~</BRANCH><BRANCH inId="3" outId="1">default=Accepted~|~</BRANCH><BRANCH inId="1" outId="1">New Connector</BRANCH><BRANCH inId="1" outId="4">default=Success~|~</BRANCH><BRANCH inId="3" outId="5">default=Rejected~|~</BRANCH></BRANCHES></WORKFLOW>]]></WFFLOW_XML><WFFLOW_MODIFIED>2006-05-16 16:24:05</WFFLOW_MODIFIED></row>
      </table>
    </row>
  </table>
  <table name="WORKFLOW_ACTION" >
    <row><WFACT_ID>-1000002</WFACT_ID><WFACT_XML><![CDATA[<ACTION ActionProcess="EmployeeBorrowValidator" Id="-1000002">
		<PROPERTIES>
		<PROPERTY Name="NAME"  Type="com.workbrain.app.workflow.properties.types.StringType"  UI="StringUI"   UIParams="">EmployeeBorrowValidator</PROPERTY>
		<PROPERTY Name="DESCRIPTION" Type="com.workbrain.app.workflow.properties.types.StringType" UI="StringUI" UIParams="">EmployeeBorrowValidator</PROPERTY>
		<PROPERTY Name="IMAGE_ICON" Type="com.workbrain.app.workflow.properties.types.StringType"   UI="WorkflowEditor_NodeImageUI"  UIParams="">process.gif</PROPERTY>
		<PROPERTY Name="STORE_ROLE_NAME" Type="com.workbrain.app.workflow.properties.types.StringType" UI="StringUI" UIParams="">MANAGER</PROPERTY>
		<PROPERTY Name="PERFORM_SCHEDULE_DETAIL_OVERRIDES"           Type="com.workbrain.app.workflow.properties.types.StringType" UI="StringUI" UIParams="">true</PROPERTY>
		</PROPERTIES>
				</ACTION>]]></WFACT_XML><WFACT_PROC_NAME>EmployeeBorrowValidator</WFACT_PROC_NAME></row>
    <row><WFACT_ID>-1000004</WFACT_ID><WFACT_XML><![CDATA[<ACTION ActionProcess="EmployeeBorrowProcess" Id="-1000004">
		<PROPERTIES>
		<PROPERTY Name="NAME"  Type="com.workbrain.app.workflow.properties.types.StringType"  UI="StringUI"   UIParams="">EmployeeBorrowProcess</PROPERTY>
		<PROPERTY Name="DESCRIPTION"           Type="com.workbrain.app.workflow.properties.types.StringType" UI="StringUI" UIParams="">EmployeeBorrowProcess</PROPERTY>
		<PROPERTY Name="IMAGE_ICON" Type="com.workbrain.app.workflow.properties.types.StringType"   UI="WorkflowEditor_NodeImageUI"  UIParams="">process.gif</PROPERTY>

		<PROPERTY Name="PERFORM_SCHEDULE_DETAIL_OVERRIDES"           Type="com.workbrain.app.workflow.properties.types.StringType" UI="StringUI" UIParams="">true</PROPERTY>
		<PROPERTY Name="PERFORM_STAFF_GROUP_ASSIGNMENT"           Type="com.workbrain.app.workflow.properties.types.StringType" UI="StringUI" UIParams="">true</PROPERTY>
		</PROPERTIES>
		     </ACTION>]]></WFACT_XML><WFACT_PROC_NAME>EmployeeBorrowProcess</WFACT_PROC_NAME></row>
  </table>
  <table name="WORKBRAIN_REGISTRY" >
    <row><WBREG_ID>15028</WBREG_ID><WBREG_PARENT_ID>73</WBREG_PARENT_ID><WBREG_NAME>EmployeeBorrowValidator</WBREG_NAME><WBREG_CLASS>java.lang.String</WBREG_CLASS><WBREG_VALUE>com.wbiag.app.modules.employeeborrow.EmployeeBorrowValidator</WBREG_VALUE></row>
    <row><WBREG_ID>15030</WBREG_ID><WBREG_PARENT_ID>73</WBREG_PARENT_ID><WBREG_NAME>EmployeeBorrowProcess</WBREG_NAME><WBREG_CLASS>java.lang.String</WBREG_CLASS><WBREG_VALUE>com.wbiag.app.modules.employeeborrow.EmployeeBorrowProcess</WBREG_VALUE></row>
  </table>

  <table name="MAINTENANCE_FORM" where="MFRM_ID = 1000009">
    <row><MFRM_ID>1000009</MFRM_ID><MFRM_NAME>Employee Borrow</MFRM_NAME><MFRM_DESC>Employee Borrow</MFRM_DESC><MFRM_ASP>maintenance.asp</MFRM_ASP><MFRM_TABLE>x</MFRM_TABLE><MFRM_KEYFIELD>x</MFRM_KEYFIELD><MFRM_ORIENTATION>H</MFRM_ORIENTATION><MFRM_MAX_ROWS>20</MFRM_MAX_ROWS><MFRM_REC_BEFORE>0</MFRM_REC_BEFORE><MFRM_REC_AFTER>0</MFRM_REC_AFTER><MFRMT_ID>11</MFRMT_ID><MFRM_AUDIT>Y</MFRM_AUDIT><MFRM_PARAMETER>[NEW]=TRUE~[EDT]=BTN~[DEL]=TRUE</MFRM_PARAMETER><MFRM_MENUPARENT_ID>226</MFRM_MENUPARENT_ID><MFRM_JSP><![CDATA[/messaging/businessObject.jsp?msg_id=null&busObjTyp_id=-1000002&folder_id=null&newOld=null]]></MFRM_JSP><MFRM_PARAMETER_JSP>[NEW]=TRUE~[EDT]=BTN~[DEL]=TRUE</MFRM_PARAMETER_JSP><MFSHEAD_ID>16</MFSHEAD_ID>
      <table name="WORKBRAIN_FIELD" fk="MFRM_ID" refers="MFRM_ID">
      </table>
      <table name="MAINTENANCE_FORM_GRP" fk="MFRM_ID" refers="MFRM_ID">
        <row><MFG_ID>-1000007</MFG_ID><MFRM_ID>1000009</MFRM_ID><WBG_ID>2</WBG_ID><WBP_ID>1</WBP_ID></row>
      </table>
      <table name="WB_LOCALZD_TBLVAL" fk="WBLTV_DATA_ID" refers="MFRM_ID">
        <row><WBLTV_ID>-1000019</WBLTV_ID><WBLT_ID>34</WBLT_ID><WBL_ID>1</WBL_ID><WBLTV_DATA_ID>1000009</WBLTV_DATA_ID><WBLTV_DATA_NAME>EMPLOYEE BORROW</WBLTV_DATA_NAME><WBLTV_DATA_DESC>Employee Borrow</WBLTV_DATA_DESC></row>
      </table>
    </row>
  </table>
</data>
