<data>
  <table name="MAINTENANCE_FORM">
    <row><MFRM_ID>1000005</MFRM_ID><MFRM_NAME>PAY RULES REGRESSION TOOL</MFRM_NAME><MFRM_DESC>REGRESSION TOOL</MFRM_DESC><MFRM_ASP>maintenance.asp</MFRM_ASP><MFRM_TABLE>x</MFRM_TABLE><MFRM_KEYFIELD>x</MFRM_KEYFIELD><MFRM_ORIENTATION>H</MFRM_ORIENTATION><MFRM_MAX_ROWS>20</MFRM_MAX_ROWS><MFRM_REC_BEFORE>0</MFRM_REC_BEFORE><MFRM_REC_AFTER>0</MFRM_REC_AFTER><MFRMT_ID>11</MFRMT_ID><MFRM_PARENT_MFRM_ID>0</MFRM_PARENT_MFRM_ID><MFRM_AUDIT>Y</MFRM_AUDIT><MFRM_PARAMETER>[NEW]=TRUE~[EDT]=BTN~[DEL]=TRUE</MFRM_PARAMETER><MFRM_DISPLAY_SORT>12</MFRM_DISPLAY_SORT><MFRM_MENUPARENT_ID>278</MFRM_MENUPARENT_ID><MFRM_JSP>/regressiontest/regressiontest.jsp</MFRM_JSP><MFRM_PARAMETER_JSP>[NEW]=TRUE~[EDT]=BTN~[DEL]=TRUE</MFRM_PARAMETER_JSP><MFSHEAD_ID>10003</MFSHEAD_ID>
      <table name="WORKBRAIN_FIELD" fk="MFRM_ID" refers="MFRM_ID">
      </table>
      <table name="MAINTENANCE_FORM_GRP" fk="MFRM_ID" refers="MFRM_ID">
        <row><MFG_ID>11427</MFG_ID><MFRM_ID>1000005</MFRM_ID><WBG_ID>2</WBG_ID><CLIENT_ID>1</CLIENT_ID><WBP_ID>1</WBP_ID></row>
      </table>
      <table name="WB_LOCALZD_TBLVAL" fk="WBLTV_DATA_ID" refers="MFRM_ID">
        <row><WBLTV_ID>12107</WBLTV_ID><WBLT_ID>34</WBLT_ID><WBL_ID>2</WBL_ID><WBLTV_DATA_ID>1000005</WBLTV_DATA_ID><WBLTV_DATA_NAME>PAY RULES REGRESSION TOOL</WBLTV_DATA_NAME><WBLTV_DATA_DESC>REGRESSION TOOL</WBLTV_DATA_DESC><CLIENT_ID>1</CLIENT_ID></row>
        <row><WBLTV_ID>12108</WBLTV_ID><WBLT_ID>34</WBLT_ID><WBL_ID>3</WBL_ID><WBLTV_DATA_ID>1000005</WBLTV_DATA_ID><WBLTV_DATA_NAME>PAY RULES REGRESSION TOOL</WBLTV_DATA_NAME><WBLTV_DATA_DESC>REGRESSION TOOL</WBLTV_DATA_DESC><CLIENT_ID>1</CLIENT_ID></row>
        <row><WBLTV_ID>12106</WBLTV_ID><WBLT_ID>34</WBLT_ID><WBL_ID>1</WBL_ID><WBLTV_DATA_ID>1000005</WBLTV_DATA_ID><WBLTV_DATA_NAME>PAY RULES REGRESSION TOOL</WBLTV_DATA_NAME><WBLTV_DATA_DESC>REGRESSION TOOL</WBLTV_DATA_DESC><CLIENT_ID>1</CLIENT_ID></row>
      </table>
    </row>
  </table>
</data>
