<data>
  <table name="WORKBRAIN_REGISTRY" where="WBREG_ID >= 20000">
   <row><WBREG_ID>15033</WBREG_ID><WBREG_PARENT_ID>15001</WBREG_PARENT_ID><WBREG_NAME>singlesignon</WBREG_NAME></row>
    <row><WBREG_ID>15034</WBREG_ID><WBREG_PARENT_ID>15033</WBREG_PARENT_ID><WBREG_NAME>PARAM_NAME_USER_NAME</WBREG_NAME><WBREG_CLASS>java.lang.String</WBREG_CLASS><WBREG_VALUE></WBREG_VALUE></row>
    <row><WBREG_ID>15035</WBREG_ID><WBREG_PARENT_ID>15033</WBREG_PARENT_ID><WBREG_NAME>PARAM_NAME_ACTUAL_USER_NAME</WBREG_NAME><WBREG_CLASS>java.lang.String</WBREG_CLASS><WBREG_VALUE></WBREG_VALUE></row>
    <row><WBREG_ID>15036</WBREG_ID><WBREG_PARENT_ID>15033</WBREG_PARENT_ID><WBREG_NAME>PARAM_NAME_ACTUAL_USER_FLAG</WBREG_NAME><WBREG_CLASS>java.lang.String</WBREG_CLASS><WBREG_VALUE></WBREG_VALUE></row>
    <row><WBREG_ID>15037</WBREG_ID><WBREG_PARENT_ID>15033</WBREG_PARENT_ID><WBREG_NAME>PARAM_NAME_CLIENT_ID</WBREG_NAME><WBREG_CLASS>java.lang.String</WBREG_CLASS><WBREG_VALUE></WBREG_VALUE></row>
  </table>
</data>
