<data>
  <table name="MAINTENANCE_FORM" >

    <row><MFRM_ID>1000011</MFRM_ID><MFRM_NAME>OVERRIDE AUDIT REPORT FOLDER</MFRM_NAME><MFRM_DESC>OVERRIDE AUDIT REPORT FOLDER</MFRM_DESC><MFRM_ASP>maintenance.asp</MFRM_ASP><MFRM_TABLE>x</MFRM_TABLE><MFRM_KEYFIELD>x</MFRM_KEYFIELD><MFRM_ORIENTATION>H</MFRM_ORIENTATION><MFRM_MAX_ROWS>20</MFRM_MAX_ROWS><MFRM_REC_BEFORE>0</MFRM_REC_BEFORE><MFRM_REC_AFTER>0</MFRM_REC_AFTER><MFRMT_ID>8</MFRMT_ID><MFRM_AUDIT>Y</MFRM_AUDIT><MFRM_PARAMETER>[NEW]=TRUE~[EDT]=BTN~[DEL]=TRUE</MFRM_PARAMETER><MFRM_MENUPARENT_ID>216</MFRM_MENUPARENT_ID><MFRM_JSP>/reportQuery/reportOverrideAudit.jsp</MFRM_JSP><MFRM_PARAMETER_JSP>[NEW]=TRUE~[EDT]=BTN~[DEL]=TRUE</MFRM_PARAMETER_JSP>
      <table name="WORKBRAIN_FIELD" fk="MFRM_ID" refers="MFRM_ID">
      </table>
      <table name="MAINTENANCE_FORM_GRP" fk="MFRM_ID" refers="MFRM_ID">
        <row><MFG_ID>-1000017</MFG_ID><MFRM_ID>1000011</MFRM_ID><WBG_ID>2</WBG_ID><WBP_ID>1</WBP_ID></row>
      </table>
      <table name="WB_LOCALZD_TBLVAL" fk="WBLTV_DATA_ID" refers="MFRM_ID">
        <row><WBLTV_ID>-1000021</WBLTV_ID><WBLT_ID>34</WBLT_ID><WBL_ID>1</WBL_ID><WBLTV_DATA_ID>1000011</WBLTV_DATA_ID><WBLTV_DATA_NAME>OVERRIDE AUDIT REPORT FOLDER</WBLTV_DATA_NAME><WBLTV_DATA_DESC>OVERRIDE AUDIT REPORT FOLDER</WBLTV_DATA_DESC></row>
      </table>
    </row>
    <row><MFRM_ID>1000010</MFRM_ID><MFRM_NAME>OVERRIDE AUDIT REPORT</MFRM_NAME><MFRM_DESC>OVERRIDE AUDIT REPORT</MFRM_DESC><MFRM_ASP>maintenance.asp</MFRM_ASP><MFRM_TABLE>x</MFRM_TABLE><MFRM_KEYFIELD>x</MFRM_KEYFIELD><MFRM_ORIENTATION>H</MFRM_ORIENTATION><MFRM_MAX_ROWS>20</MFRM_MAX_ROWS><MFRM_REC_BEFORE>0</MFRM_REC_BEFORE><MFRM_REC_AFTER>0</MFRM_REC_AFTER><MFRMT_ID>10</MFRMT_ID><MFRM_AUDIT>Y</MFRM_AUDIT><MFRM_PARAMETER>[NEW]=TRUE~[EDT]=BTN~[DEL]=TRUE</MFRM_PARAMETER><MFRM_MENUPARENT_ID>1000011</MFRM_MENUPARENT_ID><MFRM_JSP>/reportQuery/reportOverrideAudit.jsp</MFRM_JSP><MFRM_PARAMETER_JSP>[NEW]=TRUE~[EDT]=BTN~[DEL]=TRUE</MFRM_PARAMETER_JSP><MFSHEAD_ID>27</MFSHEAD_ID>
      <table name="WORKBRAIN_FIELD" fk="MFRM_ID" refers="MFRM_ID">
        <row><WBF_ID>-1000024</WBF_ID><WBF_NAME>REPT_OVERRIDEAUDIT_EMP</WBF_NAME><WBDT_ID>0</WBDT_ID><SELECT_ID>0</SELECT_ID><MFRM_ID>1000010</MFRM_ID><WBF_AUDIT>N</WBF_AUDIT><WBF_UI>DBLookupUI</WBF_UI><WBF_UI_PARAM><![CDATA[all='true' labelFieldStatus='edit' sourceType=REGISTERED source='SEC_EMPLOYEE_LOOKUP' sourceParams='orderBy==FULL_NAME, EMP_NAME'
multiChoice=true title='LOOKUP_EMPLOYEE']]></WBF_UI_PARAM><WBF_REQUIRED>D</WBF_REQUIRED></row>
        <row><WBF_ID>-1000025</WBF_ID><WBF_NAME>REPT_OVERRIDEAUDIT_START_DATE</WBF_NAME><WBDT_ID>0</WBDT_ID><SELECT_ID>0</SELECT_ID><MFRM_ID>1000010</MFRM_ID><WBF_AUDIT>N</WBF_AUDIT><WBF_UI>DatePickerUI</WBF_UI><WBF_UI_PARAM>format=SHORT_DATE</WBF_UI_PARAM><WBF_REQUIRED>D</WBF_REQUIRED></row>
        <row><WBF_ID>-1000026</WBF_ID><WBF_NAME>REPT_OVERRIDEAUDIT_END_DATE</WBF_NAME><WBDT_ID>0</WBDT_ID><SELECT_ID>0</SELECT_ID><MFRM_ID>1000010</MFRM_ID><WBF_AUDIT>N</WBF_AUDIT><WBF_UI>DatePickerUI</WBF_UI><WBF_UI_PARAM>format=SHORT_DATE</WBF_UI_PARAM><WBF_REQUIRED>D</WBF_REQUIRED></row>
        <row><WBF_ID>-1000027</WBF_ID><WBF_NAME>REPT_OVERRIDEAUDIT_TEAM</WBF_NAME><WBDT_ID>0</WBDT_ID><SELECT_ID>0</SELECT_ID><MFRM_ID>1000010</MFRM_ID><WBF_AUDIT>N</WBF_AUDIT><WBF_UI>DBLookupUI</WBF_UI><WBF_UI_PARAM>multiChoice=true sourceType=REGISTERED source='SEC_WORKBRAIN_TEAM' sourceParams='ignoreCols==WBROLE_ID, WBUT_START_DATE, WBUT_END_DATE' sourceDisplayFields='WBT_LOC_NAME' all=true labelFieldStatus=edit title='LOOKUP_TEAM'</WBF_UI_PARAM><WBF_REQUIRED>D</WBF_REQUIRED></row>
      </table>
      <table name="MAINTENANCE_FORM_GRP" fk="MFRM_ID" refers="MFRM_ID">
        <row><MFG_ID>-1000018</MFG_ID><MFRM_ID>1000010</MFRM_ID><WBG_ID>2</WBG_ID><WBP_ID>1</WBP_ID></row>
      </table>
      <table name="WB_LOCALZD_TBLVAL" fk="WBLTV_DATA_ID" refers="MFRM_ID">
        <row><WBLTV_ID>-1000020</WBLTV_ID><WBLT_ID>34</WBLT_ID><WBL_ID>1</WBL_ID><WBLTV_DATA_ID>1000010</WBLTV_DATA_ID><WBLTV_DATA_NAME>OVERRIDE AUDIT REPORT</WBLTV_DATA_NAME><WBLTV_DATA_DESC>OVERRIDE AUDIT REPORT</WBLTV_DATA_DESC></row>
      </table>
    </row>
  </table>
</data>
