<data>
  <table name="WORKFLOW_ACTION" >
	<row>
	<WFACT_ID>-1000008</WFACT_ID>
	<WFACT_PROC_NAME>RouteHierarchicalRoleAction</WFACT_PROC_NAME>
	<WFACT_XML>
		<![CDATA[<ACTION ActionProcess="RouteHierarchicalRoleAction" Person="true" Id="-1000008"> 			  	
               		<PROPERTIES> 	<PROPERTY 	Name="NAME"     Type="com.workbrain.app.workflow.properties.types.StringType"   UI="StringUI"  UIParams="">Route To Hierarchical Role</PROPERTY> 					
                        	<PROPERTY 	Name="ROLE" 	Type="com.workbrain.app.workflow.properties.types.StringType" 	UI="ListUI" UIParams="{'BuilderParams'='{''sourceQuery''=''SELECT NAME, NAME FROM VIEW_WE_ROLE''}' 'Builder'='QUERY' }">NULL</PROPERTY>
                        	<PROPERTY 	Name="ROLE_PROPERTY_DISPLAY_NAME" Type="com.workbrain.app.workflow.properties.types.StringType" UI="StringUI" UIParams=""></PROPERTY> 					
                        	<PROPERTY 	Name="OBJECT_FIELD"    Type="com.workbrain.app.workflow.properties.types.StringType"   UI="StringUI"   UIParams="">FALSE</PROPERTY> 					
				<PROPERTY 	Name="DESCRIPTION" 	Type="com.workbrain.app.workflow.properties.types.StringType" 	UI="StringUI" 	UIParams=""></PROPERTY>
 				<PROPERTY 	Name="IMAGE_ICON"      Type="com.workbrain.app.workflow.properties.types.StringType" 	UI="WorkflowEditor_NodeImageUI"    UIParams="">role.gif</PROPERTY> 				
              		</PROPERTIES> 			</ACTION>]]>
          </WFACT_XML>
        </row>
  </table>
</data>