<data>
  <table name="WB_ALERT">
    <row><WBAL_ID>10021</WBAL_ID><WBAL_NAME>NEW UPDATED EMPLOYEES ALERT</WBAL_NAME><WBAL_DESC>New Updated Employees Alert</WBAL_DESC><WBAL_RC_WBU_NAMES>WORKBRAIN</WBAL_RC_WBU_NAMES><WBAL_RC_SELF>N</WBAL_RC_SELF><WBAL_RC_CHK_SKD>N</WBAL_RC_CHK_SKD><WBAL_SRC_TYPE>ROWSOURCE</WBAL_SRC_TYPE><WBAL_SRC_CLASS>com.wbiag.app.wbalert.source.EmployeeNewUpdatedAlertSourceBuilder</WBAL_SRC_CLASS><WBAL_MSG_SUBJECT>New Updated Employees Alert</WBAL_MSG_SUBJECT><WBAL_MSG_SNDIFBLNK>N</WBAL_MSG_SNDIFBLNK><WBAL_MSG_CONT_TYPE>TEXT</WBAL_MSG_CONT_TYPE><CLIENT_ID>1</CLIENT_ID></row>
  </table>
</data>
