<data>
  <table name="BUSINESS_OBJECT_TYPE" where="BUSOBJTYP_ID=-1000001">
    <row><BUSOBJTYP_ID>-1000001</BUSOBJTYP_ID><BUSOBJTYP_NAME>TEAM TRANSFER REQUEST COMMON</BUSOBJTYP_NAME><MSGTYP_ID>5</MSGTYP_ID><HSTPRM_ID>4</HSTPRM_ID><BUSOBJTYP_CNCL_PRM>N</BUSOBJTYP_CNCL_PRM><BUSOBJTYP_FB_VERSION>2</BUSOBJTYP_FB_VERSION><BUSOBJTYP_TYPE>1</BUSOBJTYP_TYPE><BUSOBJTYP_BATCH_APPROVABLE>N</BUSOBJTYP_BATCH_APPROVABLE>
      <table name="BUSOBJTYP_VERSION" where="BOTVR_ID=-1000001" fk="BUSOBJTYP_ID" refers="BUSOBJTYP_ID">
        <row><BOTVR_ID>-1000001</BOTVR_ID><BUSOBJTYP_ID>-1000001</BUSOBJTYP_ID><BOTVR_XML><![CDATA[<BOFORM Id="-1000001" Name="TEAM TRANSFER REQUEST COMMON" Description="" Canceable="false" BatchApprovable="false" ViewHistoryPermission="4" FormType="1"><boForm><calculateFormula>function calculateFormulas() {&#xA;&#xA;}&#xA;</calculateFormula><onValidate>return validateForm();</onValidate><onLoad>appendToEvent(getElement(&#x22;dblEmpToTransfer&#x22;), 'onchange', 'getElement(&#x22;btnReload&#x22;).onclick();');&#xA;appendToEvent(getElement(&#x22;dblTransferToTeam&#x22;), 'onchange', 'getElement(&#x22;btnReload&#x22;).onclick();');&#xA;appendToEvent(getElement(&#x22;dblAssignRole&#x22;), 'onchange', 'getElement(&#x22;btnReload&#x22;).onclick();');&#xA;appendToEvent(getElement(&#x22;dpRoleEffDate&#x22;), 'onchange', 'getElement(&#x22;btnReload&#x22;).onclick();');&#xA;&#xA;if (wbForm.getNode() == 'SENDER') {&#xA;  setUserLookup('wbuSender', 'hidSender');&#xA;  if (#isDefined('request.dblEmpToTransfer') &#x26;&#x26; request.dblEmpToTransfer != '' ? 'true' : 'false'#) {&#xA;    setUserLookup('wbuEmpToTransfer', 'hidEmpToTransfer');&#xA;  }&#xA;  if (#isDefined('request.dblTransferToTeam') &#x26;&#x26; request.dblTransferToTeam != ''? 'true' : 'false'#) {&#xA;    setUserLookup('wbuTeamManagerName', 'hidTeamManagerName');&#xA;    setUserLookup('wbuTeamManagerId', 'hidTeamManagerId');&#xA;  }&#xA;} else {&#xA;  getElement('hidIsCurMgrsTeam').value = 'true';&#xA;}&#xA;&#xA;if (blTeamNotSelected) {&#xA;    hideLabel('lblAssignRole');&#xA;    hideDBLookup('dblAssignRole');&#xA;    hideLabel('lblStaffGroup');&#xA;    hideDBLookup('dblStaffGroup');&#xA;} &#xA;&#xA;if (blRoleNotAssigned) {&#xA;    hideLabel('lblAssignRoleToTeam');&#xA;    hideDBLookup('dblAssignRoleToTeam');&#xA;    hideLabel('lblRoleEffDate');&#xA;    hideDate('dpRoleEffDate');&#xA;}&#xA;&#xA;if (!blIsLFSOEnabled) {&#xA;    hideLabel('lblStaffGroup');&#xA;    hideDBLookup('dblStaffGroup');&#xA;}</onLoad><commonScript>&#xA;var blTeamNotSelected = getElement(&#x22;hidIsCurMgrsTeam&#x22;).value != 'true' &#x26;&#x26; wbForm.getNode() == 'SENDER';&#xA;var blRoleNotAssigned = blTeamNotSelected || getElement(&#x22;dblAssignRole&#x22;).value == '';&#xA;var blIsLFSOEnabled = 'true' == getElement('hidIsLFSOEnabled').value;&#xA;&#xA;function setUserLookup(ctrlName, elName) {&#xA;  setDBLookup(ctrlName, getElement(elName).value, getElement(elName).value);&#xA;  getElement(ctrlName + '_label').wbValid = true;&#xA;}&#xA;&#xA;function hideDBLookup(elName) {&#xA;    getElement(elName + '_label').style.visibility = 'hidden';&#xA;    getElement(elName + '_button').style.visibility = 'hidden';&#xA;}&#xA;&#xA;function hideLabel(elName) {&#xA;    getElement(elName).parentElement.style.visibility = 'hidden';&#xA;}&#xA;&#xA;function hideDate(elName) {&#xA;    if (eval(&#x22;getElement(elName + '_dummy')&#x22;) &#x26;&#x26; eval(&#x22;getElement(elName + '_button')&#x22;) ) {&#xA;      getElement(elName + '_dummy').style.visibility = 'hidden';&#xA;      getElement(elName + '_button').style.visibility = 'hidden';&#xA;  }&#xA;}&#xA;&#xA;&#xA;&#xA;function validateForm() {&#xA;var errMsg = '';&#xA;&#xA;if (getElement('dblEmpToTransfer').value == '') {&#xA;  errMsg += 'Please enter a value for &#x22;#lblEmpToTransfer.value#&#x22;\n';&#xA;}&#xA;&#xA;if (getElement('dblTransferToTeam').value == '') {&#xA;  errMsg += 'Please enter a value for &#x22;#lblTransferToTeam.value#&#x22;\n';&#xA;}&#xA;&#xA;if (getElement('txtTeamManagerld').value == '') {&#xA;  errMsg += 'Please contact a system administrator, there is no manager for the team you have selected.\n';&#xA;}&#xA;&#xA;if (getElement('dpTeamEffDate').value == '') {&#xA;  errMsg += 'Please enter a value for &#x22;#lblTeamEffDate.value#&#x22;\n';&#xA;}&#xA;&#xA;if (!blTeamNotSelected) {&#xA;  if (!blRoleNotAssigned) {&#xA;    alert('Role');&#xA;    if (getElement('dblAssignRoleToTeam').value == '') {&#xA;      errMsg += 'Please select a value or values for &#x22; #lblAssignRoleToTeam.value# &#x22;.\n';&#xA;    }&#xA;    alert('RoleEffDate');&#xA;    if (getElement('dpRoleEffDate').value == '') {&#xA;      errMsg += 'Please enter an value for &#x22;#lblRoleEffDate.value#&#x22;\n';&#xA;    } else if (getElement('dpRoleEffDate') &#x3C; getElement('dpDestEffDate')) {&#xA;      errMsg += 'Please enter a value for &#x22;#lblRoleEffDate.value#&#x22; that occurs on or after the value for&#x22;#lblTeamEffDate.value#&#x22;\n';&#xA;    }&#xA;  }&#xA;  if (blIsLFSOEnabled) {&#xA;     alert('StaffGroup');&#xA;     if (getElement('dblStaffGroup').value == '') {&#xA;       errMsg += 'Please enter a value for &#x22;#lblStaffGroup.value#&#x22;\n';&#xA;     }&#xA;  }&#xA;}&#xA;&#xA;alert(getElement('hidIsCurMgrsTeam').value);&#xA;&#xA;if (errMsg != '') {&#xA;  alert(errMsg);&#xA;  btnSubmit = getElement('btnSubmit');&#xA;  if (btnSubmit.disabled) {btnSubmit.disabled = false; btnSubmit.value='#btnSubmit.value#';}&#xA;  return false;&#xA;}&#xA;&#xA;return true;&#xA;&#xA;}&#xA;</commonScript><actions>Cancel,</actions><keyFields/><renderers/><mobile>false</mobile><netscape47>false</netscape47><numberOfPages>1</numberOfPages><div_style><background-color>#ffffff</background-color><width>605</width><height>431</height></div_style><boField><displayType>LABEL</displayType><value>default=Employee to Transfer: ~|~</value><datasource/><datafield/><default/><canViewNodes>All,Sender,Dest Mgr</canViewNodes><wireless_order>0</wireless_order><page>0</page><columnOrder>-1</columnOrder><preserveValue>true</preserveValue><containsHTML>true</containsHTML><mask>#,##0.00</mask><displayZeroValue>true</displayZeroValue><batchApprovable>false</batchApprovable><div_style><background-color/><color>#000000</color><colorWhenPositive>#000000</colorWhenPositive><colorWhenNegative>#000000</colorWhenNegative><font-size>12</font-size><font-weight>normal</font-weight><font-style>normal</font-style><left>50</left><top>75</top><width>145</width><height>18</height><text-align>Right</text-align></div_style><ctl_attribute><name>lblEmpToTransfer</name><title>default=~|~</title></ctl_attribute></boField><boField><displayType>LABEL</displayType><value>default=Transfer to Team: ~|~</value><datasource/><datafield/><default/><canViewNodes>All,Sender,Dest Mgr</canViewNodes><wireless_order>0</wireless_order><page>0</page><columnOrder>-1</columnOrder><preserveValue>true</preserveValue><containsHTML>true</containsHTML><mask>#,##0.00</mask><displayZeroValue>true</displayZeroValue><batchApprovable>false</batchApprovable><div_style><background-color/><color>#000000</color><colorWhenPositive>#000000</colorWhenPositive><colorWhenNegative>#000000</colorWhenNegative><font-size>12</font-size><font-weight>normal</font-weight><font-style>normal</font-style><left>50</left><top>100</top><width>145</width><height>18</height><text-align>Right</text-align></div_style><ctl_attribute><name>lblTransferToTeam</name><title>default=~|~</title></ctl_attribute></boField><boField><displayType>LABEL</displayType><value>default=Team Manager: ~|~</value><datasource/><datafield/><default/><canViewNodes>All,Sender,Dest Mgr</canViewNodes><wireless_order>0</wireless_order><page>0</page><columnOrder>-1</columnOrder><preserveValue>false</preserveValue><containsHTML>true</containsHTML><mask>#,##0.00</mask><displayZeroValue>true</displayZeroValue><batchApprovable>false</batchApprovable><div_style><background-color/><color>#000000</color><colorWhenPositive>#000000</colorWhenPositive><colorWhenNegative>#000000</colorWhenNegative><font-size>12</font-size><font-weight>normal</font-weight><font-style>normal</font-style><left>50</left><top>125</top><width>145</width><height>18</height><text-align>Right</text-align></div_style><ctl_attribute><name>lblTeamManager</name><title>default=~|~</title></ctl_attribute></boField><boField><displayType>LABEL</displayType><value>default=Team Effective Date: ~|~</value><datasource/><datafield/><default/><canViewNodes>All,Sender,Dest Mgr</canViewNodes><wireless_order>0</wireless_order><page>0</page><columnOrder>-1</columnOrder><preserveValue>true</preserveValue><containsHTML>true</containsHTML><mask>#,##0.00</mask><displayZeroValue>true</displayZeroValue><batchApprovable>false</batchApprovable><div_style><background-color/><color>#000000</color><colorWhenPositive>#000000</colorWhenPositive><colorWhenNegative>#000000</colorWhenNegative><font-size>12</font-size><font-weight>normal</font-weight><font-style>normal</font-style><left>50</left><top>150</top><width>145</width><height>18</height><text-align>Right</text-align></div_style><ctl_attribute><name>lblTeamEffDate</name><title>default=~|~</title></ctl_attribute></boField><boField><displayType>LABEL</displayType><value>default=Team Transfer Request~|~</value><datasource/><datafield/><default/><canViewNodes>All,Sender,Dest Mgr</canViewNodes><wireless_order>0</wireless_order><page>0</page><columnOrder>-1</columnOrder><preserveValue>false</preserveValue><containsHTML>true</containsHTML><mask>#,##0.00</mask><displayZeroValue>true</displayZeroValue><batchApprovable>false</batchApprovable><div_style><background-color/><color>#000000</color><colorWhenPositive>#000000</colorWhenPositive><colorWhenNegative>#000000</colorWhenNegative><font-size>24</font-size><font-weight>bold</font-weight><font-style>normal</font-style><left>84</left><top>16</top><width>280</width><height>34</height><text-align>Left</text-align></div_style><ctl_attribute><name>lblTitle</name><title>default=~|~</title></ctl_attribute></boField><boField><displayType>LABEL</displayType><value>default=Assign Role: ~|~</value><datasource/><datafield/><default/><canViewNodes>All,Sender,Dest Mgr</canViewNodes><wireless_order>0</wireless_order><page>0</page><columnOrder>-1</columnOrder><preserveValue>true</preserveValue><containsHTML>true</containsHTML><mask>#,##0.00</mask><displayZeroValue>true</displayZeroValue><batchApprovable>false</batchApprovable><div_style><background-color/><color>#000000</color><colorWhenPositive>#000000</colorWhenPositive><colorWhenNegative>#000000</colorWhenNegative><font-size>12</font-size><font-weight>normal</font-weight><font-style>normal</font-style><left>50</left><top>200</top><width>145</width><height>18</height><text-align>Right</text-align></div_style><ctl_attribute><name>lblAssignRole</name><title>default=~|~</title></ctl_attribute></boField><boField><displayType>LABEL</displayType><value>default=Staff Group: ~|~</value><datasource/><datafield/><default/><canViewNodes>All,Sender,Dest Mgr</canViewNodes><wireless_order>0</wireless_order><page>0</page><columnOrder>-1</columnOrder><preserveValue>true</preserveValue><containsHTML>true</containsHTML><mask>#,##0.00</mask><displayZeroValue>true</displayZeroValue><batchApprovable>false</batchApprovable><div_style><background-color/><color>#000000</color><colorWhenPositive>#000000</colorWhenPositive><colorWhenNegative>#000000</colorWhenNegative><font-size>12</font-size><font-weight>normal</font-weight><font-style>normal</font-style><left>50</left><top>225</top><width>145</width><height>18</height><text-align>Right</text-align></div_style><ctl_attribute><name>lblStaffGroup</name><title>default=~|~</title></ctl_attribute></boField><boField><displayType>LABEL</displayType><value>default=Assign Role to Team(s): ~|~</value><datasource/><datafield/><default/><canViewNodes>All,Sender,Dest Mgr</canViewNodes><wireless_order>0</wireless_order><page>0</page><columnOrder>-1</columnOrder><preserveValue>true</preserveValue><containsHTML>true</containsHTML><mask>#,##0.00</mask><displayZeroValue>true</displayZeroValue><batchApprovable>false</batchApprovable><div_style><background-color/><color>#000000</color><colorWhenPositive>#000000</colorWhenPositive><colorWhenNegative>#000000</colorWhenNegative><font-size>12</font-size><font-weight>normal</font-weight><font-style>normal</font-style><left>50</left><top>300</top><width>145</width><height>18</height><text-align>Right</text-align></div_style><ctl_attribute><name>lblAssignRoleToTeam</name><title>default=~|~</title></ctl_attribute></boField><boField><displayType>LABEL</displayType><value>default=Role Effective Date: ~|~</value><datasource/><datafield/><default/><canViewNodes>All,Sender,Dest Mgr</canViewNodes><wireless_order>0</wireless_order><page>0</page><columnOrder>-1</columnOrder><preserveValue>true</preserveValue><containsHTML>true</containsHTML><mask>#,##0.00</mask><displayZeroValue>true</displayZeroValue><batchApprovable>false</batchApprovable><div_style><background-color/><color>#000000</color><colorWhenPositive>#000000</colorWhenPositive><colorWhenNegative>#000000</colorWhenNegative><font-size>12</font-size><font-weight>normal</font-weight><font-style>normal</font-style><left>50</left><top>275</top><width>145</width><height>18</height><text-align>Right</text-align></div_style><ctl_attribute><name>lblRoleEffDate</name><title>default=~|~</title></ctl_attribute></boField><boField><displayType>TEXTBOX</displayType><dataType>String</dataType><datasource>dsTeamManager</datasource><datafield>EMP_FULLNAME</datafield><canEditNodes/><label>lblTeamManager</label><canViewNodes>All,Sender,Dest Mgr</canViewNodes><isPartOfCalcFormula>false</isPartOfCalcFormula><onFocus/><onValidate/><default/><wireless_label>default=~|~</wireless_label><wireless_order>0</wireless_order><page>0</page><batchApprovable>false</batchApprovable><div_style><left>200</left><top>125</top></div_style><ctl_style><width>200</width><height>20</height><background-color>#ffffff</background-color><color>#000000</color><font-size>12</font-size><font-weight>normal</font-weight><font-style>normal</font-style><text-align>Left</text-align></ctl_style><ctl_attribute><name>txtTeamManagerld</name><maxlength>100</maxlength><value>default=~|~</value><id>false</id><title>default=~|~</title></ctl_attribute></boField><boField><displayType>DBLOOKUP</displayType><name>dblEmpToTransfer</name><datasource/><datafield/><label>lblEmpToTransfer</label><lookupdatasource>dsEmpToTransfer</lookupdatasource><lookupidfield>EMP_ID</lookupidfield><lookupdisplayfield>EMP_NAME</lookupdisplayfield><lookuppopupfields>EMP_NAME,EMP_FULLNAME</lookuppopupfields><resolvedatasource>dsResEmp</resolvedatasource><selectId/><valueId/><dataType>String</dataType><multiselect>false</multiselect><canEditNodes>Sender</canEditNodes><canViewNodes>All,Sender,Dest Mgr</canViewNodes><onFocus/><onValidate/><wireless_label>default=~|~</wireless_label><wireless_order>0</wireless_order><page>0</page><populateAtSender>false</populateAtSender><batchApprovable>false</batchApprovable><userTypeable>false</userTypeable><addAllButton>false</addAllButton><div_style><left>200</left><top>75</top></div_style><ctl_style><width>183</width><height>20</height><background-color>#ffffff</background-color><color>#000000</color><font-size>12</font-size><font-weight>normal</font-weight><font-style>normal</font-style></ctl_style><ctl_attribute><id>false</id><value/><title>default=~|~</title></ctl_attribute><img_attribute><width>17</width><height>20</height></img_attribute></boField><boField><displayType>DBLOOKUP</displayType><name>dblTransferToTeam</name><datasource/><datafield/><label>lblTransferToTeam</label><lookupdatasource>dsTransferToTeam</lookupdatasource><lookupidfield>WBT_ID</lookupidfield><lookupdisplayfield>WBT_NAME</lookupdisplayfield><lookuppopupfields>WBT_NAME,WBT_DESC</lookuppopupfields><resolvedatasource/><selectId/><valueId/><dataType>String</dataType><multiselect>false</multiselect><canEditNodes>Sender</canEditNodes><canViewNodes>All,Sender,Dest Mgr</canViewNodes><onFocus/><onValidate/><wireless_label>default=~|~</wireless_label><wireless_order>0</wireless_order><page>0</page><populateAtSender>false</populateAtSender><batchApprovable>false</batchApprovable><userTypeable>false</userTypeable><addAllButton>false</addAllButton><div_style><left>200</left><top>100</top></div_style><ctl_style><width>183</width><height>20</height><background-color>#ffffff</background-color><color>#000000</color><font-size>12</font-size><font-weight>normal</font-weight><font-style>normal</font-style></ctl_style><ctl_attribute><id>false</id><value/><title>default=~|~</title></ctl_attribute><img_attribute><width>17</width><height>20</height></img_attribute></boField><boField><displayType>DATEPICKER</displayType><canEditNodes>Sender</canEditNodes><canViewNodes>All,Sender,Dest Mgr</canViewNodes><datasource/><datafield/><dataType>Date</dataType><default/><label>lblTeamEffDate</label><mask>MM/dd/yyyy</mask><onFocus/><onValidate/><wireless_label>default=~|~</wireless_label><wireless_order>0</wireless_order><page>0</page><batchApprovable>false</batchApprovable><div_style><left>200</left><top>148</top></div_style><ctl_style><width>75</width><height>20</height><background-color>#ffffff</background-color><color>#000000</color><font-size>12</font-size><font-weight>normal</font-weight><font-style>normal</font-style></ctl_style><ctl_attribute><name>dpTeamEffDate</name><id>false</id><value/><title>default=~|~</title></ctl_attribute><img_attribute><width>25</width><height>20</height></img_attribute></boField><boField><displayType>DBLOOKUP</displayType><name>dblAssignRole</name><datasource/><datafield/><label>lblAssignRole</label><lookupdatasource>dsAssignRole</lookupdatasource><lookupidfield>WBROLE_ID</lookupidfield><lookupdisplayfield>WBROLE_NAME</lookupdisplayfield><lookuppopupfields>WBROLE_NAME,WBROLE_DESC</lookuppopupfields><resolvedatasource/><selectId/><valueId/><dataType>String</dataType><multiselect>false</multiselect><canEditNodes>All,Sender,Extrn Mgr</canEditNodes><canViewNodes>All,Sender,Dest Mgr</canViewNodes><onFocus/><onValidate/><wireless_label>default=~|~</wireless_label><wireless_order>0</wireless_order><page>0</page><populateAtSender>false</populateAtSender><batchApprovable>false</batchApprovable><userTypeable>false</userTypeable><addAllButton>false</addAllButton><div_style><left>200</left><top>200</top></div_style><ctl_style><width>183</width><height>20</height><background-color>#ffffff</background-color><color>#000000</color><font-size>12</font-size><font-weight>normal</font-weight><font-style>normal</font-style></ctl_style><ctl_attribute><id>false</id><value/><title>default=~|~</title></ctl_attribute><img_attribute><width>17</width><height>20</height></img_attribute></boField><boField><displayType>DBLOOKUP</displayType><name>dblStaffGroup</name><datasource/><datafield/><label>lblStaffGroup</label><lookupdatasource>dsStaffGroup</lookupdatasource><lookupidfield>EMPGRP_ID</lookupidfield><lookupdisplayfield>EMPGRP_NAME</lookupdisplayfield><lookuppopupfields>EMPGRP_NAME,EMPGRP_DESC</lookuppopupfields><resolvedatasource/><selectId/><valueId/><dataType>String</dataType><multiselect>false</multiselect><canEditNodes>All,Sender,Extrn Mgr</canEditNodes><canViewNodes>All,Sender,Dest Mgr</canViewNodes><onFocus/><onValidate/><wireless_label>default=~|~</wireless_label><wireless_order>0</wireless_order><page>0</page><populateAtSender>false</populateAtSender><batchApprovable>false</batchApprovable><userTypeable>false</userTypeable><addAllButton>false</addAllButton><div_style><left>200</left><top>225</top></div_style><ctl_style><width>183</width><height>20</height><background-color>#ffffff</background-color><color>#000000</color><font-size>12</font-size><font-weight>normal</font-weight><font-style>normal</font-style></ctl_style><ctl_attribute><id>false</id><value/><title>default=~|~</title></ctl_attribute><img_attribute><width>17</width><height>20</height></img_attribute></boField><boField><displayType>DATEPICKER</displayType><canEditNodes>All,Sender,Extrn Mgr</canEditNodes><canViewNodes>All,Sender,Dest Mgr</canViewNodes><datasource/><datafield/><dataType>Date</dataType><default/><label>lblRoleEffDate</label><mask>MM/dd/yyyy</mask><onFocus/><onValidate/><wireless_label>default=~|~</wireless_label><wireless_order>0</wireless_order><page>0</page><batchApprovable>false</batchApprovable><div_style><left>200</left><top>273</top></div_style><ctl_style><width>75</width><height>20</height><background-color>#ffffff</background-color><color>#000000</color><font-size>12</font-size><font-weight>normal</font-weight><font-style>normal</font-style></ctl_style><ctl_attribute><name>dpRoleEffDate</name><id>false</id><value/><title>default=~|~</title></ctl_attribute><img_attribute><width>25</width><height>20</height></img_attribute></boField><boField><displayType>DBLOOKUP</displayType><name>dblAssignRoleToTeam</name><datasource/><datafield/><label>lblAssignRoleToTeam</label><lookupdatasource>dsAssignRoleToTeam</lookupdatasource><lookupidfield>WBT_ID</lookupidfield><lookupdisplayfield>WBT_NAME</lookupdisplayfield><lookuppopupfields>WBT_NAME,WBT_DESC</lookuppopupfields><resolvedatasource/><selectId/><valueId/><dataType>String</dataType><multiselect>true</multiselect><canEditNodes>All,Sender,Extrn Mgr</canEditNodes><canViewNodes>All,Sender,Dest Mgr</canViewNodes><onFocus/><onValidate/><wireless_label>default=~|~</wireless_label><wireless_order>0</wireless_order><page>0</page><populateAtSender>false</populateAtSender><batchApprovable>false</batchApprovable><userTypeable>false</userTypeable><addAllButton>false</addAllButton><div_style><left>200</left><top>300</top></div_style><ctl_style><width>183</width><height>20</height><background-color>#ffffff</background-color><color>#000000</color><font-size>12</font-size><font-weight>normal</font-weight><font-style>normal</font-style></ctl_style><ctl_attribute><id>false</id><value/><title>default=~|~</title></ctl_attribute><img_attribute><width>17</width><height>20</height></img_attribute></boField><boField><displayType>DATASOURCE</displayType><maxrows>0</maxrows><type/><parameter/><hiddenFields/><orderBy/><sourceQuery/><readonly>true</readonly><page>0</page><pageChangeRefresh>false</pageChangeRefresh><reloadIfChangedControls/><reloadButtons/><ReloadUpdateButtons/><sourceType>QUERY</sourceType><sourceParameters>sourceQuery*!*select /*+FILTER_DUPS*/&#xA;       *&#xA;  from (&#xA;select EMP.EMP_ID, &#xA;       EMP.EMP_NAME, &#xA;       EMP.EMP_FULLNAME&#xA;  from EMPLOYEE EMP,&#xA;       SEC_EMPLOYEE SEC&#xA; where EMP.EMP_ID = SEC.EMP_ID&#xA;   and sysdate between SEC.START_DATE and SEC.END_DATE&#xA;   and SEC.WBU_ID = #page.property.userId#&#xA;   and EMP.EMP_ID &#x3C;&#x3E; #page.property.employeeId#&#xA;)&#xA; order by EMP_FULLNAME&#xA;&#xA;&#xA;~|~keyField*!*~|~params*!*</sourceParameters><ctl_attribute><name>dsEmpToTransfer</name></ctl_attribute><div_style><left>400</left><top>75</top></div_style></boField><boField><displayType>DATASOURCE</displayType><maxrows>0</maxrows><type/><parameter/><hiddenFields/><orderBy/><sourceQuery/><readonly>true</readonly><page>0</page><pageChangeRefresh>false</pageChangeRefresh><reloadIfChangedControls/><reloadButtons/><ReloadUpdateButtons/><sourceType>QUERY</sourceType><sourceParameters>sourceQuery*!*select WBT.WBT_ID, WBT_NAME, WBT_DESC&#xA;  from WORKBRAIN_TEAM WBT&#xA; where upper(WBT_NAME) not in ('TERMINATED TEAM', 'WORKBRAIN ROOT', 'UNASSIGNED TEAM')&#xA;~|~keyField*!*~|~params*!*</sourceParameters><ctl_attribute><name>dsTransferToTeam</name></ctl_attribute><div_style><left>400</left><top>100</top></div_style></boField><boField><displayType>DATASOURCE</displayType><maxrows>0</maxrows><type/><parameter/><hiddenFields/><orderBy/><sourceQuery/><readonly>true</readonly><page>0</page><pageChangeRefresh>false</pageChangeRefresh><reloadIfChangedControls/><reloadButtons/><ReloadUpdateButtons/><sourceType>QUERY</sourceType><sourceParameters>sourceQuery*!*select WBROLE_ID, WBROLE_NAME, WBROLE_DESC&#xA;  from WORKBRAIN_ROLE~|~keyField*!*~|~params*!*</sourceParameters><ctl_attribute><name>dsAssignRole</name></ctl_attribute><div_style><left>400</left><top>200</top></div_style></boField><boField><displayType>DATASOURCE</displayType><maxrows>0</maxrows><type/><parameter/><hiddenFields/><orderBy/><sourceQuery/><readonly>true</readonly><page>0</page><pageChangeRefresh>false</pageChangeRefresh><reloadIfChangedControls/><reloadButtons/><ReloadUpdateButtons/><sourceType>QUERY</sourceType><sourceParameters>sourceQuery*!*select EMPGRP_ID, EMPGRP_NAME, EMPGRP_DESC&#xA;  from SO_EMPLOYEE_GROUP~|~keyField*!*~|~params*!*</sourceParameters><ctl_attribute><name>dsStaffGroup</name></ctl_attribute><div_style><left>400</left><top>225</top></div_style></boField><boField><displayType>DATASOURCE</displayType><maxrows>0</maxrows><type/><parameter/><hiddenFields/><orderBy/><sourceQuery/><readonly>true</readonly><page>0</page><pageChangeRefresh>true</pageChangeRefresh><reloadIfChangedControls>dblAssignRole,dblTransferToTeam,dpRoleEffDate</reloadIfChangedControls><reloadButtons/><ReloadUpdateButtons/><sourceType>QUERY</sourceType><sourceParameters>sourceQuery*!*select * from (  &#xA;select WBT.WBT_ID, &#xA;       WBT.WBT_NAME, &#xA;       WBT.WBT_DESC&#xA;  from WORKBRAIN_TEAM WBT,&#xA;       WORKBRAIN_TEAM WBT_PRN&#xA; where upper(WBT.WBT_NAME) not in ('TERMINATED TEAM', 'WORKBRAIN ROOT', 'UNASSIGNED TEAM')&#xA;   and WBT_PRN.WBT_ID = #isDefined('request.dblTransferToTeam') ? request.dblTransferToTeam : -1#&#xA;   and WBT.WBT_LFT between WBT_PRN.WBT_LFT &#xA;                       and WBT_PRN.WBT_RGT&#xA;   and not (exists (&#xA;                select 0&#xA;                  from VIEW_WORKBRAIN_USER_TEAM WBUT&#xA;                 where WBUT.WBROLE_ID = #isDefined('request.hidSuperRoleId') ? request.hidSuperRoleId : -1#&#xA;                   and WBUT.WBT_ID = WBT.WBT_ID&#xA;                   and #isDefined('request.dpRoleEffDate') &#x26;&#x26; request.dpRoleEffDate != '' ? &#x22;to_date('&#x22; + request.dpRoleEffDate + &#x22;'), 'yyyymmdd hh24miss')&#x22; : 'sysdate'# &#xA;                               between WBUT.WBUT_START_DATE &#xA;                                   and WBUT.WBUT_END_DATE &#xA;            )&#xA;        and #isDefined('request.dblAssignRole') ? request.dblAssignRole : -1# = #isDefined('request.hidSuperRoleId') ? request.hidSuperRoleId : -1#&#xA;       )&#xA;)~|~keyField*!*~|~params*!*</sourceParameters><ctl_attribute><name>dsAssignRoleToTeam</name></ctl_attribute><div_style><left>400</left><top>300</top></div_style></boField><boField><displayType>BUTTON</displayType><canViewNodes/><onClick/><onFocus/><type>Reload</type><wireless_order>0</wireless_order><page>0</page><div_style><left>16</left><top>346</top></div_style><ctl_style><width>65</width><height>25</height><background-color>#cccccc</background-color><color>#000000</color><font-size>12</font-size><font-weight>normal</font-weight><font-style>normal</font-style></ctl_style><ctl_attribute><name>btnReload</name><value>default=Reload~|~</value><title>default=~|~</title></ctl_attribute></boField><boField><displayType>DATASOURCE</displayType><maxrows>10</maxrows><type/><parameter/><hiddenFields/><orderBy/><sourceQuery/><readonly>true</readonly><page>0</page><pageChangeRefresh>true</pageChangeRefresh><reloadIfChangedControls>dblTransferToTeam</reloadIfChangedControls><reloadButtons/><ReloadUpdateButtons/><sourceType>QUERY</sourceType><sourceParameters>sourceQuery*!*select case when &#xA;        exists (&#xA;            select 0&#xA;              from VIEW_WORKBRAIN_USER_TEAM WBUT,&#xA;                   WORKBRAIN_TEAM WBT,&#xA;                   WORKBRAIN_TEAM WBT_PRN&#xA;             where WBUT.WBU_ID = #page.property.userId#&#xA;               and WBUT.WBROLE_ID = #isDefined('request.hidSuperRoleId') ? request.hidSuperRoleId : -1#&#xA;               and WBUT.WBT_ID = WBT_PRN.WBT_ID&#xA;               and sysdate between WBUT.WBUT_START_DATE &#xA;                               and WBUT.WBUT_END_DATE &#xA;               and WBT.WBT_ID = #isDefined('request.dblTransferToTeam') ? request.dblTransferToTeam : -1#&#xA;               and WBT.WBT_LFT between WBT_PRN.WBT_LFT &#xA;                                   and WBT_PRN.WBT_RGT&#xA;        )&#xA;        then 'Y'&#xA;        else 'N'&#xA;        end as ISCURMGRTEAM&#xA;  from dual~|~keyField*!*~|~params*!*</sourceParameters><ctl_attribute><name>dsIsUnderCurTeamManager</name></ctl_attribute><div_style><left>550</left><top>100</top></div_style></boField><boField><displayType>BUTTON</displayType><canViewNodes>Sender</canViewNodes><onClick/><onFocus/><type>Submit</type><wireless_order>0</wireless_order><page>0</page><div_style><left>200</left><top>347</top></div_style><ctl_style><width>65</width><height>25</height><background-color>#cccccc</background-color><color>#000000</color><font-size>12</font-size><font-weight>normal</font-weight><font-style>normal</font-style></ctl_style><ctl_attribute><name>btnSubmit</name><value>default=Submit~|~</value><title>default=~|~</title></ctl_attribute></boField><boField><displayType>HIDDEN</displayType><datasource>dsIsUnderCurTeamManager</datasource><datafield>ISCURMGRTEAM</datafield><dataType>String</dataType><default/><isPartOfCalcFormula>false</isPartOfCalcFormula><page>0</page><batchApprovable>false</batchApprovable><wireless_order>0</wireless_order><ctl_attribute><name>hidIsCurMgrsTeam</name><value/></ctl_attribute><div_style><left>450</left><top>100</top><width>100</width><height>24</height></div_style></boField><boField><displayType>HIDDEN</displayType><datasource>dsSuperRoleId</datasource><datafield>WBROLE_ID</datafield><dataType>Number</dataType><default/><isPartOfCalcFormula>false</isPartOfCalcFormula><page>0</page><batchApprovable>false</batchApprovable><wireless_order>0</wireless_order><ctl_attribute><name>hidSuperRoleId</name><value/></ctl_attribute><div_style><left>19</left><top>378</top><width>100</width><height>24</height></div_style></boField><boField><displayType>DATASOURCE</displayType><maxrows>10</maxrows><type/><parameter/><hiddenFields/><orderBy/><sourceQuery/><readonly>true</readonly><page>0</page><pageChangeRefresh>true</pageChangeRefresh><reloadIfChangedControls/><reloadButtons/><ReloadUpdateButtons/><sourceType>QUERY</sourceType><sourceParameters>sourceQuery*!*select WBROLE_ID &#xA;  from WORKBRAIN_REGISTRY,&#xA;       WORKBRAIN_ROLE&#xA; where WBREG_NAME = 'IAG_TEAM_TRANSFER_SUPERROLENAME'&#xA;   and UPPER(WBREG_VALUE) = UPPER(WORKBRAIN_ROLE.WBROLE_NAME)&#xA;~|~keyField*!*~|~params*!*</sourceParameters><ctl_attribute><name>dsSuperRoleId</name></ctl_attribute><div_style><left>121</left><top>378</top></div_style></boField><boField><displayType>DATASOURCE</displayType><maxrows>10</maxrows><type/><parameter/><hiddenFields/><orderBy/><sourceQuery/><readonly>true</readonly><page>0</page><pageChangeRefresh>true</pageChangeRefresh><reloadIfChangedControls>dblTransferToTeam</reloadIfChangedControls><reloadButtons/><ReloadUpdateButtons/><sourceType>QUERY</sourceType><sourceParameters>sourceQuery*!*select nvl(WBU_NAME, ' ') WBU_NAME,&#xA;       nvl(WBU_ID, -1) WBU_ID,&#xA;       nvl(EMP_FULLNAME, ' ') EMP_FULLNAME&#xA;  from dual&#xA;  left join (&#xA;select WBUT.WBU_NAME,&#xA;       WBUT.WBU_ID,&#xA;       WBUT.EMP_FIRSTNAME || ' ' || WBUT.EMP_LASTNAME EMP_FULLNAME&#xA;  from VIEW_WORKBRAIN_USER_TEAM WBUT,&#xA;       WORKBRAIN_TEAM WBT,&#xA;       WORKBRAIN_TEAM WBT_PRN&#xA; where WBUT.WBROLE_ID = #isDefined('request.hidSuperRoleId') ? request.hidSuperRoleId : -1#&#xA;   and WBT.WBT_ID = #isDefined('request.dblTransferToTeam') &#x26;&#x26; request.dblTransferToTeam != '' ? request.dblTransferToTeam : -1#&#xA;   and WBT_PRN.WBT_ID = WBUT.WBT_ID&#xA;   and sysdate between WBUT.WBUT_START_DATE&#xA;                   and WBUT.WBUT_END_DATE&#xA;   and WBT.WBT_LFT between WBT_PRN.WBT_LFT &#xA;                       and WBT_PRN.WBT_RGT &#xA;   and not exists (&#xA;        select 0&#xA;          from WORKBRAIN_TEAM WBTI,&#xA;               WORKBRAIN_USER_TEAM WBUTI&#xA;         where WBTI.WBT_ID = WBUTI.WBT_ID&#xA;           and WBUTI.WBROLE_ID = #isDefined('request.hidSuperRoleId') ? request.hidSuperRoleId : -1#&#xA;           and WBTI.WBT_ID &#x3C;&#x3E; WBT_PRN.WBT_ID&#xA;           and sysdate between WBUTI.WBUT_START_DATE&#xA;                           and WBUTI.WBUT_END_DATE&#xA;           and WBTI.WBT_LFT between WBT_PRN.WBT_LFT &#xA;                                and WBT_PRN.WBT_RGT &#xA;           and WBT.WBT_LFT between WBTI.WBT_LFT&#xA;                               and WBTI.WBT_RGT&#xA;       )&#xA;) on 1 = 1&#xA;~|~keyField*!*~|~params*!*</sourceParameters><ctl_attribute><name>dsTeamManager</name></ctl_attribute><div_style><left>550</left><top>125</top></div_style></boField><boField><displayType>DATASOURCE</displayType><maxrows>10</maxrows><type/><parameter/><hiddenFields/><orderBy/><sourceQuery/><readonly>true</readonly><page>0</page><pageChangeRefresh>true</pageChangeRefresh><reloadIfChangedControls>dblEmpToTransfer</reloadIfChangedControls><reloadButtons/><ReloadUpdateButtons/><sourceType>QUERY</sourceType><sourceParameters>sourceQuery*!*select WBU_NAME,&#xA;           WBU_ID&#xA;  from WORKBRAIN_USER&#xA; where EMP_ID = #isDefined('request.dblEmpToTransfer') &#x26;&#x26; request.dblEmpToTransfer != '' ? request.dblEmpToTransfer : -1#&#xA;~|~keyField*!*~|~params*!*</sourceParameters><ctl_attribute><name>dsEmployeeToTransferUserID</name></ctl_attribute><div_style><left>551</left><top>73</top></div_style></boField><boField><displayType>DATASOURCE</displayType><maxrows>10</maxrows><type/><parameter/><hiddenFields/><orderBy/><sourceQuery/><readonly>true</readonly><page>0</page><pageChangeRefresh>false</pageChangeRefresh><reloadIfChangedControls/><reloadButtons/><ReloadUpdateButtons/><sourceType>QUERY</sourceType><sourceParameters>sourceQuery*!*select '#page.property.userName#' WBU_NAME&#xA;  from dual~|~keyField*!*~|~params*!*</sourceParameters><ctl_attribute><name>dsSender</name></ctl_attribute><div_style><left>258</left><top>379</top></div_style></boField><boField><displayType>HIDDEN</displayType><datasource>dsIsLFSOEnabled</datasource><datafield>ISLFSOENABLED</datafield><dataType>String</dataType><default/><isPartOfCalcFormula>false</isPartOfCalcFormula><page>0</page><batchApprovable>false</batchApprovable><wireless_order>0</wireless_order><ctl_attribute><name>hidIsLFSOEnabled</name><value/></ctl_attribute><div_style><left>295</left><top>378</top><width>100</width><height>24</height></div_style></boField><boField><displayType>DATASOURCE</displayType><maxrows>10</maxrows><type/><parameter/><hiddenFields/><orderBy/><sourceQuery/><readonly>true</readonly><page>0</page><pageChangeRefresh>true</pageChangeRefresh><reloadIfChangedControls/><reloadButtons/><ReloadUpdateButtons/><sourceType>QUERY</sourceType><sourceParameters>sourceQuery*!*select lower(nvl(WBREG_VALUE, 'false')) ISLFSOENABLED&#xA;  from dual left join WORKBRAIN_REGISTRY on WBREG_NAME = 'IAG_TEAM_TRANSFER_USELFSO'~|~keyField*!*~|~params*!*</sourceParameters><ctl_attribute><name>dsIsLFSOEnabled</name></ctl_attribute><div_style><left>399</left><top>375</top></div_style></boField><boField><displayType>DBLOOKUP</displayType><name>wbuTeamManagerName</name><datasource/><datafield/><label/><lookupdatasource>dsResUName</lookupdatasource><lookupidfield>WBU_NAME</lookupidfield><lookupdisplayfield>WBU_NAME</lookupdisplayfield><lookuppopupfields>WBU_NAME</lookuppopupfields><resolvedatasource>dsResUName</resolvedatasource><selectId/><valueId/><dataType>String</dataType><multiselect>false</multiselect><canEditNodes>Sender</canEditNodes><canViewNodes/><onFocus/><onValidate/><wireless_label>default=~|~</wireless_label><wireless_order>0</wireless_order><page>0</page><populateAtSender>false</populateAtSender><batchApprovable>false</batchApprovable><userTypeable>false</userTypeable><addAllButton>false</addAllButton><div_style><left>446</left><top>129</top></div_style><ctl_style><width>87</width><height>20</height><background-color>#ffffff</background-color><color>#000000</color><font-size>12</font-size><font-weight>normal</font-weight><font-style>normal</font-style></ctl_style><ctl_attribute><id>false</id><value/><title>default=~|~</title></ctl_attribute><img_attribute><width>17</width><height>20</height></img_attribute></boField><boField><displayType>DATASOURCE</displayType><maxrows>10</maxrows><type/><parameter/><hiddenFields/><orderBy/><sourceQuery/><readonly>true</readonly><page>0</page><pageChangeRefresh>true</pageChangeRefresh><reloadIfChangedControls/><reloadButtons/><ReloadUpdateButtons/><sourceType>QUERY</sourceType><sourceParameters>sourceQuery*!*SELECT wbu_name, wbu_id&#xA;FROM workbrain_user&#xA;~|~keyField*!*~|~params*!*</sourceParameters><ctl_attribute><name>dsResUName</name></ctl_attribute><div_style><left>553</left><top>193</top></div_style></boField><boField><displayType>DBLOOKUP</displayType><name>wbuEmpToTransfer</name><datasource/><datafield/><label/><lookupdatasource>dsResUName</lookupdatasource><lookupidfield>WBU_ID</lookupidfield><lookupdisplayfield>WBU_ID</lookupdisplayfield><lookuppopupfields>WBU_ID</lookuppopupfields><resolvedatasource>dsResUName</resolvedatasource><selectId/><valueId/><dataType>String</dataType><multiselect>false</multiselect><canEditNodes>Sender</canEditNodes><canViewNodes/><onFocus/><onValidate/><wireless_label>default=~|~</wireless_label><wireless_order>0</wireless_order><page>0</page><populateAtSender>false</populateAtSender><batchApprovable>false</batchApprovable><userTypeable>false</userTypeable><addAllButton>false</addAllButton><div_style><left>445</left><top>75</top></div_style><ctl_style><width>87</width><height>20</height><background-color>#ffffff</background-color><color>#000000</color><font-size>12</font-size><font-weight>normal</font-weight><font-style>normal</font-style></ctl_style><ctl_attribute><id>false</id><value/><title>default=~|~</title></ctl_attribute><img_attribute><width>17</width><height>20</height></img_attribute></boField><boField><displayType>DBLOOKUP</displayType><name>wbuSender</name><datasource/><datafield/><label/><lookupdatasource>Datasource1</lookupdatasource><lookupidfield>WBU_NAME</lookupidfield><lookupdisplayfield>WBU_NAME</lookupdisplayfield><lookuppopupfields>WBU_NAME</lookuppopupfields><resolvedatasource>Datasource1</resolvedatasource><selectId/><valueId/><dataType>String</dataType><multiselect>false</multiselect><canEditNodes>Sender</canEditNodes><canViewNodes/><onFocus/><onValidate/><wireless_label>default=~|~</wireless_label><wireless_order>0</wireless_order><page>0</page><populateAtSender>false</populateAtSender><batchApprovable>false</batchApprovable><userTypeable>false</userTypeable><addAllButton>false</addAllButton><div_style><left>154</left><top>383</top></div_style><ctl_style><width>87</width><height>20</height><background-color>#ffffff</background-color><color>#000000</color><font-size>12</font-size><font-weight>normal</font-weight><font-style>normal</font-style></ctl_style><ctl_attribute><id>false</id><value/><title>default=~|~</title></ctl_attribute><img_attribute><width>17</width><height>20</height></img_attribute></boField><boField><displayType>HIDDEN</displayType><datasource>dsEmployeeToTransferUserID</datasource><datafield>WBU_ID</datafield><dataType>String</dataType><default/><isPartOfCalcFormula>false</isPartOfCalcFormula><page>0</page><batchApprovable>false</batchApprovable><wireless_order>0</wireless_order><ctl_attribute><name>hidEmpToTransfer</name><value/></ctl_attribute><div_style><left>465</left><top>243</top><width>100</width><height>24</height></div_style></boField><boField><displayType>HIDDEN</displayType><datasource>dsSender</datasource><datafield>WBU_NAME</datafield><dataType>String</dataType><default/><isPartOfCalcFormula>false</isPartOfCalcFormula><page>0</page><batchApprovable>false</batchApprovable><wireless_order>0</wireless_order><ctl_attribute><name>hidSender</name><value/></ctl_attribute><div_style><left>465</left><top>326</top><width>100</width><height>24</height></div_style></boField><boField><displayType>HIDDEN</displayType><datasource>dsTeamManager</datasource><datafield>WBU_NAME</datafield><dataType>String</dataType><default/><isPartOfCalcFormula>false</isPartOfCalcFormula><page>0</page><batchApprovable>false</batchApprovable><wireless_order>0</wireless_order><ctl_attribute><name>hidTeamManagerName</name><value/></ctl_attribute><div_style><left>466</left><top>272</top><width>100</width><height>24</height></div_style></boField><boField><displayType>DATASOURCE</displayType><maxrows>10</maxrows><type/><parameter/><hiddenFields/><orderBy/><sourceQuery/><readonly>true</readonly><page>0</page><pageChangeRefresh>true</pageChangeRefresh><reloadIfChangedControls/><reloadButtons/><ReloadUpdateButtons/><sourceType>QUERY</sourceType><sourceParameters>sourceQuery*!*SELECT emp_id, emp_name from employee~|~keyField*!*~|~params*!*</sourceParameters><ctl_attribute><name>dsResEmp</name></ctl_attribute><div_style><left>520</left><top>191</top></div_style></boField><boField><displayType>DATASOURCE</displayType><maxrows>10</maxrows><type/><parameter/><hiddenFields/><orderBy/><sourceQuery/><readonly>true</readonly><page>0</page><pageChangeRefresh>true</pageChangeRefresh><reloadIfChangedControls/><reloadButtons/><ReloadUpdateButtons/><sourceType>QUERY</sourceType><sourceParameters>sourceQuery*!*select * from (&#xA;SELECT wbu_name || 'q' wbu_name&#xA;FROM workbrain_user&#xA;)~|~keyField*!*~|~params*!*</sourceParameters><ctl_attribute><name>Datasource1</name></ctl_attribute><div_style><left>475</left><top>374</top></div_style></boField><boField><displayType>DBLOOKUP</displayType><name>wbuTeamManagerId</name><datasource/><datafield/><label/><lookupdatasource>dsResUName</lookupdatasource><lookupidfield>WBU_ID</lookupidfield><lookupdisplayfield>WBU_ID</lookupdisplayfield><lookuppopupfields>WBU_ID</lookuppopupfields><resolvedatasource>dsResUName</resolvedatasource><selectId/><valueId/><dataType>String</dataType><multiselect>false</multiselect><canEditNodes>Sender</canEditNodes><canViewNodes/><onFocus/><onValidate/><wireless_label>default=~|~</wireless_label><wireless_order>0</wireless_order><page>0</page><populateAtSender>false</populateAtSender><batchApprovable>false</batchApprovable><userTypeable>false</userTypeable><addAllButton>false</addAllButton><div_style><left>447</left><top>152</top></div_style><ctl_style><width>87</width><height>20</height><background-color>#ffffff</background-color><color>#000000</color><font-size>12</font-size><font-weight>normal</font-weight><font-style>normal</font-style></ctl_style><ctl_attribute><id>false</id><value/><title>default=~|~</title></ctl_attribute><img_attribute><width>17</width><height>20</height></img_attribute></boField><boField><displayType>HIDDEN</displayType><datasource>dsTeamManager</datasource><datafield>WBU_ID</datafield><dataType>String</dataType><default/><isPartOfCalcFormula>false</isPartOfCalcFormula><page>0</page><batchApprovable>false</batchApprovable><wireless_order>0</wireless_order><ctl_attribute><name>hidTeamManagerId</name><value/></ctl_attribute><div_style><left>467</left><top>296</top><width>100</width><height>24</height></div_style></boField></boForm></BOFORM>]]></BOTVR_XML><BOTVR_DATE>2005-10-06</BOTVR_DATE></row>
      </table>
    </row>
  </table>
  <table name="MAINTENANCE_FORM" where="MFRM_ID=-1000003">
    <row><MFRM_ID>-1000003</MFRM_ID><MFRM_NAME>TEAM TRANSFER REQUEST COMMON</MFRM_NAME><MFRM_DESC> </MFRM_DESC><MFRM_ASP><![CDATA[businessObject.asp?msg_id=null&busObjTyp_id=10222&folder_id=null&newOld=null]]></MFRM_ASP><MFRM_TABLE>X</MFRM_TABLE><MFRM_KEYFIELD>X</MFRM_KEYFIELD><MFRM_REDIRECT_URL>X</MFRM_REDIRECT_URL><MFRM_ORIENTATION>H</MFRM_ORIENTATION><MFRM_MAX_ROWS>0</MFRM_MAX_ROWS><MFRM_REC_BEFORE>0</MFRM_REC_BEFORE><MFRM_REC_AFTER>0</MFRM_REC_AFTER><MFRMT_ID>11</MFRMT_ID><MFRM_AUDIT>N</MFRM_AUDIT><MFRM_PARAMETER>X</MFRM_PARAMETER><MFRM_MENUPARENT_ID>226</MFRM_MENUPARENT_ID><MFRM_JSP><![CDATA[/messaging/businessObject.jsp?msg_id=null&busObjTyp_id=10222&folder_id=null&newOld=null]]></MFRM_JSP><MFRM_PARAMETER_JSP>[NEW]=TRUE~[EDT]=BTN~[DEL]=TRUE</MFRM_PARAMETER_JSP></row>
  </table>
  <table name="WORKBRAIN_REGISTRY" where="WBREG_ID=15014">
    <row><WBREG_ID>15014</WBREG_ID><WBREG_PARENT_ID>73</WBREG_PARENT_ID><WBREG_NAME>TeamTransferProcessAction</WBREG_NAME><WBREG_CLASS>java.lang.String</WBREG_CLASS>
      <table name="WORKBRAIN_REG_OVRD" fk="WBREG_ID" refers="WBREG_ID">
        <row><WBRGOV_ID>-1000001</WBRGOV_ID><WBREG_ID>15014</WBREG_ID><WBRGOV_VALUE>com.wbiag.app.bo.ejb.actions.TeamTransferProcessAction</WBRGOV_VALUE><CLIENT_ID>1</CLIENT_ID></row>
      </table>
    </row>
  </table>
  <table name="WORKFLOW_ACTION" where="WFACT_ID=-1000001">
    <row><WFACT_ID>-1000001</WFACT_ID><WFACT_XML><![CDATA[<ACTION ActionProcess="TeamTransferProcessAction" Id="-1000001">
 <PROPERTIES>
  <PROPERTY 
   Name="NAME"
   Type="com.workbrain.app.workflow.properties.types.StringType"
   UI="StringUI"
   UIParams=""
   >Team Transfer Process Action</PROPERTY>
  <PROPERTY 
   Name="DESCRIPTION" 
   Type="com.workbrain.app.workflow.properties.types.StringType"
   UI="StringUI"
   UIParams=""
   ></PROPERTY>
  <PROPERTY 
   Name="MESSAGE"
   Type="com.workbrain.app.workflow.properties.types.StringType" 
   UI="StringUI"
   UIParams=""
   ></PROPERTY>
  <PROPERTY
   Name="TIMEOUT"
   Type="com.workbrain.app.workflow.properties.types.NumberType"
   UI="NumberUI"
   UIParams=""
   >0</PROPERTY>
  <PROPERTY
   Name="IMAGE_ICON"
   Type="com.workbrain.app.workflow.properties.types.StringType"
   UI="WorkflowEditor_NodeImageUI"
   UIParams=""
   >process.gif</PROPERTY>
 </PROPERTIES>
</ACTION>]]></WFACT_XML><WFACT_PROC_NAME>TeamTransferProcessAction</WFACT_PROC_NAME></row>
  </table>
  <table name="WORKFLOW_FLOW" where="WFFLOW_ID=-1000001">
    <row><WFFLOW_ID>-1000001</WFFLOW_ID><WFFLOW_NAME>Team Transfer Workflow</WFFLOW_NAME><WFFLOW_DESC>Team Transfer Workflow</WFFLOW_DESC><WFFLOW_SUBM_MSG>default=~|~</WFFLOW_SUBM_MSG><WFFLOW_XML><![CDATA[<WORKFLOW Id="-1000001" Name="Team Transfer Workflow" Description="Team Transfer Workflow" AcceptedTypeName="BOForm" StartNodeId="1" Modified="1123534172154" Immediate="false" FormName="Team Transfer Request" SubmittedMessage="default=~|~" ExceptionNodeId="0" ValidationEndNode="1"><NODES><NODE Id="0" ActionId="10004" ActionName="ExceptionAction"><PROPERTIES><PROPERTY Name="USER" Type="com.workbrain.app.workflow.properties.types.StringType" UI="ListUI" UIParams="{'Filter'='' 'BuilderParams'='{''sourceQuery''=''SELECT NAME , NAME FROM VIEW_WE_USER''}' 'Builder'='QUERY' }"> WORKBRAIN</PROPERTY><PROPERTY Name="Y" Type="com.workbrain.app.workflow.properties.types.NumberType" UI="NumberUI" UIParams="">300</PROPERTY><PROPERTY Name="USER_PROPERTY_DISPLAY_NAME" Type="com.workbrain.app.workflow.properties.types.StringType" UI="StringUI" UIParams=""> WORKBRAIN</PROPERTY><PROPERTY Name="X" Type="com.workbrain.app.workflow.properties.types.NumberType" UI="NumberUI" UIParams="">300</PROPERTY></PROPERTIES></NODE><NODE Id="1" ActionId="10150" ActionName="TeamTransferProcessAction" Validation="true"><PROPERTIES><PROPERTY Name="Y" Type="com.workbrain.app.workflow.properties.types.NumberType" UI="NumberUI" UIParams="">36</PROPERTY><PROPERTY Name="X" Type="com.workbrain.app.workflow.properties.types.NumberType" UI="NumberUI" UIParams="">29</PROPERTY></PROPERTIES></NODE><NODE Id="2" ActionId="10150" ActionName="TeamTransferProcessAction"><PROPERTIES><PROPERTY Name="Y" Type="com.workbrain.app.workflow.properties.types.NumberType" UI="NumberUI" UIParams="">141</PROPERTY><PROPERTY Name="NAME" Type="com.workbrain.app.workflow.properties.types.StringType" UI="StringUI" UIParams="">Team Transfer Process Action_1</PROPERTY><PROPERTY Name="X" Type="com.workbrain.app.workflow.properties.types.NumberType" UI="NumberUI" UIParams="">172</PROPERTY></PROPERTIES></NODE><NODE Id="3" ActionId="10000" ActionName="UserAction" Person="true"><PROPERTIES><PROPERTY Name="USER" Type="com.workbrain.app.workflow.properties.types.StringType" UI="ListUI" UIParams="{'Filter'='' 'BuilderParams'='{''sourceQuery''=''SELECT NAME , NAME FROM VIEW_WE_USER''}' 'Builder'='QUERY' }">wbuTeamManagerName</PROPERTY><PROPERTY Name="OBJECT_FIELD" Type="com.workbrain.app.workflow.properties.types.StringType" UI="StringUI" UIParams="">true</PROPERTY><PROPERTY Name="Y" Type="com.workbrain.app.workflow.properties.types.NumberType" UI="NumberUI" UIParams="">141</PROPERTY><PROPERTY Name="NAME" Type="com.workbrain.app.workflow.properties.types.StringType" UI="StringUI" UIParams="">default=Extrn Mgr~|~</PROPERTY><PROPERTY Name="USER_PROPERTY_DISPLAY_NAME" Type="com.workbrain.app.workflow.properties.types.StringType" UI="StringUI" UIParams="">wbuTeamManagerName</PROPERTY><PROPERTY Name="X" Type="com.workbrain.app.workflow.properties.types.NumberType" UI="NumberUI" UIParams="">29</PROPERTY></PROPERTIES></NODE><NODE Id="4" ActionId="110" ActionName="NotifyUserRoleAction"><PROPERTIES><PROPERTY Name="USER" Type="com.workbrain.app.workflow.properties.types.StringType" UI="ListUI" UIParams="{'Filter'='' 'BuilderParams'='{''sourceQuery''=''SELECT NAME, NAME FROM VIEW_WE_USER''}' 'Builder'='QUERY' }">wbuEmpToTransfer</PROPERTY><PROPERTY Name="LINK_TO_INTERACTION" Type="com.workbrain.app.workflow.properties.types.StringType" UI="StringUI" UIParams="">default=TRUE~|~</PROPERTY><PROPERTY Name="OBJECT_FIELD" Type="com.workbrain.app.workflow.properties.types.StringType" UI="StringUI" UIParams="">true</PROPERTY><PROPERTY Name="MESSAGE_SUBJECT" Type="com.workbrain.app.workflow.properties.types.StringType" UI="StringUI" UIParams="">default=Team Transfer Alert~|~</PROPERTY><PROPERTY Name="Y" Type="com.workbrain.app.workflow.properties.types.NumberType" UI="NumberUI" UIParams="">36</PROPERTY><PROPERTY Name="NAME" Type="com.workbrain.app.workflow.properties.types.StringType" UI="StringUI" UIParams="">default=Notify Employee~|~</PROPERTY><PROPERTY Name="DESCRIPTION" Type="com.workbrain.app.workflow.properties.types.StringType" UI="StringUI" UIParams="">default=Notify the employee that he has switched teams~|~</PROPERTY><PROPERTY Name="MESSAGE_BODY" Type="com.workbrain.app.workflow.properties.types.StringType" UI="StringUI" UIParams="">default=You have been transferred to another team.  Please talk to your manager about your new assignment.~|~</PROPERTY><PROPERTY Name="USER_PROPERTY_DISPLAY_NAME" Type="com.workbrain.app.workflow.properties.types.StringType" UI="StringUI" UIParams="">wbuEmpToTransfer</PROPERTY><PROPERTY Name="X" Type="com.workbrain.app.workflow.properties.types.NumberType" UI="NumberUI" UIParams="">172</PROPERTY></PROPERTIES></NODE><NODE Id="6" ActionId="10002" ActionName="AcceptedAction"><PROPERTIES><PROPERTY Name="Y" Type="com.workbrain.app.workflow.properties.types.NumberType" UI="NumberUI" UIParams="">36</PROPERTY><PROPERTY Name="MESSAGE" Type="com.workbrain.app.workflow.properties.types.StringType" UI="StringUI" UIParams="">default=Your Team Transfer has been accepted.~|~</PROPERTY><PROPERTY Name="X" Type="com.workbrain.app.workflow.properties.types.NumberType" UI="NumberUI" UIParams="">399</PROPERTY></PROPERTIES></NODE><NODE Id="7" ActionId="10003" ActionName="RejectedAction"><PROPERTIES><PROPERTY Name="Y" Type="com.workbrain.app.workflow.properties.types.NumberType" UI="NumberUI" UIParams="">326</PROPERTY><PROPERTY Name="MESSAGE" Type="com.workbrain.app.workflow.properties.types.StringType" UI="StringUI" UIParams="">default=Your Team Transfer has been rejected.~|~</PROPERTY><PROPERTY Name="X" Type="com.workbrain.app.workflow.properties.types.NumberType" UI="NumberUI" UIParams="">29</PROPERTY></PROPERTIES></NODE></NODES><BRANCHES><BRANCH inId="1" outId="4">default=Internal~|~</BRANCH><BRANCH inId="1" outId="3">default=External~|~</BRANCH><BRANCH inId="3" outId="2">default=Yes~|~</BRANCH><BRANCH inId="2" outId="4">default=Internal~|~</BRANCH><BRANCH inId="3" outId="7">default=No~|~</BRANCH><BRANCH inId="4" outId="6">default=Success~|~</BRANCH></BRANCHES></WORKFLOW>]]></WFFLOW_XML><WFFLOW_MODIFIED>2005-08-08</WFFLOW_MODIFIED></row>
  </table>
</data>
