<data>
  <table name="WORKBRAIN_REGISTRY" where="WBREG_ID >= 20000">
   <row><WBREG_ID>15001</WBREG_ID><WBREG_PARENT_ID>1</WBREG_PARENT_ID><WBREG_NAME>wbiag</WBREG_NAME></row>
    <row><WBREG_ID>15005</WBREG_ID><WBREG_PARENT_ID>15001</WBREG_PARENT_ID><WBREG_NAME>EMPLOYEE_STATE_COLUMN</WBREG_NAME><WBREG_CLASS>java.lang.String</WBREG_CLASS><WBREG_VALUE>emp_val1</WBREG_VALUE></row>
  </table>

  <table name="WBIAG_STATE">
    <row><WIST_ID>1</WIST_ID><WIST_NAME>AL</WIST_NAME><WIST_DESC>Alabama</WIST_DESC>
      <table name="WBIAG_STATE_MINWGE" fk="WIST_ID" refers="WIST_ID">
      </table>
    </row>
    <row><WIST_ID>2</WIST_ID><WIST_NAME>AK</WIST_NAME><WIST_DESC>Alaska</WIST_DESC>
      <table name="WBIAG_STATE_MINWGE" fk="WIST_ID" refers="WIST_ID">
        <row><WISTM_ID>1</WISTM_ID><WIST_ID>2</WIST_ID><WISTM_EFF_DATE>2005-01-01</WISTM_EFF_DATE><WISTM_MIN_WAGE>7.15</WISTM_MIN_WAGE></row>
      </table>
    </row>
    <row><WIST_ID>3</WIST_ID><WIST_NAME>AS</WIST_NAME><WIST_DESC>American Samoa</WIST_DESC>
      <table name="WBIAG_STATE_MINWGE" fk="WIST_ID" refers="WIST_ID">
      </table>
    </row>
    <row><WIST_ID>4</WIST_ID><WIST_NAME>AZ</WIST_NAME><WIST_DESC>Arizona</WIST_DESC>
      <table name="WBIAG_STATE_MINWGE" fk="WIST_ID" refers="WIST_ID">
      </table>
    </row>
    <row><WIST_ID>5</WIST_ID><WIST_NAME>AR</WIST_NAME><WIST_DESC>Arkansas</WIST_DESC>
      <table name="WBIAG_STATE_MINWGE" fk="WIST_ID" refers="WIST_ID">
        <row><WISTM_ID>2</WISTM_ID><WIST_ID>5</WIST_ID><WISTM_EFF_DATE>2005-01-01</WISTM_EFF_DATE><WISTM_MIN_WAGE>5.15</WISTM_MIN_WAGE></row>
      </table>
    </row>
    <row><WIST_ID>6</WIST_ID><WIST_NAME>CA</WIST_NAME><WIST_DESC>California</WIST_DESC>
      <table name="WBIAG_STATE_MINWGE" fk="WIST_ID" refers="WIST_ID">
        <row><WISTM_ID>3</WISTM_ID><WIST_ID>6</WIST_ID><WISTM_EFF_DATE>2005-01-01</WISTM_EFF_DATE><WISTM_MIN_WAGE>6.75</WISTM_MIN_WAGE></row>
      </table>
    </row>
    <row><WIST_ID>7</WIST_ID><WIST_NAME>CO</WIST_NAME><WIST_DESC>Colorado</WIST_DESC>
      <table name="WBIAG_STATE_MINWGE" fk="WIST_ID" refers="WIST_ID">
        <row><WISTM_ID>4</WISTM_ID><WIST_ID>7</WIST_ID><WISTM_EFF_DATE>2005-01-01</WISTM_EFF_DATE><WISTM_MIN_WAGE>5.15</WISTM_MIN_WAGE></row>
      </table>
    </row>
    <row><WIST_ID>8</WIST_ID><WIST_NAME>CT</WIST_NAME><WIST_DESC>Connecticut</WIST_DESC>
      <table name="WBIAG_STATE_MINWGE" fk="WIST_ID" refers="WIST_ID">
        <row><WISTM_ID>5</WISTM_ID><WIST_ID>8</WIST_ID><WISTM_EFF_DATE>2005-01-01</WISTM_EFF_DATE><WISTM_MIN_WAGE>7.10</WISTM_MIN_WAGE></row>
      </table>
    </row>
    <row><WIST_ID>9</WIST_ID><WIST_NAME>DE</WIST_NAME><WIST_DESC>Delaware</WIST_DESC>
      <table name="WBIAG_STATE_MINWGE" fk="WIST_ID" refers="WIST_ID">
        <row><WISTM_ID>6</WISTM_ID><WIST_ID>9</WIST_ID><WISTM_EFF_DATE>2005-01-01</WISTM_EFF_DATE><WISTM_MIN_WAGE>6.15</WISTM_MIN_WAGE></row>
      </table>
    </row>
    <row><WIST_ID>10</WIST_ID><WIST_NAME>DC</WIST_NAME><WIST_DESC>District of Columbia</WIST_DESC>
      <table name="WBIAG_STATE_MINWGE" fk="WIST_ID" refers="WIST_ID">
        <row><WISTM_ID>7</WISTM_ID><WIST_ID>10</WIST_ID><WISTM_EFF_DATE>2005-01-01</WISTM_EFF_DATE><WISTM_MIN_WAGE>6.6</WISTM_MIN_WAGE></row>
      </table>
    </row>
    <row><WIST_ID>11</WIST_ID><WIST_NAME>FM</WIST_NAME><WIST_DESC>Fed. States of Micronesia</WIST_DESC>
      <table name="WBIAG_STATE_MINWGE" fk="WIST_ID" refers="WIST_ID">
      </table>
    </row>
    <row><WIST_ID>12</WIST_ID><WIST_NAME>FL</WIST_NAME><WIST_DESC>Florida</WIST_DESC>
      <table name="WBIAG_STATE_MINWGE" fk="WIST_ID" refers="WIST_ID">
        <row><WISTM_ID>8</WISTM_ID><WIST_ID>12</WIST_ID><WISTM_EFF_DATE>2005-05-02</WISTM_EFF_DATE><WISTM_MIN_WAGE>6.15</WISTM_MIN_WAGE></row>
      </table>
    </row>
    <row><WIST_ID>13</WIST_ID><WIST_NAME>GA</WIST_NAME><WIST_DESC>Georgia</WIST_DESC>
      <table name="WBIAG_STATE_MINWGE" fk="WIST_ID" refers="WIST_ID">
        <row><WISTM_ID>9</WISTM_ID><WIST_ID>13</WIST_ID><WISTM_EFF_DATE>2005-01-01</WISTM_EFF_DATE><WISTM_MIN_WAGE>5.15</WISTM_MIN_WAGE></row>
      </table>
    </row>
    <row><WIST_ID>14</WIST_ID><WIST_NAME>GU</WIST_NAME><WIST_DESC>Guam</WIST_DESC>
      <table name="WBIAG_STATE_MINWGE" fk="WIST_ID" refers="WIST_ID">
      </table>
    </row>
    <row><WIST_ID>15</WIST_ID><WIST_NAME>HI</WIST_NAME><WIST_DESC>Hawaii</WIST_DESC>
      <table name="WBIAG_STATE_MINWGE" fk="WIST_ID" refers="WIST_ID">
        <row><WISTM_ID>10</WISTM_ID><WIST_ID>15</WIST_ID><WISTM_EFF_DATE>2005-01-01</WISTM_EFF_DATE><WISTM_MIN_WAGE>6.25</WISTM_MIN_WAGE></row>
      </table>
    </row>
    <row><WIST_ID>16</WIST_ID><WIST_NAME>ID</WIST_NAME><WIST_DESC>Idaho</WIST_DESC>
      <table name="WBIAG_STATE_MINWGE" fk="WIST_ID" refers="WIST_ID">
        <row><WISTM_ID>11</WISTM_ID><WIST_ID>16</WIST_ID><WISTM_EFF_DATE>2005-01-01</WISTM_EFF_DATE><WISTM_MIN_WAGE>5.15</WISTM_MIN_WAGE></row>
      </table>
    </row>
    <row><WIST_ID>17</WIST_ID><WIST_NAME>IL</WIST_NAME><WIST_DESC>Illinois</WIST_DESC>
      <table name="WBIAG_STATE_MINWGE" fk="WIST_ID" refers="WIST_ID">
        <row><WISTM_ID>12</WISTM_ID><WIST_ID>17</WIST_ID><WISTM_EFF_DATE>2005-01-01</WISTM_EFF_DATE><WISTM_MIN_WAGE>6.5</WISTM_MIN_WAGE></row>
      </table>
    </row>
    <row><WIST_ID>18</WIST_ID><WIST_NAME>IN</WIST_NAME><WIST_DESC>Indiana</WIST_DESC>
      <table name="WBIAG_STATE_MINWGE" fk="WIST_ID" refers="WIST_ID">
        <row><WISTM_ID>13</WISTM_ID><WIST_ID>18</WIST_ID><WISTM_EFF_DATE>2005-01-01</WISTM_EFF_DATE><WISTM_MIN_WAGE>5.15</WISTM_MIN_WAGE></row>
      </table>
    </row>
    <row><WIST_ID>19</WIST_ID><WIST_NAME>IA</WIST_NAME><WIST_DESC>Iowa</WIST_DESC>
      <table name="WBIAG_STATE_MINWGE" fk="WIST_ID" refers="WIST_ID">
        <row><WISTM_ID>14</WISTM_ID><WIST_ID>19</WIST_ID><WISTM_EFF_DATE>2005-01-01</WISTM_EFF_DATE><WISTM_MIN_WAGE>5.15</WISTM_MIN_WAGE></row>
      </table>
    </row>
    <row><WIST_ID>20</WIST_ID><WIST_NAME>KS</WIST_NAME><WIST_DESC>Kansas</WIST_DESC>
      <table name="WBIAG_STATE_MINWGE" fk="WIST_ID" refers="WIST_ID">
        <row><WISTM_ID>15</WISTM_ID><WIST_ID>20</WIST_ID><WISTM_EFF_DATE>2005-01-01</WISTM_EFF_DATE><WISTM_MIN_WAGE>2.65</WISTM_MIN_WAGE></row>
      </table>
    </row>
    <row><WIST_ID>21</WIST_ID><WIST_NAME>KY</WIST_NAME><WIST_DESC>Kentucky</WIST_DESC>
      <table name="WBIAG_STATE_MINWGE" fk="WIST_ID" refers="WIST_ID">
        <row><WISTM_ID>16</WISTM_ID><WIST_ID>21</WIST_ID><WISTM_EFF_DATE>2005-01-01</WISTM_EFF_DATE><WISTM_MIN_WAGE>5.15</WISTM_MIN_WAGE></row>
      </table>
    </row>
    <row><WIST_ID>22</WIST_ID><WIST_NAME>LA</WIST_NAME><WIST_DESC>Louisiana</WIST_DESC>
      <table name="WBIAG_STATE_MINWGE" fk="WIST_ID" refers="WIST_ID">
      </table>
    </row>
    <row><WIST_ID>23</WIST_ID><WIST_NAME>ME</WIST_NAME><WIST_DESC>Maine</WIST_DESC>
      <table name="WBIAG_STATE_MINWGE" fk="WIST_ID" refers="WIST_ID">
        <row><WISTM_ID>17</WISTM_ID><WIST_ID>23</WIST_ID><WISTM_EFF_DATE>2005-01-01</WISTM_EFF_DATE><WISTM_MIN_WAGE>6.35</WISTM_MIN_WAGE></row>
      </table>
    </row>
    <row><WIST_ID>24</WIST_ID><WIST_NAME>MH</WIST_NAME><WIST_DESC>Marshall Islands</WIST_DESC>
      <table name="WBIAG_STATE_MINWGE" fk="WIST_ID" refers="WIST_ID">
      </table>
    </row>
    <row><WIST_ID>25</WIST_ID><WIST_NAME>MD</WIST_NAME><WIST_DESC>Maryland</WIST_DESC>
      <table name="WBIAG_STATE_MINWGE" fk="WIST_ID" refers="WIST_ID">
        <row><WISTM_ID>18</WISTM_ID><WIST_ID>25</WIST_ID><WISTM_EFF_DATE>2005-01-01</WISTM_EFF_DATE><WISTM_MIN_WAGE>5.15</WISTM_MIN_WAGE></row>
      </table>
    </row>
    <row><WIST_ID>26</WIST_ID><WIST_NAME>MA</WIST_NAME><WIST_DESC>Massachusetts</WIST_DESC>
      <table name="WBIAG_STATE_MINWGE" fk="WIST_ID" refers="WIST_ID">
        <row><WISTM_ID>19</WISTM_ID><WIST_ID>26</WIST_ID><WISTM_EFF_DATE>2005-01-01</WISTM_EFF_DATE><WISTM_MIN_WAGE>6.75</WISTM_MIN_WAGE></row>
      </table>
    </row>
    <row><WIST_ID>27</WIST_ID><WIST_NAME>MI</WIST_NAME><WIST_DESC>Michigan</WIST_DESC>
      <table name="WBIAG_STATE_MINWGE" fk="WIST_ID" refers="WIST_ID">
        <row><WISTM_ID>20</WISTM_ID><WIST_ID>27</WIST_ID><WISTM_EFF_DATE>2005-01-01</WISTM_EFF_DATE><WISTM_MIN_WAGE>5.15</WISTM_MIN_WAGE></row>
      </table>
    </row>
    <row><WIST_ID>28</WIST_ID><WIST_NAME>MN</WIST_NAME><WIST_DESC>Minnesota</WIST_DESC>
      <table name="WBIAG_STATE_MINWGE" fk="WIST_ID" refers="WIST_ID">
        <row><WISTM_ID>21</WISTM_ID><WIST_ID>28</WIST_ID><WISTM_EFF_DATE>2005-01-01</WISTM_EFF_DATE><WISTM_MIN_WAGE>5.15</WISTM_MIN_WAGE></row>
      </table>
    </row>
    <row><WIST_ID>29</WIST_ID><WIST_NAME>MS</WIST_NAME><WIST_DESC>Mississippi</WIST_DESC>
      <table name="WBIAG_STATE_MINWGE" fk="WIST_ID" refers="WIST_ID">
      </table>
    </row>
    <row><WIST_ID>30</WIST_ID><WIST_NAME>MO</WIST_NAME><WIST_DESC>Missouri</WIST_DESC>
      <table name="WBIAG_STATE_MINWGE" fk="WIST_ID" refers="WIST_ID">
        <row><WISTM_ID>22</WISTM_ID><WIST_ID>30</WIST_ID><WISTM_EFF_DATE>2005-01-01</WISTM_EFF_DATE><WISTM_MIN_WAGE>5.15</WISTM_MIN_WAGE></row>
      </table>
    </row>
    <row><WIST_ID>31</WIST_ID><WIST_NAME>MT</WIST_NAME><WIST_DESC>Montana</WIST_DESC>
      <table name="WBIAG_STATE_MINWGE" fk="WIST_ID" refers="WIST_ID">
        <row><WISTM_ID>23</WISTM_ID><WIST_ID>31</WIST_ID><WISTM_EFF_DATE>2005-01-01</WISTM_EFF_DATE><WISTM_MIN_WAGE>5.15</WISTM_MIN_WAGE></row>
      </table>
    </row>
    <row><WIST_ID>32</WIST_ID><WIST_NAME>NE</WIST_NAME><WIST_DESC>Nebraska</WIST_DESC>
      <table name="WBIAG_STATE_MINWGE" fk="WIST_ID" refers="WIST_ID">
        <row><WISTM_ID>24</WISTM_ID><WIST_ID>32</WIST_ID><WISTM_EFF_DATE>2005-01-01</WISTM_EFF_DATE><WISTM_MIN_WAGE>5.15</WISTM_MIN_WAGE></row>
      </table>
    </row>
    <row><WIST_ID>33</WIST_ID><WIST_NAME>NV</WIST_NAME><WIST_DESC>Nevada</WIST_DESC>
      <table name="WBIAG_STATE_MINWGE" fk="WIST_ID" refers="WIST_ID">
        <row><WISTM_ID>25</WISTM_ID><WIST_ID>33</WIST_ID><WISTM_EFF_DATE>2005-01-01</WISTM_EFF_DATE><WISTM_MIN_WAGE>5.15</WISTM_MIN_WAGE></row>
      </table>
    </row>
    <row><WIST_ID>34</WIST_ID><WIST_NAME>NH</WIST_NAME><WIST_DESC>New Hampshire</WIST_DESC>
      <table name="WBIAG_STATE_MINWGE" fk="WIST_ID" refers="WIST_ID">
        <row><WISTM_ID>26</WISTM_ID><WIST_ID>34</WIST_ID><WISTM_EFF_DATE>2005-01-01</WISTM_EFF_DATE><WISTM_MIN_WAGE>5.15</WISTM_MIN_WAGE></row>
      </table>
    </row>
    <row><WIST_ID>35</WIST_ID><WIST_NAME>NJ</WIST_NAME><WIST_DESC>New Jersey</WIST_DESC>
      <table name="WBIAG_STATE_MINWGE" fk="WIST_ID" refers="WIST_ID">
        <row><WISTM_ID>27</WISTM_ID><WIST_ID>35</WIST_ID><WISTM_EFF_DATE>2005-01-01</WISTM_EFF_DATE><WISTM_MIN_WAGE>5.15</WISTM_MIN_WAGE></row>
      </table>
    </row>
    <row><WIST_ID>36</WIST_ID><WIST_NAME>NM</WIST_NAME><WIST_DESC>New Mexico</WIST_DESC>
      <table name="WBIAG_STATE_MINWGE" fk="WIST_ID" refers="WIST_ID">
        <row><WISTM_ID>28</WISTM_ID><WIST_ID>36</WIST_ID><WISTM_EFF_DATE>2005-01-01</WISTM_EFF_DATE><WISTM_MIN_WAGE>5.15</WISTM_MIN_WAGE></row>
      </table>
    </row>
    <row><WIST_ID>37</WIST_ID><WIST_NAME>NY</WIST_NAME><WIST_DESC>New York</WIST_DESC>
      <table name="WBIAG_STATE_MINWGE" fk="WIST_ID" refers="WIST_ID">
        <row><WISTM_ID>29</WISTM_ID><WIST_ID>37</WIST_ID><WISTM_EFF_DATE>2005-01-01</WISTM_EFF_DATE><WISTM_MIN_WAGE>6</WISTM_MIN_WAGE></row>
      </table>
    </row>
    <row><WIST_ID>38</WIST_ID><WIST_NAME>NC</WIST_NAME><WIST_DESC>North Carolina</WIST_DESC>
      <table name="WBIAG_STATE_MINWGE" fk="WIST_ID" refers="WIST_ID">
        <row><WISTM_ID>30</WISTM_ID><WIST_ID>38</WIST_ID><WISTM_EFF_DATE>2005-01-01</WISTM_EFF_DATE><WISTM_MIN_WAGE>5.15</WISTM_MIN_WAGE></row>
      </table>
    </row>
    <row><WIST_ID>39</WIST_ID><WIST_NAME>ND</WIST_NAME><WIST_DESC>North Dakota</WIST_DESC>
      <table name="WBIAG_STATE_MINWGE" fk="WIST_ID" refers="WIST_ID">
        <row><WISTM_ID>31</WISTM_ID><WIST_ID>39</WIST_ID><WISTM_EFF_DATE>2005-01-01</WISTM_EFF_DATE><WISTM_MIN_WAGE>5.15</WISTM_MIN_WAGE></row>
      </table>
    </row>
    <row><WIST_ID>40</WIST_ID><WIST_NAME>MP</WIST_NAME><WIST_DESC>Northern Mariana Is.</WIST_DESC>
      <table name="WBIAG_STATE_MINWGE" fk="WIST_ID" refers="WIST_ID">
      </table>
    </row>
    <row><WIST_ID>41</WIST_ID><WIST_NAME>OH</WIST_NAME><WIST_DESC>Ohio</WIST_DESC>
      <table name="WBIAG_STATE_MINWGE" fk="WIST_ID" refers="WIST_ID">
        <row><WISTM_ID>32</WISTM_ID><WIST_ID>41</WIST_ID><WISTM_EFF_DATE>2005-01-01</WISTM_EFF_DATE><WISTM_MIN_WAGE>4.25</WISTM_MIN_WAGE></row>
      </table>
    </row>
    <row><WIST_ID>42</WIST_ID><WIST_NAME>OK</WIST_NAME><WIST_DESC>Oklahoma</WIST_DESC>
      <table name="WBIAG_STATE_MINWGE" fk="WIST_ID" refers="WIST_ID">
        <row><WISTM_ID>33</WISTM_ID><WIST_ID>42</WIST_ID><WISTM_EFF_DATE>2005-01-01</WISTM_EFF_DATE><WISTM_MIN_WAGE>5.15</WISTM_MIN_WAGE></row>
      </table>
    </row>
    <row><WIST_ID>43</WIST_ID><WIST_NAME>OR</WIST_NAME><WIST_DESC>Oregon</WIST_DESC>
      <table name="WBIAG_STATE_MINWGE" fk="WIST_ID" refers="WIST_ID">
        <row><WISTM_ID>34</WISTM_ID><WIST_ID>43</WIST_ID><WISTM_EFF_DATE>2005-01-01</WISTM_EFF_DATE><WISTM_MIN_WAGE>7.25</WISTM_MIN_WAGE></row>
      </table>
    </row>
    <row><WIST_ID>44</WIST_ID><WIST_NAME>PW</WIST_NAME><WIST_DESC>Palau</WIST_DESC>
      <table name="WBIAG_STATE_MINWGE" fk="WIST_ID" refers="WIST_ID">
      </table>
    </row>
    <row><WIST_ID>45</WIST_ID><WIST_NAME>PA</WIST_NAME><WIST_DESC>Pennsylvania</WIST_DESC>
      <table name="WBIAG_STATE_MINWGE" fk="WIST_ID" refers="WIST_ID">
        <row><WISTM_ID>35</WISTM_ID><WIST_ID>45</WIST_ID><WISTM_EFF_DATE>2005-01-01</WISTM_EFF_DATE><WISTM_MIN_WAGE>5.15</WISTM_MIN_WAGE></row>
      </table>
    </row>
    <row><WIST_ID>46</WIST_ID><WIST_NAME>PR</WIST_NAME><WIST_DESC>Puerto Rico</WIST_DESC>
      <table name="WBIAG_STATE_MINWGE" fk="WIST_ID" refers="WIST_ID">
      </table>
    </row>
    <row><WIST_ID>47</WIST_ID><WIST_NAME>RI</WIST_NAME><WIST_DESC>Rhode Island</WIST_DESC>
      <table name="WBIAG_STATE_MINWGE" fk="WIST_ID" refers="WIST_ID">
        <row><WISTM_ID>36</WISTM_ID><WIST_ID>47</WIST_ID><WISTM_EFF_DATE>2005-01-01</WISTM_EFF_DATE><WISTM_MIN_WAGE>6.75</WISTM_MIN_WAGE></row>
      </table>
    </row>
    <row><WIST_ID>48</WIST_ID><WIST_NAME>SC</WIST_NAME><WIST_DESC>South Carolina</WIST_DESC>
      <table name="WBIAG_STATE_MINWGE" fk="WIST_ID" refers="WIST_ID">
      </table>
    </row>
    <row><WIST_ID>49</WIST_ID><WIST_NAME>SD</WIST_NAME><WIST_DESC>South Dakota</WIST_DESC>
      <table name="WBIAG_STATE_MINWGE" fk="WIST_ID" refers="WIST_ID">
        <row><WISTM_ID>37</WISTM_ID><WIST_ID>49</WIST_ID><WISTM_EFF_DATE>2005-01-01</WISTM_EFF_DATE><WISTM_MIN_WAGE>5.15</WISTM_MIN_WAGE></row>
      </table>
    </row>
    <row><WIST_ID>50</WIST_ID><WIST_NAME>TN</WIST_NAME><WIST_DESC>Tennessee</WIST_DESC>
      <table name="WBIAG_STATE_MINWGE" fk="WIST_ID" refers="WIST_ID">
      </table>
    </row>
    <row><WIST_ID>51</WIST_ID><WIST_NAME>TX</WIST_NAME><WIST_DESC>Texas</WIST_DESC>
      <table name="WBIAG_STATE_MINWGE" fk="WIST_ID" refers="WIST_ID">
        <row><WISTM_ID>38</WISTM_ID><WIST_ID>51</WIST_ID><WISTM_EFF_DATE>2005-01-01</WISTM_EFF_DATE><WISTM_MIN_WAGE>5.15</WISTM_MIN_WAGE></row>
      </table>
    </row>
    <row><WIST_ID>52</WIST_ID><WIST_NAME>UT</WIST_NAME><WIST_DESC>Utah</WIST_DESC>
      <table name="WBIAG_STATE_MINWGE" fk="WIST_ID" refers="WIST_ID">
        <row><WISTM_ID>39</WISTM_ID><WIST_ID>52</WIST_ID><WISTM_EFF_DATE>2005-01-01</WISTM_EFF_DATE><WISTM_MIN_WAGE>5.15</WISTM_MIN_WAGE></row>
      </table>
    </row>
    <row><WIST_ID>53</WIST_ID><WIST_NAME>VT</WIST_NAME><WIST_DESC>Vermont</WIST_DESC>
      <table name="WBIAG_STATE_MINWGE" fk="WIST_ID" refers="WIST_ID">
        <row><WISTM_ID>40</WISTM_ID><WIST_ID>53</WIST_ID><WISTM_EFF_DATE>2005-01-01</WISTM_EFF_DATE><WISTM_MIN_WAGE>7</WISTM_MIN_WAGE></row>
      </table>
    </row>
    <row><WIST_ID>54</WIST_ID><WIST_NAME>VA</WIST_NAME><WIST_DESC>Virginia</WIST_DESC>
      <table name="WBIAG_STATE_MINWGE" fk="WIST_ID" refers="WIST_ID">
        <row><WISTM_ID>41</WISTM_ID><WIST_ID>54</WIST_ID><WISTM_EFF_DATE>2005-01-01</WISTM_EFF_DATE><WISTM_MIN_WAGE>5.15</WISTM_MIN_WAGE></row>
      </table>
    </row>
    <row><WIST_ID>55</WIST_ID><WIST_NAME>VI</WIST_NAME><WIST_DESC>Virgin Islands</WIST_DESC>
      <table name="WBIAG_STATE_MINWGE" fk="WIST_ID" refers="WIST_ID">
      </table>
    </row>
    <row><WIST_ID>56</WIST_ID><WIST_NAME>WA</WIST_NAME><WIST_DESC>Washington</WIST_DESC>
      <table name="WBIAG_STATE_MINWGE" fk="WIST_ID" refers="WIST_ID">
        <row><WISTM_ID>42</WISTM_ID><WIST_ID>56</WIST_ID><WISTM_EFF_DATE>2005-01-01</WISTM_EFF_DATE><WISTM_MIN_WAGE>7.35</WISTM_MIN_WAGE></row>
      </table>
    </row>
    <row><WIST_ID>57</WIST_ID><WIST_NAME>WV</WIST_NAME><WIST_DESC>West Virginia</WIST_DESC>
      <table name="WBIAG_STATE_MINWGE" fk="WIST_ID" refers="WIST_ID">
        <row><WISTM_ID>43</WISTM_ID><WIST_ID>57</WIST_ID><WISTM_EFF_DATE>2005-01-01</WISTM_EFF_DATE><WISTM_MIN_WAGE>5.15</WISTM_MIN_WAGE></row>
      </table>
    </row>
    <row><WIST_ID>58</WIST_ID><WIST_NAME>WI</WIST_NAME><WIST_DESC>Wisconsin</WIST_DESC>
      <table name="WBIAG_STATE_MINWGE" fk="WIST_ID" refers="WIST_ID">
        <row><WISTM_ID>44</WISTM_ID><WIST_ID>58</WIST_ID><WISTM_EFF_DATE>2005-01-01</WISTM_EFF_DATE><WISTM_MIN_WAGE>5.15</WISTM_MIN_WAGE></row>
      </table>
    </row>
    <row><WIST_ID>59</WIST_ID><WIST_NAME>WY</WIST_NAME><WIST_DESC>Wyoming</WIST_DESC>
      <table name="WBIAG_STATE_MINWGE" fk="WIST_ID" refers="WIST_ID">
        <row><WISTM_ID>45</WISTM_ID><WIST_ID>59</WIST_ID><WISTM_EFF_DATE>2005-01-01</WISTM_EFF_DATE><WISTM_MIN_WAGE>5.15</WISTM_MIN_WAGE></row>
      </table>
    </row>
    <row><WIST_ID>60</WIST_ID><WIST_NAME>AB</WIST_NAME><WIST_DESC>Alberta</WIST_DESC>
      <table name="WBIAG_STATE_MINWGE" fk="WIST_ID" refers="WIST_ID">
        <row><WISTM_ID>46</WISTM_ID><WIST_ID>60</WIST_ID><WISTM_EFF_DATE>2005-01-01</WISTM_EFF_DATE><WISTM_MIN_WAGE>5.9</WISTM_MIN_WAGE></row>
      </table>
    </row>
    <row><WIST_ID>61</WIST_ID><WIST_NAME>BC</WIST_NAME><WIST_DESC>British Columbia</WIST_DESC>
      <table name="WBIAG_STATE_MINWGE" fk="WIST_ID" refers="WIST_ID">
        <row><WISTM_ID>47</WISTM_ID><WIST_ID>61</WIST_ID><WISTM_EFF_DATE>2005-01-01</WISTM_EFF_DATE><WISTM_MIN_WAGE>8</WISTM_MIN_WAGE></row>
      </table>
    </row>
    <row><WIST_ID>62</WIST_ID><WIST_NAME>MB</WIST_NAME><WIST_DESC>Manitoba</WIST_DESC>
      <table name="WBIAG_STATE_MINWGE" fk="WIST_ID" refers="WIST_ID">
        <row><WISTM_ID>48</WISTM_ID><WIST_ID>62</WIST_ID><WISTM_EFF_DATE>2005-01-01</WISTM_EFF_DATE><WISTM_MIN_WAGE>7.25</WISTM_MIN_WAGE></row>
      </table>
    </row>
    <row><WIST_ID>63</WIST_ID><WIST_NAME>NB</WIST_NAME><WIST_DESC>New Brunswick</WIST_DESC>
      <table name="WBIAG_STATE_MINWGE" fk="WIST_ID" refers="WIST_ID">
        <row><WISTM_ID>49</WISTM_ID><WIST_ID>63</WIST_ID><WISTM_EFF_DATE>2005-01-01</WISTM_EFF_DATE><WISTM_MIN_WAGE>6.3</WISTM_MIN_WAGE></row>
      </table>
    </row>
    <row><WIST_ID>64</WIST_ID><WIST_NAME>NF</WIST_NAME><WIST_DESC>Newfoundland</WIST_DESC>
      <table name="WBIAG_STATE_MINWGE" fk="WIST_ID" refers="WIST_ID">
        <row><WISTM_ID>50</WISTM_ID><WIST_ID>64</WIST_ID><WISTM_EFF_DATE>2005-01-01</WISTM_EFF_DATE><WISTM_MIN_WAGE>6</WISTM_MIN_WAGE></row>
      </table>
    </row>
    <row><WIST_ID>65</WIST_ID><WIST_NAME>NT</WIST_NAME><WIST_DESC>Northwest Territories</WIST_DESC>
      <table name="WBIAG_STATE_MINWGE" fk="WIST_ID" refers="WIST_ID">
        <row><WISTM_ID>51</WISTM_ID><WIST_ID>65</WIST_ID><WISTM_EFF_DATE>2005-01-01</WISTM_EFF_DATE><WISTM_MIN_WAGE>8.25</WISTM_MIN_WAGE></row>
      </table>
    </row>
    <row><WIST_ID>66</WIST_ID><WIST_NAME>NS</WIST_NAME><WIST_DESC>Nova Scotia</WIST_DESC>
      <table name="WBIAG_STATE_MINWGE" fk="WIST_ID" refers="WIST_ID">
        <row><WISTM_ID>52</WISTM_ID><WIST_ID>66</WIST_ID><WISTM_EFF_DATE>2005-01-01</WISTM_EFF_DATE><WISTM_MIN_WAGE>6.5</WISTM_MIN_WAGE></row>
      </table>
    </row>
    <row><WIST_ID>68</WIST_ID><WIST_NAME>ON</WIST_NAME><WIST_DESC>Ontario</WIST_DESC>
      <table name="WBIAG_STATE_MINWGE" fk="WIST_ID" refers="WIST_ID">
        <row><WISTM_ID>54</WISTM_ID><WIST_ID>68</WIST_ID><WISTM_EFF_DATE>2005-01-01</WISTM_EFF_DATE><WISTM_MIN_WAGE>7.45</WISTM_MIN_WAGE></row>
      </table>
    </row>
    <row><WIST_ID>69</WIST_ID><WIST_NAME>PE</WIST_NAME><WIST_DESC>Prince Edward Island</WIST_DESC>
      <table name="WBIAG_STATE_MINWGE" fk="WIST_ID" refers="WIST_ID">
        <row><WISTM_ID>55</WISTM_ID><WIST_ID>69</WIST_ID><WISTM_EFF_DATE>2005-01-01</WISTM_EFF_DATE><WISTM_MIN_WAGE>6.8</WISTM_MIN_WAGE></row>
      </table>
    </row>
    <row><WIST_ID>70</WIST_ID><WIST_NAME>QC</WIST_NAME><WIST_DESC>Quebec</WIST_DESC>
      <table name="WBIAG_STATE_MINWGE" fk="WIST_ID" refers="WIST_ID">
        <row><WISTM_ID>56</WISTM_ID><WIST_ID>70</WIST_ID><WISTM_EFF_DATE>2005-01-01</WISTM_EFF_DATE><WISTM_MIN_WAGE>7.6</WISTM_MIN_WAGE></row>
      </table>
    </row>
    <row><WIST_ID>71</WIST_ID><WIST_NAME>SK</WIST_NAME><WIST_DESC>Saskatchewan</WIST_DESC>
      <table name="WBIAG_STATE_MINWGE" fk="WIST_ID" refers="WIST_ID">
        <row><WISTM_ID>57</WISTM_ID><WIST_ID>71</WIST_ID><WISTM_EFF_DATE>2005-01-01</WISTM_EFF_DATE><WISTM_MIN_WAGE>6.65</WISTM_MIN_WAGE></row>
      </table>
    </row>
    <row><WIST_ID>72</WIST_ID><WIST_NAME>YT</WIST_NAME><WIST_DESC>Yukon</WIST_DESC>
      <table name="WBIAG_STATE_MINWGE" fk="WIST_ID" refers="WIST_ID">
        <row><WISTM_ID>58</WISTM_ID><WIST_ID>72</WIST_ID><WISTM_EFF_DATE>2005-01-01</WISTM_EFF_DATE><WISTM_MIN_WAGE>7.2</WISTM_MIN_WAGE></row>
      </table>
    </row>
    <row><WIST_ID>67</WIST_ID><WIST_NAME>NU</WIST_NAME><WIST_DESC>Nunavut</WIST_DESC>
      <table name="WBIAG_STATE_MINWGE" fk="WIST_ID" refers="WIST_ID">
        <row><WISTM_ID>53</WISTM_ID><WIST_ID>67</WIST_ID><WISTM_EFF_DATE>2005-01-01</WISTM_EFF_DATE><WISTM_MIN_WAGE>8.5</WISTM_MIN_WAGE></row>
      </table>
    </row>
  </table>
  <!-- 01/01/2006 Minimum wages --> 
  <table name="WBIAG_STATE_MINWGE">
    <row><WISTM_ID>59</WISTM_ID><WIST_ID>37</WIST_ID><WISTM_EFF_DATE>2006-01-01 00:00:00</WISTM_EFF_DATE><WISTM_MIN_WAGE>6.75</WISTM_MIN_WAGE></row>
    <row><WISTM_ID>60</WISTM_ID><WIST_ID>37</WIST_ID><WISTM_EFF_DATE>2007-01-01 00:00:00</WISTM_EFF_DATE><WISTM_MIN_WAGE>7.15</WISTM_MIN_WAGE></row>
    <row><WISTM_ID>61</WISTM_ID><WIST_ID>12</WIST_ID><WISTM_EFF_DATE>2006-01-01 00:00:00</WISTM_EFF_DATE><WISTM_MIN_WAGE>6.4</WISTM_MIN_WAGE></row>
    <row><WISTM_ID>62</WISTM_ID><WIST_ID>10</WIST_ID><WISTM_EFF_DATE>2006-01-01 00:00:00</WISTM_EFF_DATE><WISTM_MIN_WAGE>7</WISTM_MIN_WAGE></row>
    <row><WISTM_ID>63</WISTM_ID><WIST_ID>43</WIST_ID><WISTM_EFF_DATE>2006-01-01 00:00:00</WISTM_EFF_DATE><WISTM_MIN_WAGE>7.5</WISTM_MIN_WAGE></row>
    <row><WISTM_ID>64</WISTM_ID><WIST_ID>60</WIST_ID><WISTM_EFF_DATE>2006-01-01 00:00:00</WISTM_EFF_DATE><WISTM_MIN_WAGE>7</WISTM_MIN_WAGE></row>
    <row><WISTM_ID>65</WISTM_ID><WIST_ID>63</WIST_ID><WISTM_EFF_DATE>2006-01-01 00:00:00</WISTM_EFF_DATE><WISTM_MIN_WAGE>6.5</WISTM_MIN_WAGE></row>
    <row><WISTM_ID>66</WISTM_ID><WIST_ID>64</WIST_ID><WISTM_EFF_DATE>2006-01-01 00:00:00</WISTM_EFF_DATE><WISTM_MIN_WAGE>6.5</WISTM_MIN_WAGE></row>
    <row><WISTM_ID>67</WISTM_ID><WIST_ID>66</WIST_ID><WISTM_EFF_DATE>2006-01-01 00:00:00</WISTM_EFF_DATE><WISTM_MIN_WAGE>6.8</WISTM_MIN_WAGE></row>
    <row><WISTM_ID>68</WISTM_ID><WIST_ID>68</WIST_ID><WISTM_EFF_DATE>2006-02-01 00:00:00</WISTM_EFF_DATE><WISTM_MIN_WAGE>7.75</WISTM_MIN_WAGE></row>
    <row><WISTM_ID>69</WISTM_ID><WIST_ID>71</WIST_ID><WISTM_EFF_DATE>2006-01-01 00:00:00</WISTM_EFF_DATE><WISTM_MIN_WAGE>7.05</WISTM_MIN_WAGE></row>
  </table>

  <!-- 03/15/2006 Added Federal and City Minimum Wages -->
  <table name="WBIAG_STATE">
    <row><WIST_ID>73</WIST_ID><WIST_NAME>SF</WIST_NAME><WIST_DESC>San Francisco</WIST_DESC>
      <table name="WBIAG_STATE_MINWGE" fk="WIST_ID" refers="WIST_ID">
        <row><WISTM_ID>70</WISTM_ID><WIST_ID>73</WIST_ID><WISTM_EFF_DATE>2005-01-01</WISTM_EFF_DATE><WISTM_MIN_WAGE>8.62</WISTM_MIN_WAGE></row>
      </table>
    </row>
    <row><WIST_ID>74</WIST_ID><WIST_NAME>BA</WIST_NAME><WIST_DESC>Baltimore</WIST_DESC>
      <table name="WBIAG_STATE_MINWGE" fk="WIST_ID" refers="WIST_ID">
        <row><WISTM_ID>71</WISTM_ID><WIST_ID>74</WIST_ID><WISTM_EFF_DATE>2005-01-01</WISTM_EFF_DATE><WISTM_MIN_WAGE>5.15</WISTM_MIN_WAGE></row>
      </table>
    </row>
    <row><WIST_ID>75</WIST_ID><WIST_NAME>SFE</WIST_NAME><WIST_DESC>Santa Fe</WIST_DESC>
      <table name="WBIAG_STATE_MINWGE" fk="WIST_ID" refers="WIST_ID">
        <row><WISTM_ID>72</WISTM_ID><WIST_ID>75</WIST_ID><WISTM_EFF_DATE>2006-01-01</WISTM_EFF_DATE><WISTM_MIN_WAGE>9.50</WISTM_MIN_WAGE></row>
      </table>
    </row>
    <row><WIST_ID>76</WIST_ID><WIST_NAME>FED</WIST_NAME><WIST_DESC>Federal FLSA</WIST_DESC>
      <table name="WBIAG_STATE_MINWGE" fk="WIST_ID" refers="WIST_ID">
        <row><WISTM_ID>73</WISTM_ID><WIST_ID>76</WIST_ID><WISTM_EFF_DATE>2005-01-01</WISTM_EFF_DATE><WISTM_MIN_WAGE>5.15</WISTM_MIN_WAGE></row>
      </table>
    </row>
  
  </table>
  
  <!-- 03/15/2006 Minimum wages Overrides --> 
  <table name="WBIAG_STATE_MINWGE">
    <!-- connecticut -->
    <row><WISTM_ID>74</WISTM_ID><WIST_ID>8</WIST_ID><WISTM_EFF_DATE>2006-01-01 00:00:00</WISTM_EFF_DATE><WISTM_MIN_WAGE>7.40</WISTM_MIN_WAGE></row>
    <row><WISTM_ID>75</WISTM_ID><WIST_ID>8</WIST_ID><WISTM_EFF_DATE>2007-01-01 00:00:00</WISTM_EFF_DATE><WISTM_MIN_WAGE>7.65</WISTM_MIN_WAGE></row>
    <!-- Hawaii -->
    <row><WISTM_ID>76</WISTM_ID><WIST_ID>15</WIST_ID><WISTM_EFF_DATE>2006-01-01 00:00:00</WISTM_EFF_DATE><WISTM_MIN_WAGE>6.75</WISTM_MIN_WAGE></row>
    <row><WISTM_ID>77</WISTM_ID><WIST_ID>15</WIST_ID><WISTM_EFF_DATE>2007-01-01 00:00:00</WISTM_EFF_DATE><WISTM_MIN_WAGE>7.25</WISTM_MIN_WAGE></row>
    <!-- Maine -->
    <row><WISTM_ID>78</WISTM_ID><WIST_ID>23</WIST_ID><WISTM_EFF_DATE>2005-10-01 00:00:00</WISTM_EFF_DATE><WISTM_MIN_WAGE>6.50</WISTM_MIN_WAGE></row>
    <!-- Maryland -->
    <row><WISTM_ID>79</WISTM_ID><WIST_ID>25</WIST_ID><WISTM_EFF_DATE>2006-02-16 00:00:00</WISTM_EFF_DATE><WISTM_MIN_WAGE>6.15</WISTM_MIN_WAGE></row>      
    <!-- Minnesota -->
    <row><WISTM_ID>80</WISTM_ID><WIST_ID>28</WIST_ID><WISTM_EFF_DATE>2005-08-01 00:00:00</WISTM_EFF_DATE><WISTM_MIN_WAGE>6.15</WISTM_MIN_WAGE></row>        
    <!-- New Jersey -->
    <row><WISTM_ID>81</WISTM_ID><WIST_ID>35</WIST_ID><WISTM_EFF_DATE>2005-10-01 00:00:00</WISTM_EFF_DATE><WISTM_MIN_WAGE>6.15</WISTM_MIN_WAGE></row>
    <row><WISTM_ID>82</WISTM_ID><WIST_ID>35</WIST_ID><WISTM_EFF_DATE>2006-10-01 00:00:00</WISTM_EFF_DATE><WISTM_MIN_WAGE>7.15</WISTM_MIN_WAGE></row>
    <!-- Vermont -->
    <row><WISTM_ID>83</WISTM_ID><WIST_ID>53</WIST_ID><WISTM_EFF_DATE>2006-01-01 00:00:00</WISTM_EFF_DATE><WISTM_MIN_WAGE>7.25</WISTM_MIN_WAGE></row>
    <!-- Virgin Islands -->
    <row><WISTM_ID>84</WISTM_ID><WIST_ID>55</WIST_ID><WISTM_EFF_DATE>2005-01-01 00:00:00</WISTM_EFF_DATE><WISTM_MIN_WAGE>4.65</WISTM_MIN_WAGE></row>
    <row><WISTM_ID>85</WISTM_ID><WIST_ID>55</WIST_ID><WISTM_EFF_DATE>2006-01-01 00:00:00</WISTM_EFF_DATE><WISTM_MIN_WAGE>5.65</WISTM_MIN_WAGE></row>
    <row><WISTM_ID>86</WISTM_ID><WIST_ID>55</WIST_ID><WISTM_EFF_DATE>2007-01-01 00:00:00</WISTM_EFF_DATE><WISTM_MIN_WAGE>6.15</WISTM_MIN_WAGE></row>
    <!-- Washington -->
    <row><WISTM_ID>87</WISTM_ID><WIST_ID>56</WIST_ID><WISTM_EFF_DATE>2006-01-01 00:00:00</WISTM_EFF_DATE><WISTM_MIN_WAGE>7.63</WISTM_MIN_WAGE></row>
    <!-- Wisconsin -->
    <row><WISTM_ID>88</WISTM_ID><WIST_ID>58</WIST_ID><WISTM_EFF_DATE>2005-06-01 00:00:00</WISTM_EFF_DATE><WISTM_MIN_WAGE>5.70</WISTM_MIN_WAGE></row>
    <!-- Ontario -->
    <row><WISTM_ID>89</WISTM_ID><WIST_ID>68</WIST_ID><WISTM_EFF_DATE>2007-02-01 00:00:00</WISTM_EFF_DATE><WISTM_MIN_WAGE>8</WISTM_MIN_WAGE></row>
    <!-- Saskatchewan -->    
    <row><WISTM_ID>90</WISTM_ID><WIST_ID>71</WIST_ID><WISTM_EFF_DATE>2006-03-01 00:00:00</WISTM_EFF_DATE><WISTM_MIN_WAGE>7.55</WISTM_MIN_WAGE></row>
    <!-- San Francisco -->
    <row><WISTM_ID>91</WISTM_ID><WIST_ID>73</WIST_ID><WISTM_EFF_DATE>2006-01-01 00:00:00</WISTM_EFF_DATE><WISTM_MIN_WAGE>8.82</WISTM_MIN_WAGE></row>        
  </table>  

  <table name="MAINTENANCE_FORM">
    <row><MFRM_ID>1000000</MFRM_ID><MFRM_NAME>WBIAG STATE/PROVINCE</MFRM_NAME><MFRM_DESC>WBIAG STATE/PROVINCE</MFRM_DESC><MFRM_ASP>maintenance.asp</MFRM_ASP><MFRM_TABLE>WBIAG_STATE</MFRM_TABLE><MFRM_KEYFIELD>wist_id</MFRM_KEYFIELD><MFRM_ORIENTATION>H</MFRM_ORIENTATION><MFRM_MAX_ROWS>20</MFRM_MAX_ROWS><MFRM_REC_BEFORE>0</MFRM_REC_BEFORE><MFRM_REC_AFTER>0</MFRM_REC_AFTER><MFRMT_ID>11</MFRMT_ID><MFRM_ORDER_BY_FIELD>wist_id</MFRM_ORDER_BY_FIELD><MFRM_AUDIT>Y</MFRM_AUDIT><MFRM_PARAMETER>[NEW]=TRUE~[EDT]=BTN~[DEL]=TRUE</MFRM_PARAMETER><MFRM_MENUPARENT_ID>278</MFRM_MENUPARENT_ID><MFRM_JSP>/maintenance/mntForms.jsp</MFRM_JSP><MFRM_PARAMETER_JSP>[NEW]=TRUE~[EDT]=BTN~[DEL]=TRUE</MFRM_PARAMETER_JSP>
      <table name="WORKBRAIN_FIELD" fk="MFRM_ID" refers="MFRM_ID">
        <row><WBF_ID>-1000050</WBF_ID><WBF_NAME>WIST_UDF1</WBF_NAME><WBDT_ID>0</WBDT_ID><SELECT_ID>0</SELECT_ID><MFRM_ID>1000000</MFRM_ID><WBF_AUDIT>N</WBF_AUDIT><WBF_UI>HiddenUI</WBF_UI><WBF_REQUIRED>D</WBF_REQUIRED></row>
        <row><WBF_ID>-1000051</WBF_ID><WBF_NAME>WIST_UDF2</WBF_NAME><WBDT_ID>0</WBDT_ID><SELECT_ID>0</SELECT_ID><MFRM_ID>1000000</MFRM_ID><WBF_AUDIT>N</WBF_AUDIT><WBF_UI>HiddenUI</WBF_UI><WBF_REQUIRED>D</WBF_REQUIRED></row>
        <row><WBF_ID>-1000052</WBF_ID><WBF_NAME>WIST_UDF3</WBF_NAME><WBDT_ID>0</WBDT_ID><SELECT_ID>0</SELECT_ID><MFRM_ID>1000000</MFRM_ID><WBF_AUDIT>N</WBF_AUDIT><WBF_UI>HiddenUI</WBF_UI><WBF_REQUIRED>D</WBF_REQUIRED></row>
        <row><WBF_ID>-1000053</WBF_ID><WBF_NAME>WIST_UDF4</WBF_NAME><WBDT_ID>0</WBDT_ID><SELECT_ID>0</SELECT_ID><MFRM_ID>1000000</MFRM_ID><WBF_AUDIT>N</WBF_AUDIT><WBF_UI>HiddenUI</WBF_UI><WBF_REQUIRED>D</WBF_REQUIRED></row>
        <row><WBF_ID>-1000054</WBF_ID><WBF_NAME>WIST_UDF5</WBF_NAME><WBDT_ID>0</WBDT_ID><SELECT_ID>0</SELECT_ID><MFRM_ID>1000000</MFRM_ID><WBF_AUDIT>N</WBF_AUDIT><WBF_UI>HiddenUI</WBF_UI><WBF_REQUIRED>D</WBF_REQUIRED></row>
        <row><WBF_ID>-1000055</WBF_ID><WBF_NAME>WIST_UDF6</WBF_NAME><WBDT_ID>0</WBDT_ID><SELECT_ID>0</SELECT_ID><MFRM_ID>1000000</MFRM_ID><WBF_AUDIT>N</WBF_AUDIT><WBF_UI>HiddenUI</WBF_UI><WBF_REQUIRED>D</WBF_REQUIRED></row>
        <row><WBF_ID>-1000056</WBF_ID><WBF_NAME>WIST_UDF7</WBF_NAME><WBDT_ID>0</WBDT_ID><SELECT_ID>0</SELECT_ID><MFRM_ID>1000000</MFRM_ID><WBF_AUDIT>N</WBF_AUDIT><WBF_UI>HiddenUI</WBF_UI><WBF_REQUIRED>D</WBF_REQUIRED></row>
        <row><WBF_ID>-1000057</WBF_ID><WBF_NAME>WIST_UDF8</WBF_NAME><WBDT_ID>0</WBDT_ID><SELECT_ID>0</SELECT_ID><MFRM_ID>1000000</MFRM_ID><WBF_AUDIT>N</WBF_AUDIT><WBF_UI>HiddenUI</WBF_UI><WBF_REQUIRED>D</WBF_REQUIRED></row>
        <row><WBF_ID>-1000058</WBF_ID><WBF_NAME>WIST_UDF9</WBF_NAME><WBDT_ID>0</WBDT_ID><SELECT_ID>0</SELECT_ID><MFRM_ID>1000000</MFRM_ID><WBF_AUDIT>N</WBF_AUDIT><WBF_UI>HiddenUI</WBF_UI><WBF_REQUIRED>D</WBF_REQUIRED></row>
        <row><WBF_ID>-1000059</WBF_ID><WBF_NAME>WIST_UDF10</WBF_NAME><WBDT_ID>0</WBDT_ID><SELECT_ID>0</SELECT_ID><MFRM_ID>1000000</MFRM_ID><WBF_AUDIT>N</WBF_AUDIT><WBF_UI>HiddenUI</WBF_UI><WBF_REQUIRED>D</WBF_REQUIRED></row>

        <row><WBF_ID>-1000060</WBF_ID><WBF_NAME>WIST_FLAG1</WBF_NAME><WBDT_ID>0</WBDT_ID><SELECT_ID>0</SELECT_ID><MFRM_ID>1000000</MFRM_ID><WBF_AUDIT>N</WBF_AUDIT><WBF_UI>HiddenUI</WBF_UI><WBF_REQUIRED>D</WBF_REQUIRED></row>
        <row><WBF_ID>-1000061</WBF_ID><WBF_NAME>WIST_FLAG2</WBF_NAME><WBDT_ID>0</WBDT_ID><SELECT_ID>0</SELECT_ID><MFRM_ID>1000000</MFRM_ID><WBF_AUDIT>N</WBF_AUDIT><WBF_UI>HiddenUI</WBF_UI><WBF_REQUIRED>D</WBF_REQUIRED></row>
        <row><WBF_ID>-1000062</WBF_ID><WBF_NAME>WIST_FLAG3</WBF_NAME><WBDT_ID>0</WBDT_ID><SELECT_ID>0</SELECT_ID><MFRM_ID>1000000</MFRM_ID><WBF_AUDIT>N</WBF_AUDIT><WBF_UI>HiddenUI</WBF_UI><WBF_REQUIRED>D</WBF_REQUIRED></row>
        <row><WBF_ID>-1000063</WBF_ID><WBF_NAME>WIST_FLAG4</WBF_NAME><WBDT_ID>0</WBDT_ID><SELECT_ID>0</SELECT_ID><MFRM_ID>1000000</MFRM_ID><WBF_AUDIT>N</WBF_AUDIT><WBF_UI>HiddenUI</WBF_UI><WBF_REQUIRED>D</WBF_REQUIRED></row>
        <row><WBF_ID>-1000064</WBF_ID><WBF_NAME>WIST_FLAG5</WBF_NAME><WBDT_ID>0</WBDT_ID><SELECT_ID>0</SELECT_ID><MFRM_ID>1000000</MFRM_ID><WBF_AUDIT>N</WBF_AUDIT><WBF_UI>HiddenUI</WBF_UI><WBF_REQUIRED>D</WBF_REQUIRED></row>
        <row><WBF_ID>-1000065</WBF_ID><WBF_NAME>WIST_FLAG6</WBF_NAME><WBDT_ID>0</WBDT_ID><SELECT_ID>0</SELECT_ID><MFRM_ID>1000000</MFRM_ID><WBF_AUDIT>N</WBF_AUDIT><WBF_UI>HiddenUI</WBF_UI><WBF_REQUIRED>D</WBF_REQUIRED></row>
        <row><WBF_ID>-1000066</WBF_ID><WBF_NAME>WIST_FLAG7</WBF_NAME><WBDT_ID>0</WBDT_ID><SELECT_ID>0</SELECT_ID><MFRM_ID>1000000</MFRM_ID><WBF_AUDIT>N</WBF_AUDIT><WBF_UI>HiddenUI</WBF_UI><WBF_REQUIRED>D</WBF_REQUIRED></row>
        <row><WBF_ID>-1000067</WBF_ID><WBF_NAME>WIST_FLAG8</WBF_NAME><WBDT_ID>0</WBDT_ID><SELECT_ID>0</SELECT_ID><MFRM_ID>1000000</MFRM_ID><WBF_AUDIT>N</WBF_AUDIT><WBF_UI>HiddenUI</WBF_UI><WBF_REQUIRED>D</WBF_REQUIRED></row>
        <row><WBF_ID>-1000068</WBF_ID><WBF_NAME>WIST_FLAG9</WBF_NAME><WBDT_ID>0</WBDT_ID><SELECT_ID>0</SELECT_ID><MFRM_ID>1000000</MFRM_ID><WBF_AUDIT>N</WBF_AUDIT><WBF_UI>HiddenUI</WBF_UI><WBF_REQUIRED>D</WBF_REQUIRED></row>
        <row><WBF_ID>-1000069</WBF_ID><WBF_NAME>WIST_FLAG10</WBF_NAME><WBDT_ID>0</WBDT_ID><SELECT_ID>0</SELECT_ID><MFRM_ID>1000000</MFRM_ID><WBF_AUDIT>N</WBF_AUDIT><WBF_UI>HiddenUI</WBF_UI><WBF_REQUIRED>D</WBF_REQUIRED></row>
      </table>
      <table name="MAINTENANCE_FORM_GRP" fk="MFRM_ID" refers="MFRM_ID">
        <row><MFG_ID>-1000000</MFG_ID><MFRM_ID>1000000</MFRM_ID><WBG_ID>2</WBG_ID><WBP_ID>1</WBP_ID></row>
      </table>
      <table name="WB_LOCALZD_TBLVAL" fk="WBLTV_DATA_ID" refers="MFRM_ID">
        <row><WBLTV_ID>-1000000</WBLTV_ID><WBLT_ID>34</WBLT_ID><WBL_ID>1</WBL_ID><WBLTV_DATA_ID>1000000</WBLTV_DATA_ID><WBLTV_DATA_NAME>WBIAG STATES</WBLTV_DATA_NAME><WBLTV_DATA_DESC>WBIAG STATES</WBLTV_DATA_DESC></row>
        <row><WBLTV_ID>-1000001</WBLTV_ID><WBLT_ID>34</WBLT_ID><WBL_ID>2</WBL_ID><WBLTV_DATA_ID>1000000</WBLTV_DATA_ID><WBLTV_DATA_NAME>WBIAG STATES</WBLTV_DATA_NAME><WBLTV_DATA_DESC>WBIAG STATES</WBLTV_DATA_DESC></row>
        <row><WBLTV_ID>-1000002</WBLTV_ID><WBLT_ID>34</WBLT_ID><WBL_ID>3</WBL_ID><WBLTV_DATA_ID>1000000</WBLTV_DATA_ID><WBLTV_DATA_NAME>WBIAG STATES</WBLTV_DATA_NAME><WBLTV_DATA_DESC>WBIAG STATES</WBLTV_DATA_DESC></row>
      </table>
    </row>
    <row><MFRM_ID>1000001</MFRM_ID><MFRM_NAME>WBIAG STATE/PROVINCE MINIMUM WAGES</MFRM_NAME><MFRM_DESC>WBIAG STATE/PROVINCE MINIMUM WAGES</MFRM_DESC><MFRM_ASP>maintenance.asp</MFRM_ASP><MFRM_TABLE>WBIAG_STATE_MINWGE</MFRM_TABLE><MFRM_KEYFIELD>wistm_id</MFRM_KEYFIELD><MFRM_ORIENTATION>H</MFRM_ORIENTATION><MFRM_MAX_ROWS>20</MFRM_MAX_ROWS><MFRM_REC_BEFORE>0</MFRM_REC_BEFORE><MFRM_REC_AFTER>0</MFRM_REC_AFTER><MFRMT_ID>11</MFRMT_ID><MFRM_PARENT_KEYS>wist_id</MFRM_PARENT_KEYS><MFRM_PARENT_MFRM_ID>1000000</MFRM_PARENT_MFRM_ID><MFRM_AUDIT>Y</MFRM_AUDIT><MFRM_PARAMETER>[NEW]=TRUE~[EDT]=BTN~[DEL]=TRUE</MFRM_PARAMETER><MFRM_MENUPARENT_ID>278</MFRM_MENUPARENT_ID><MFRM_JSP>/maintenance/mntForms.jsp</MFRM_JSP><MFRM_PARAMETER_JSP>[NEW]=TRUE~[EDT]=BTN~[DEL]=TRUE</MFRM_PARAMETER_JSP>
      <table name="WORKBRAIN_FIELD" fk="MFRM_ID" refers="MFRM_ID">
        <row><WBF_ID>-1000029</WBF_ID><WBF_NAME>WISTM_MIN_WAGE</WBF_NAME><WBDT_ID>2</WBDT_ID><SELECT_ID>0</SELECT_ID><MFRM_ID>1000001</MFRM_ID><WBF_AUDIT>N</WBF_AUDIT><WBF_UI>NumberUI</WBF_UI><WBF_UI_PARAM>width=5 precision=2</WBF_UI_PARAM><WBF_REQUIRED>D</WBF_REQUIRED></row>
        <row><WBF_ID>-1000030</WBF_ID><WBF_NAME>WISTM_UDF1</WBF_NAME><WBDT_ID>0</WBDT_ID><SELECT_ID>0</SELECT_ID><MFRM_ID>1000001</MFRM_ID><WBF_AUDIT>N</WBF_AUDIT><WBF_UI>HiddenUI</WBF_UI><WBF_REQUIRED>D</WBF_REQUIRED></row>
        <row><WBF_ID>-1000031</WBF_ID><WBF_NAME>WISTM_UDF2</WBF_NAME><WBDT_ID>0</WBDT_ID><SELECT_ID>0</SELECT_ID><MFRM_ID>1000001</MFRM_ID><WBF_AUDIT>N</WBF_AUDIT><WBF_UI>HiddenUI</WBF_UI><WBF_REQUIRED>D</WBF_REQUIRED></row>
        <row><WBF_ID>-1000032</WBF_ID><WBF_NAME>WISTM_UDF3</WBF_NAME><WBDT_ID>0</WBDT_ID><SELECT_ID>0</SELECT_ID><MFRM_ID>1000001</MFRM_ID><WBF_AUDIT>N</WBF_AUDIT><WBF_UI>HiddenUI</WBF_UI><WBF_REQUIRED>D</WBF_REQUIRED></row>
        <row><WBF_ID>-1000033</WBF_ID><WBF_NAME>WISTM_UDF4</WBF_NAME><WBDT_ID>0</WBDT_ID><SELECT_ID>0</SELECT_ID><MFRM_ID>1000001</MFRM_ID><WBF_AUDIT>N</WBF_AUDIT><WBF_UI>HiddenUI</WBF_UI><WBF_REQUIRED>D</WBF_REQUIRED></row>
        <row><WBF_ID>-1000034</WBF_ID><WBF_NAME>WISTM_UDF5</WBF_NAME><WBDT_ID>0</WBDT_ID><SELECT_ID>0</SELECT_ID><MFRM_ID>1000001</MFRM_ID><WBF_AUDIT>N</WBF_AUDIT><WBF_UI>HiddenUI</WBF_UI><WBF_REQUIRED>D</WBF_REQUIRED></row>
        <row><WBF_ID>-1000035</WBF_ID><WBF_NAME>WISTM_UDF6</WBF_NAME><WBDT_ID>0</WBDT_ID><SELECT_ID>0</SELECT_ID><MFRM_ID>1000001</MFRM_ID><WBF_AUDIT>N</WBF_AUDIT><WBF_UI>HiddenUI</WBF_UI><WBF_REQUIRED>D</WBF_REQUIRED></row>
        <row><WBF_ID>-1000036</WBF_ID><WBF_NAME>WISTM_UDF7</WBF_NAME><WBDT_ID>0</WBDT_ID><SELECT_ID>0</SELECT_ID><MFRM_ID>1000001</MFRM_ID><WBF_AUDIT>N</WBF_AUDIT><WBF_UI>HiddenUI</WBF_UI><WBF_REQUIRED>D</WBF_REQUIRED></row>
        <row><WBF_ID>-1000037</WBF_ID><WBF_NAME>WISTM_UDF8</WBF_NAME><WBDT_ID>0</WBDT_ID><SELECT_ID>0</SELECT_ID><MFRM_ID>1000001</MFRM_ID><WBF_AUDIT>N</WBF_AUDIT><WBF_UI>HiddenUI</WBF_UI><WBF_REQUIRED>D</WBF_REQUIRED></row>
        <row><WBF_ID>-1000038</WBF_ID><WBF_NAME>WISTM_UDF9</WBF_NAME><WBDT_ID>0</WBDT_ID><SELECT_ID>0</SELECT_ID><MFRM_ID>1000001</MFRM_ID><WBF_AUDIT>N</WBF_AUDIT><WBF_UI>HiddenUI</WBF_UI><WBF_REQUIRED>D</WBF_REQUIRED></row>
        <row><WBF_ID>-1000039</WBF_ID><WBF_NAME>WISTM_UDF10</WBF_NAME><WBDT_ID>0</WBDT_ID><SELECT_ID>0</SELECT_ID><MFRM_ID>1000001</MFRM_ID><WBF_AUDIT>N</WBF_AUDIT><WBF_UI>HiddenUI</WBF_UI><WBF_REQUIRED>D</WBF_REQUIRED></row>

        <row><WBF_ID>-1000040</WBF_ID><WBF_NAME>WISTM_FLAG1</WBF_NAME><WBDT_ID>0</WBDT_ID><SELECT_ID>0</SELECT_ID><MFRM_ID>1000001</MFRM_ID><WBF_AUDIT>N</WBF_AUDIT><WBF_UI>HiddenUI</WBF_UI><WBF_REQUIRED>D</WBF_REQUIRED></row>
        <row><WBF_ID>-1000041</WBF_ID><WBF_NAME>WISTM_FLAG2</WBF_NAME><WBDT_ID>0</WBDT_ID><SELECT_ID>0</SELECT_ID><MFRM_ID>1000001</MFRM_ID><WBF_AUDIT>N</WBF_AUDIT><WBF_UI>HiddenUI</WBF_UI><WBF_REQUIRED>D</WBF_REQUIRED></row>
        <row><WBF_ID>-1000042</WBF_ID><WBF_NAME>WISTM_FLAG3</WBF_NAME><WBDT_ID>0</WBDT_ID><SELECT_ID>0</SELECT_ID><MFRM_ID>1000001</MFRM_ID><WBF_AUDIT>N</WBF_AUDIT><WBF_UI>HiddenUI</WBF_UI><WBF_REQUIRED>D</WBF_REQUIRED></row>
        <row><WBF_ID>-1000043</WBF_ID><WBF_NAME>WISTM_FLAG4</WBF_NAME><WBDT_ID>0</WBDT_ID><SELECT_ID>0</SELECT_ID><MFRM_ID>1000001</MFRM_ID><WBF_AUDIT>N</WBF_AUDIT><WBF_UI>HiddenUI</WBF_UI><WBF_REQUIRED>D</WBF_REQUIRED></row>
        <row><WBF_ID>-1000044</WBF_ID><WBF_NAME>WISTM_FLAG5</WBF_NAME><WBDT_ID>0</WBDT_ID><SELECT_ID>0</SELECT_ID><MFRM_ID>1000001</MFRM_ID><WBF_AUDIT>N</WBF_AUDIT><WBF_UI>HiddenUI</WBF_UI><WBF_REQUIRED>D</WBF_REQUIRED></row>
        <row><WBF_ID>-1000045</WBF_ID><WBF_NAME>WISTM_FLAG6</WBF_NAME><WBDT_ID>0</WBDT_ID><SELECT_ID>0</SELECT_ID><MFRM_ID>1000001</MFRM_ID><WBF_AUDIT>N</WBF_AUDIT><WBF_UI>HiddenUI</WBF_UI><WBF_REQUIRED>D</WBF_REQUIRED></row>
        <row><WBF_ID>-1000046</WBF_ID><WBF_NAME>WISTM_FLAG7</WBF_NAME><WBDT_ID>0</WBDT_ID><SELECT_ID>0</SELECT_ID><MFRM_ID>1000001</MFRM_ID><WBF_AUDIT>N</WBF_AUDIT><WBF_UI>HiddenUI</WBF_UI><WBF_REQUIRED>D</WBF_REQUIRED></row>
        <row><WBF_ID>-1000047</WBF_ID><WBF_NAME>WISTM_FLAG8</WBF_NAME><WBDT_ID>0</WBDT_ID><SELECT_ID>0</SELECT_ID><MFRM_ID>1000001</MFRM_ID><WBF_AUDIT>N</WBF_AUDIT><WBF_UI>HiddenUI</WBF_UI><WBF_REQUIRED>D</WBF_REQUIRED></row>
        <row><WBF_ID>-1000048</WBF_ID><WBF_NAME>WISTM_FLAG9</WBF_NAME><WBDT_ID>0</WBDT_ID><SELECT_ID>0</SELECT_ID><MFRM_ID>1000001</MFRM_ID><WBF_AUDIT>N</WBF_AUDIT><WBF_UI>HiddenUI</WBF_UI><WBF_REQUIRED>D</WBF_REQUIRED></row>
        <row><WBF_ID>-1000049</WBF_ID><WBF_NAME>WISTM_FLAG10</WBF_NAME><WBDT_ID>0</WBDT_ID><SELECT_ID>0</SELECT_ID><MFRM_ID>1000001</MFRM_ID><WBF_AUDIT>N</WBF_AUDIT><WBF_UI>HiddenUI</WBF_UI><WBF_REQUIRED>D</WBF_REQUIRED></row>

        <row><WBF_ID>-1000070</WBF_ID><WBF_NAME>WIST_ID</WBF_NAME><WBDT_ID>0</WBDT_ID><SELECT_ID>0</SELECT_ID><MFRM_ID>1000001</MFRM_ID><WBF_AUDIT>N</WBF_AUDIT><WBF_UI>HiddenUI</WBF_UI><WBF_REQUIRED>D</WBF_REQUIRED></row>
      </table>
      
      <table name="MAINTENANCE_FORM_GRP" fk="MFRM_ID" refers="MFRM_ID">
        <row><MFG_ID>-1000001</MFG_ID><MFRM_ID>1000001</MFRM_ID><WBG_ID>2</WBG_ID><WBP_ID>1</WBP_ID></row>
      </table>
      <table name="WB_LOCALZD_TBLVAL" fk="WBLTV_DATA_ID" refers="MFRM_ID">
        <row><WBLTV_ID>-1000003</WBLTV_ID><WBLT_ID>34</WBLT_ID><WBL_ID>1</WBL_ID><WBLTV_DATA_ID>1000001</WBLTV_DATA_ID><WBLTV_DATA_NAME>WBIAG STATE/PROVINCE MINIMUM WAGES</WBLTV_DATA_NAME><WBLTV_DATA_DESC>WBIAG STATE MINIMUM WAGES</WBLTV_DATA_DESC></row>
        <row><WBLTV_ID>-1000004</WBLTV_ID><WBLT_ID>34</WBLT_ID><WBL_ID>2</WBL_ID><WBLTV_DATA_ID>1000001</WBLTV_DATA_ID><WBLTV_DATA_NAME>WBIAG STATE/PROVINCE MINIMUM WAGES</WBLTV_DATA_NAME><WBLTV_DATA_DESC>WBIAG STATE MINIMUM WAGES</WBLTV_DATA_DESC></row>
        <row><WBLTV_ID>-1000005</WBLTV_ID><WBLT_ID>34</WBLT_ID><WBL_ID>3</WBL_ID><WBLTV_DATA_ID>1000001</WBLTV_DATA_ID><WBLTV_DATA_NAME>WBIAG STATE/PROVINCE MINIMUM WAGES</WBLTV_DATA_NAME><WBLTV_DATA_DESC>WBIAG STATE MINIMUM WAGES</WBLTV_DATA_DESC></row>
      </table>
    </row>
  </table>
</data>
