<?xml version="1.0" encoding="UTF-8"?>
<export>
	<header>
		<datasource>robiteldv</datasource>
		<timestamp>2008-08-20 16:30:45 EEST</timestamp>
		<comments>4000 Volume BEst Fit Common SOlution</comments>
		<userName>bceyhan</userName>
		<osUserName>bceyhan</osUserName>
	</header>
	<exportData>
		<data>
			<table name='MAINTENANCE_FORM' key='MFRM_ID'>
				<row op='insert'>
					<col name='MFRM_ID'>1000426</col>
					<col name='MFRM_NAME'>WBIAG VOLUME BEST FIT STAFF REQUIREMENTS</col>
					<col name='MFRM_DESC'>WBIAG VOLUME BEST FIT STAFF REQUIREMENTS</col>
					<col name='MFRM_ASP'>maintenance.asp</col>
					<col name='MFRM_SQL'/>
					<col name='MFRM_TABLE'>VIEW_WBIAG_VOLUME</col>
					<col name='MFRM_KEYFIELD'>CSD_ID</col>
					<col name='MFRM_REDIRECT_URL'/>
					<col name='MFRM_ORIENTATION'>H</col>
					<col name='MFRM_MAX_ROWS'>20</col>
					<col name='MFRM_REC_BEFORE'>0</col>
					<col name='MFRM_REC_AFTER'>0</col>
					<col name='MFRMT_ID'>11</col>
					<col name='MFRM_PARENT_KEYS'/>
					<col name='MFRM_PARENT_MFRM_ID'/>
					<col name='MFRM_ORDER_BY_FIELD'/>
					<col name='MFRM_AUDIT'>Y</col>
					<col name='MFRM_HELP_TEXT'/>
					<col name='MFRM_HELP_LINK'/>
					<col name='MFRM_PARAMETER'>[NEW]=TRUE~[EDT]=BTN~[DEL]=TRUE</col>
					<col name='MFRM_LANG1'/>
					<col name='MFRM_LANG2'/>
					<col name='MFRM_LANG3'/>
					<col name='MFRM_LANG4'/>
					<col name='MFRM_LANG5'/>
					<col name='MFRM_DISPLAY_SORT'/>
					<col name='MFRM_MENUPARENT_ID'>770</col>
					<col name='MFRM_JSP'>/maintenance/mntForms.jsp</col>
					<col name='MFRM_WHERE_CLAUSE'/>
					<col name='MFRM_PARAMETER_JSP'>[NEW]=FALSE~[EDT]=BTN~[DEL]=FALSE</col>
					<col name='MFRM_JSP_VIEW'>VIEW_WBIAG_VOLUME</col>
					<col name='MFRM_HELP_TEXT_LANG2'/>
					<col name='MFRM_HELP_TEXT_LANG3'/>
					<col name='MFRM_HELP_TEXT_LANG4'/>
					<col name='MFRM_HELP_TEXT_LANG5'/>
					<col name='MFSHEAD_ID'/>
					<table name='MAINTENANCE_FORM_GRP' key='MFG_ID'>
						<row op='insert'>
							<col name='MFG_ID'>11556</col>
							<col name='MFRM_ID'>1000426</col>
							<col name='WBG_ID'>2</col>
							<col name='MFG_DEF_PERM'/>
							<col name='CLIENT_ID'>1</col>
							<col name='WBP_ID'>1</col>
						</row>
					</table>
					<table name='WB_LOCALZD_TBLVAL' key='WBLTV_ID'>
						<row op='insert'>
							<col name='WBLTV_ID'>12208</col>
							<col name='WBLT_ID'>34</col>
							<col name='WBL_ID'>1</col>
							<col name='WBLTV_DATA_ID'>1000426</col>
							<col name='WBLTV_DATA_NAME'>Volume Best Fit Staff Requirements</col>
							<col name='WBLTV_DATA_DESC'>Volume Best Fit Staff Requirements</col>
							<col name='CLIENT_ID'>1</col>
						</row>
					</table>
					<table name='WORKBRAIN_FIELD' key='WBF_ID'>
						<row op='insert'>
							<col name='WBF_ID'>12554</col>
							<col name='WBF_NAME'>ACT_DESC</col>
							<col name='MFRM_ID'>1000426</col>
							<col name='WBDT_ID'>0</col>
							<col name='SELECT_ID'>0</col>
							<col name='WBF_AUDIT'>N</col>
							<col name='WBF_TYPE'/>
							<col name='WBF_TYPE_PARAM'/>
							<col name='WBF_UI'>DBLookupUI</col>
							<col name='WBF_UI_PARAM'>sourceDisplayFields='act_desc' sourceLabelField='act_desc' sourceKeyField='act_desc' label='true' source='SELECT act_desc FROM so_activity ORDER BY 1' sourceType='SQL'</col>
							<col name='WBF_REQUIRED'>D</col>
							<col name='WBF_DEFAULT'/>
							<col name='CLIENT_ID'>1</col>
							<table name='WORKBRAIN_FIELD_LOCALE_DATA' key='WBFLD_ID'>
								<row op='insert'>
									<col name='WBFLD_ID'>2881</col>
									<col name='WBLL_ID'>1</col>
									<col name='WBF_NAME'>ACT_DESC</col>
									<col name='WBFLD_NAME'>Activity Description</col>
									<col name='CLIENT_ID'>1</col>
								</row>
							</table>
						</row>
						<row op='insert'>
							<col name='WBF_ID'>12553</col>
							<col name='WBF_NAME'>ACT_ID</col>
							<col name='MFRM_ID'>1000426</col>
							<col name='WBDT_ID'>0</col>
							<col name='SELECT_ID'>0</col>
							<col name='WBF_AUDIT'>N</col>
							<col name='WBF_TYPE'/>
							<col name='WBF_TYPE_PARAM'/>
							<col name='WBF_UI'>HiddenUI</col>
							<col name='WBF_UI_PARAM'>label=true</col>
							<col name='WBF_REQUIRED'>D</col>
							<col name='WBF_DEFAULT'/>
							<col name='CLIENT_ID'>1</col>
							<table name='WORKBRAIN_FIELD_LOCALE_DATA' key='WBFLD_ID'>
								<row op='insert'>
									<col name='WBFLD_ID'>2879</col>
									<col name='WBLL_ID'>1</col>
									<col name='WBF_NAME'>ACT_ID</col>
									<col name='WBFLD_NAME'>Activity</col>
									<col name='CLIENT_ID'>1</col>
								</row>
							</table>
						</row>
						<row op='insert'>
							<col name='WBF_ID'>12550</col>
							<col name='WBF_NAME'>JOB_DESC</col>
							<col name='MFRM_ID'>1000426</col>
							<col name='WBDT_ID'>0</col>
							<col name='SELECT_ID'>0</col>
							<col name='WBF_AUDIT'>N</col>
							<col name='WBF_TYPE'/>
							<col name='WBF_TYPE_PARAM'/>
							<col name='WBF_UI'>DBLookupUI</col>
							<col name='WBF_UI_PARAM'>sourceDisplayFields='job_desc' sourceLabelField='job_desc' sourceKeyField='job_desc' label='true' source='SELECT job_desc FROM job ORDER BY 1' sourceType='SQL'</col>
							<col name='WBF_REQUIRED'>D</col>
							<col name='WBF_DEFAULT'/>
							<col name='CLIENT_ID'>1</col>
							<table name='WORKBRAIN_FIELD_LOCALE_DATA' key='WBFLD_ID'>
								<row op='insert'>
									<col name='WBFLD_ID'>31</col>
									<col name='WBLL_ID'>1</col>
									<col name='WBF_NAME'>JOB_DESC</col>
									<col name='WBFLD_NAME'>Job Description</col>
									<col name='CLIENT_ID'>1</col>
								</row>
							</table>
						</row>
						<row op='insert'>
							<col name='WBF_ID'>12548</col>
							<col name='WBF_NAME'>JOB_ID</col>
							<col name='MFRM_ID'>1000426</col>
							<col name='WBDT_ID'>0</col>
							<col name='SELECT_ID'>0</col>
							<col name='WBF_AUDIT'>N</col>
							<col name='WBF_TYPE'/>
							<col name='WBF_TYPE_PARAM'/>
							<col name='WBF_UI'>HiddenUI</col>
							<col name='WBF_UI_PARAM'/>
							<col name='WBF_REQUIRED'>D</col>
							<col name='WBF_DEFAULT'/>
							<col name='CLIENT_ID'>1</col>
							<table name='WORKBRAIN_FIELD_LOCALE_DATA' key='WBFLD_ID'>
								<row op='insert'>
									<col name='WBFLD_ID'>717</col>
									<col name='WBLL_ID'>1</col>
									<col name='WBF_NAME'>JOB_ID</col>
									<col name='WBFLD_NAME'>Job</col>
									<col name='CLIENT_ID'>1</col>
								</row>
							</table>
						</row>
						<row op='insert'>
							<col name='WBF_ID'>12547</col>
							<col name='WBF_NAME'>SKDGRP_ID</col>
							<col name='MFRM_ID'>1000426</col>
							<col name='WBDT_ID'>0</col>
							<col name='SELECT_ID'>0</col>
							<col name='WBF_AUDIT'>N</col>
							<col name='WBF_TYPE'/>
							<col name='WBF_TYPE_PARAM'/>
							<col name='WBF_UI'>HiddenUI</col>
							<col name='WBF_UI_PARAM'/>
							<col name='WBF_REQUIRED'>D</col>
							<col name='WBF_DEFAULT'/>
							<col name='CLIENT_ID'>1</col>
							<table name='WORKBRAIN_FIELD_LOCALE_DATA' key='WBFLD_ID'>
								<row op='insert'>
									<col name='WBFLD_ID'>2798</col>
									<col name='WBLL_ID'>1</col>
									<col name='WBF_NAME'>SKDGRP_ID</col>
									<col name='WBFLD_NAME'>Location</col>
									<col name='CLIENT_ID'>1</col>
								</row>
							</table>
						</row>
						<row op='insert'>
							<col name='WBF_ID'>12549</col>
							<col name='WBF_NAME'>SKDGRP_NAME</col>
							<col name='MFRM_ID'>1000426</col>
							<col name='WBDT_ID'>0</col>
							<col name='SELECT_ID'>0</col>
							<col name='WBF_AUDIT'>N</col>
							<col name='WBF_TYPE'/>
							<col name='WBF_TYPE_PARAM'/>
							<col name='WBF_UI'>DBLookupUI</col>
							<col name='WBF_UI_PARAM'>sourceDisplayFields='skdgrp_name' sourceLabelField='skdgrp_name' sourceKeyField='skdgrp_name' label='true' source='SELECT skdgrp_name FROM so_schedule_group WHERE skdgrp_intrnl_type=11 ORDER BY 1' sourceType='SQL'</col>
							<col name='WBF_REQUIRED'>D</col>
							<col name='WBF_DEFAULT'/>
							<col name='CLIENT_ID'>1</col>
							<table name='WORKBRAIN_FIELD_LOCALE_DATA' key='WBFLD_ID'>
								<row op='insert'>
									<col name='WBFLD_ID'>2799</col>
									<col name='WBLL_ID'>1</col>
									<col name='WBF_NAME'>SKDGRP_NAME</col>
									<col name='WBFLD_NAME'>Location Name</col>
									<col name='CLIENT_ID'>1</col>
								</row>
							</table>
						</row>
						<row op='insert'>
							<col name='WBF_ID'>12552</col>
							<col name='WBF_NAME'>SKL_DESC</col>
							<col name='MFRM_ID'>1000426</col>
							<col name='WBDT_ID'>0</col>
							<col name='SELECT_ID'>0</col>
							<col name='WBF_AUDIT'>N</col>
							<col name='WBF_TYPE'/>
							<col name='WBF_TYPE_PARAM'/>
							<col name='WBF_UI'>DBLookupUI</col>
							<col name='WBF_UI_PARAM'>sourceDisplayFields='skl_desc' sourceLabelField='skl_desc' sourceKeyField='skl_desc' label='true' source='SELECT stskl_desc FROM st_skill ORDER BY 1' sourceType='SQL'</col>
							<col name='WBF_REQUIRED'>D</col>
							<col name='WBF_DEFAULT'/>
							<col name='CLIENT_ID'>1</col>
						</row>
						<row op='insert'>
							<col name='WBF_ID'>12551</col>
							<col name='WBF_NAME'>STSKL_ID</col>
							<col name='MFRM_ID'>1000426</col>
							<col name='WBDT_ID'>0</col>
							<col name='SELECT_ID'>0</col>
							<col name='WBF_AUDIT'>N</col>
							<col name='WBF_TYPE'/>
							<col name='WBF_TYPE_PARAM'/>
							<col name='WBF_UI'>HiddenUI</col>
							<col name='WBF_UI_PARAM'/>
							<col name='WBF_REQUIRED'>D</col>
							<col name='WBF_DEFAULT'/>
							<col name='CLIENT_ID'>1</col>
							<table name='WORKBRAIN_FIELD_LOCALE_DATA' key='WBFLD_ID'>
								<row op='insert'>
									<col name='WBFLD_ID'>1331</col>
									<col name='WBLL_ID'>1</col>
									<col name='WBF_NAME'>STSKL_ID</col>
									<col name='WBFLD_NAME'>Skill</col>
									<col name='CLIENT_ID'>1</col>
								</row>
							</table>
						</row>
					</table>
				</row>
				<row op='insert'>
					<col name='MFRM_ID'>1000427</col>
					<col name='MFRM_NAME'>WBIAG VOLUME BEST WINDOWS</col>
					<col name='MFRM_DESC'>WBIAG VOLUME BEST WINDOWS</col>
					<col name='MFRM_ASP'>maintenance.asp</col>
					<col name='MFRM_SQL'/>
					<col name='MFRM_TABLE'>WBIAG_VOLUME_BESTFIT</col>
					<col name='MFRM_KEYFIELD'>vbf_id</col>
					<col name='MFRM_REDIRECT_URL'/>
					<col name='MFRM_ORIENTATION'>H</col>
					<col name='MFRM_MAX_ROWS'>20</col>
					<col name='MFRM_REC_BEFORE'>0</col>
					<col name='MFRM_REC_AFTER'>5</col>
					<col name='MFRMT_ID'>-2</col>
					<col name='MFRM_PARENT_KEYS'>csd_id</col>
					<col name='MFRM_PARENT_MFRM_ID'>1000426</col>
					<col name='MFRM_ORDER_BY_FIELD'/>
					<col name='MFRM_AUDIT'>Y</col>
					<col name='MFRM_HELP_TEXT'/>
					<col name='MFRM_HELP_LINK'/>
					<col name='MFRM_PARAMETER'>[NEW]=TRUE~[EDT]=BTN~[DEL]=TRUE</col>
					<col name='MFRM_LANG1'/>
					<col name='MFRM_LANG2'/>
					<col name='MFRM_LANG3'/>
					<col name='MFRM_LANG4'/>
					<col name='MFRM_LANG5'/>
					<col name='MFRM_DISPLAY_SORT'/>
					<col name='MFRM_MENUPARENT_ID'>259</col>
					<col name='MFRM_JSP'>/maintenance/mntForms.jsp</col>
					<col name='MFRM_WHERE_CLAUSE'/>
					<col name='MFRM_PARAMETER_JSP'>[NEW]=TRUE~[EDT]=BTN~[DEL]=TRUE</col>
					<col name='MFRM_JSP_VIEW'/>
					<col name='MFRM_HELP_TEXT_LANG2'/>
					<col name='MFRM_HELP_TEXT_LANG3'/>
					<col name='MFRM_HELP_TEXT_LANG4'/>
					<col name='MFRM_HELP_TEXT_LANG5'/>
					<col name='MFSHEAD_ID'/>
					<table name='MAINTENANCE_FORM_GRP' key='MFG_ID'>
						<row op='insert'>
							<col name='MFG_ID'>11560</col>
							<col name='MFRM_ID'>1000427</col>
							<col name='WBG_ID'>2</col>
							<col name='MFG_DEF_PERM'/>
							<col name='CLIENT_ID'>1</col>
							<col name='WBP_ID'>1</col>
						</row>
					</table>
					<table name='WB_LOCALZD_TBLVAL' key='WBLTV_ID'>
						<row op='insert'>
							<col name='WBLTV_ID'>12210</col>
							<col name='WBLT_ID'>34</col>
							<col name='WBL_ID'>1</col>
							<col name='WBLTV_DATA_ID'>1000427</col>
							<col name='WBLTV_DATA_NAME'>Volumen Best Fit Windows</col>
							<col name='WBLTV_DATA_DESC'>Volumen Best Fit Windows</col>
							<col name='CLIENT_ID'>1</col>
						</row>
					</table>
					<table name='WORKBRAIN_FIELD' key='WBF_ID'>
						<row op='insert'>
							<col name='WBF_ID'>12526</col>
							<col name='WBF_NAME'>CSD_ID</col>
							<col name='MFRM_ID'>1000427</col>
							<col name='WBDT_ID'>0</col>
							<col name='SELECT_ID'>0</col>
							<col name='WBF_AUDIT'>N</col>
							<col name='WBF_TYPE'/>
							<col name='WBF_TYPE_PARAM'/>
							<col name='WBF_UI'>HiddenUI</col>
							<col name='WBF_UI_PARAM'/>
							<col name='WBF_REQUIRED'>D</col>
							<col name='WBF_DEFAULT'/>
							<col name='CLIENT_ID'>1</col>
							<table name='WORKBRAIN_FIELD_LOCALE_DATA' key='WBFLD_ID'>
								<row op='insert'>
									<col name='WBFLD_ID'>2934</col>
									<col name='WBLL_ID'>1</col>
									<col name='WBF_NAME'>CSD_ID</col>
									<col name='WBFLD_NAME'>Location Staffing Requirements</col>
									<col name='CLIENT_ID'>1</col>
								</row>
							</table>
						</row>
						<row op='insert'>
							<col name='WBF_ID'>12527</col>
							<col name='WBF_NAME'>DRIVER_SKDGRP_ID</col>
							<col name='MFRM_ID'>1000427</col>
							<col name='WBDT_ID'>0</col>
							<col name='SELECT_ID'>0</col>
							<col name='WBF_AUDIT'>N</col>
							<col name='WBF_TYPE'/>
							<col name='WBF_TYPE_PARAM'/>
							<col name='WBF_UI'>DBLookupUI</col>
							<col name='WBF_UI_PARAM'>sourceType=SQL source='SELECT skdgrp_id, skdgrp_name FROM so_schedule_group WHERE SKDGRP_INTRNL_TYPE = 12 ORDER BY 2'</col>
							<col name='WBF_REQUIRED'>D</col>
							<col name='WBF_DEFAULT'/>
							<col name='CLIENT_ID'>1</col>
							<table name='WORKBRAIN_FIELD_LOCALE_DATA' key='WBFLD_ID'>
								<row op='insert'>
									<col name='WBFLD_ID'>10526</col>
									<col name='WBLL_ID'>1</col>
									<col name='WBF_NAME'>DRIVER_SKDGRP_ID</col>
									<col name='WBFLD_NAME'>Driver</col>
									<col name='CLIENT_ID'>1</col>
								</row>
							</table>
						</row>
						<row op='insert'>
							<col name='WBF_ID'>12546</col>
							<col name='WBF_NAME'>VBF_DAY_INDEX</col>
							<col name='MFRM_ID'>1000427</col>
							<col name='WBDT_ID'>0</col>
							<col name='SELECT_ID'>0</col>
							<col name='WBF_AUDIT'>N</col>
							<col name='WBF_TYPE'/>
							<col name='WBF_TYPE_PARAM'/>
							<col name='WBF_UI'>ComboBoxUI</col>
							<col name='WBF_UI_PARAM'>labelList='Mon, Tues, Wed, Thur, Fri, Sat, Sun' valueList='0,1,2,3,4,5,6'</col>
							<col name='WBF_REQUIRED'>D</col>
							<col name='WBF_DEFAULT'/>
							<col name='CLIENT_ID'>1</col>
							<table name='WORKBRAIN_FIELD_LOCALE_DATA' key='WBFLD_ID'>
								<row op='insert'>
									<col name='WBFLD_ID'>10548</col>
									<col name='WBLL_ID'>1</col>
									<col name='WBF_NAME'>VBF_DAY_INDEX</col>
									<col name='WBFLD_NAME'>Day</col>
									<col name='CLIENT_ID'>1</col>
								</row>
							</table>
						</row>
						<row op='insert'>
							<col name='WBF_ID'>12529</col>
							<col name='WBF_NAME'>VBF_END_TIME</col>
							<col name='MFRM_ID'>1000427</col>
							<col name='WBDT_ID'>0</col>
							<col name='SELECT_ID'>0</col>
							<col name='WBF_AUDIT'>N</col>
							<col name='WBF_TYPE'/>
							<col name='WBF_TYPE_PARAM'/>
							<col name='WBF_UI'>TimeEditUI</col>
							<col name='WBF_UI_PARAM'>date=invisible minHour=0 maxHour=23 minMinutes=0 maxMinutes=59</col>
							<col name='WBF_REQUIRED'>D</col>
							<col name='WBF_DEFAULT'/>
							<col name='CLIENT_ID'>1</col>
							<table name='WORKBRAIN_FIELD_LOCALE_DATA' key='WBFLD_ID'>
								<row op='insert'>
									<col name='WBFLD_ID'>10547</col>
									<col name='WBLL_ID'>1</col>
									<col name='WBF_NAME'>VBF_END_TIME</col>
									<col name='WBFLD_NAME'>End Time</col>
									<col name='CLIENT_ID'>1</col>
								</row>
							</table>
						</row>
						<row op='insert'>
							<col name='WBF_ID'>12528</col>
							<col name='WBF_NAME'>VBF_START_TIME</col>
							<col name='MFRM_ID'>1000427</col>
							<col name='WBDT_ID'>0</col>
							<col name='SELECT_ID'>0</col>
							<col name='WBF_AUDIT'>N</col>
							<col name='WBF_TYPE'/>
							<col name='WBF_TYPE_PARAM'/>
							<col name='WBF_UI'>TimeEditUI</col>
							<col name='WBF_UI_PARAM'>date=invisible minHour=0 maxHour=23 minMinutes=0 maxMinutes=59</col>
							<col name='WBF_REQUIRED'>D</col>
							<col name='WBF_DEFAULT'/>
							<col name='CLIENT_ID'>1</col>
							<table name='WORKBRAIN_FIELD_LOCALE_DATA' key='WBFLD_ID'>
								<row op='insert'>
									<col name='WBFLD_ID'>10546</col>
									<col name='WBLL_ID'>1</col>
									<col name='WBF_NAME'>VBF_START_TIME</col>
									<col name='WBFLD_NAME'>Start Time</col>
									<col name='CLIENT_ID'>1</col>
								</row>
							</table>
						</row>
					</table>
				</row>
			</table>
			<table name='WORKBRAIN_REGISTRY' key='WBREG_ID'>
				<row op='insert'>
					<col name='WBREG_ID'>12266</col>
					<col name='WBREG_PARENT_ID'>419</col>
					<col name='WBREG_NAME'>NV_FCASTVOL_TRIGGER</col>
					<col name='WBREG_CLASS'>java.lang.String</col>
					<col name='WBREG_VALUE'>9999</col>
				</row>
			</table>
		</data>
	</exportData>
	<referenceData>
		<data>
			<table name='MAINTENANCE_FORM' key='MFRM_ID'>
				<row>
					<col name='MFRM_ID'>770</col>
					<col name='MFRM_NAME'>SCHEDULE OPTIMIZATION SETUP</col>
					<col name='MFRM_DESC'>SCHEDULE OPTIMIZATION SETUP (SCHEDULE OPTIMIZATION)</col>
					<col name='MFRM_ASP'>maintenance.asp</col>
					<col name='MFRM_SQL'/>
					<col name='MFRM_TABLE'>x</col>
					<col name='MFRM_KEYFIELD'>x</col>
					<col name='MFRM_REDIRECT_URL'/>
					<col name='MFRM_ORIENTATION'>H</col>
					<col name='MFRM_MAX_ROWS'>20</col>
					<col name='MFRM_REC_BEFORE'>0</col>
					<col name='MFRM_REC_AFTER'>0</col>
					<col name='MFRMT_ID'>8</col>
					<col name='MFRM_PARENT_KEYS'/>
					<col name='MFRM_PARENT_MFRM_ID'/>
					<col name='MFRM_ORDER_BY_FIELD'/>
					<col name='MFRM_AUDIT'>Y</col>
					<col name='MFRM_HELP_TEXT'/>
					<col name='MFRM_HELP_LINK'/>
					<col name='MFRM_PARAMETER'>[NEW]=TRUE~[EDT]=HYP~[DEL]=TRUE</col>
					<col name='MFRM_LANG1'>Setup</col>
					<col name='MFRM_LANG2'/>
					<col name='MFRM_LANG3'/>
					<col name='MFRM_LANG4'/>
					<col name='MFRM_LANG5'/>
					<col name='MFRM_DISPLAY_SORT'>10</col>
					<col name='MFRM_MENUPARENT_ID'>769</col>
					<col name='MFRM_JSP'>/maintenance/mntForms.jsp</col>
					<col name='MFRM_WHERE_CLAUSE'/>
					<col name='MFRM_PARAMETER_JSP'>[NEW]=TRUE~[EDT]=HYP~[DEL]=TRUE</col>
					<col name='MFRM_JSP_VIEW'/>
					<col name='MFRM_HELP_TEXT_LANG2'/>
					<col name='MFRM_HELP_TEXT_LANG3'/>
					<col name='MFRM_HELP_TEXT_LANG4'/>
					<col name='MFRM_HELP_TEXT_LANG5'/>
					<col name='MFSHEAD_ID'>44</col>
				</row>
				<row>
					<col name='MFRM_ID'>769</col>
					<col name='MFRM_NAME'>SCHEDULE OPTIMIZATION</col>
					<col name='MFRM_DESC'>Schedule Optimization</col>
					<col name='MFRM_ASP'>maintenance.asp</col>
					<col name='MFRM_SQL'/>
					<col name='MFRM_TABLE'>x</col>
					<col name='MFRM_KEYFIELD'>x</col>
					<col name='MFRM_REDIRECT_URL'/>
					<col name='MFRM_ORIENTATION'>H</col>
					<col name='MFRM_MAX_ROWS'>20</col>
					<col name='MFRM_REC_BEFORE'>0</col>
					<col name='MFRM_REC_AFTER'>0</col>
					<col name='MFRMT_ID'>-2</col>
					<col name='MFRM_PARENT_KEYS'/>
					<col name='MFRM_PARENT_MFRM_ID'/>
					<col name='MFRM_ORDER_BY_FIELD'/>
					<col name='MFRM_AUDIT'>Y</col>
					<col name='MFRM_HELP_TEXT'/>
					<col name='MFRM_HELP_LINK'/>
					<col name='MFRM_PARAMETER'>[NEW]=TRUE~[EDT]=HYP~[DEL]=TRUE</col>
					<col name='MFRM_LANG1'>Schedule Optimization</col>
					<col name='MFRM_LANG2'/>
					<col name='MFRM_LANG3'/>
					<col name='MFRM_LANG4'/>
					<col name='MFRM_LANG5'/>
					<col name='MFRM_DISPLAY_SORT'>8</col>
					<col name='MFRM_MENUPARENT_ID'>0</col>
					<col name='MFRM_JSP'/>
					<col name='MFRM_WHERE_CLAUSE'/>
					<col name='MFRM_PARAMETER_JSP'>[NEW]=TRUE~[EDT]=HYP~[DEL]=TRUE</col>
					<col name='MFRM_JSP_VIEW'/>
					<col name='MFRM_HELP_TEXT_LANG2'/>
					<col name='MFRM_HELP_TEXT_LANG3'/>
					<col name='MFRM_HELP_TEXT_LANG4'/>
					<col name='MFRM_HELP_TEXT_LANG5'/>
					<col name='MFSHEAD_ID'>34</col>
				</row>
				<row>
					<col name='MFRM_ID'>259</col>
					<col name='MFRM_NAME'>HIDDEN NEVER SHOW FOLDER</col>
					<col name='MFRM_DESC'><![CDATA[DONT SHOW IN MY MAINTENANCE UNLESS IT IS A CHILD WINDOW ==> USER_GROUPS / GROUPS_USER]]></col>
					<col name='MFRM_ASP'>x</col>
					<col name='MFRM_SQL'/>
					<col name='MFRM_TABLE'>X</col>
					<col name='MFRM_KEYFIELD'>X</col>
					<col name='MFRM_REDIRECT_URL'>MAINTENANCE.ASP?MFRM_ID=259</col>
					<col name='MFRM_ORIENTATION'>H</col>
					<col name='MFRM_MAX_ROWS'>0</col>
					<col name='MFRM_REC_BEFORE'>0</col>
					<col name='MFRM_REC_AFTER'>0</col>
					<col name='MFRMT_ID'>8</col>
					<col name='MFRM_PARENT_KEYS'/>
					<col name='MFRM_PARENT_MFRM_ID'/>
					<col name='MFRM_ORDER_BY_FIELD'/>
					<col name='MFRM_AUDIT'>N</col>
					<col name='MFRM_HELP_TEXT'/>
					<col name='MFRM_HELP_LINK'/>
					<col name='MFRM_PARAMETER'>x</col>
					<col name='MFRM_LANG1'>Hidden Never Show</col>
					<col name='MFRM_LANG2'/>
					<col name='MFRM_LANG3'/>
					<col name='MFRM_LANG4'/>
					<col name='MFRM_LANG5'/>
					<col name='MFRM_DISPLAY_SORT'/>
					<col name='MFRM_MENUPARENT_ID'>259</col>
					<col name='MFRM_JSP'>/maintenance/mntForms.jsp</col>
					<col name='MFRM_WHERE_CLAUSE'/>
					<col name='MFRM_PARAMETER_JSP'>x</col>
					<col name='MFRM_JSP_VIEW'/>
					<col name='MFRM_HELP_TEXT_LANG2'/>
					<col name='MFRM_HELP_TEXT_LANG3'/>
					<col name='MFRM_HELP_TEXT_LANG4'/>
					<col name='MFRM_HELP_TEXT_LANG5'/>
					<col name='MFSHEAD_ID'>8</col>
				</row>
				<row>
					<col name='MFRM_ID'>-3</col>
					<col name='MFRM_NAME'>UNKNOWN</col>
					<col name='MFRM_DESC'>UNKNOWN</col>
					<col name='MFRM_ASP'>maintenance.asp</col>
					<col name='MFRM_SQL'/>
					<col name='MFRM_TABLE'>UNKNOWN</col>
					<col name='MFRM_KEYFIELD'>UNKNOWN</col>
					<col name='MFRM_REDIRECT_URL'>MAINTENANCE.ASP?MFRM_ID=-3</col>
					<col name='MFRM_ORIENTATION'>H</col>
					<col name='MFRM_MAX_ROWS'>25</col>
					<col name='MFRM_REC_BEFORE'>0</col>
					<col name='MFRM_REC_AFTER'>0</col>
					<col name='MFRMT_ID'>8</col>
					<col name='MFRM_PARENT_KEYS'/>
					<col name='MFRM_PARENT_MFRM_ID'/>
					<col name='MFRM_ORDER_BY_FIELD'/>
					<col name='MFRM_AUDIT'>N</col>
					<col name='MFRM_HELP_TEXT'/>
					<col name='MFRM_HELP_LINK'/>
					<col name='MFRM_PARAMETER'>[NEW]=TRUE~[EDT]=BTN~[DEL]=TRUE</col>
					<col name='MFRM_LANG1'>Unknown</col>
					<col name='MFRM_LANG2'/>
					<col name='MFRM_LANG3'/>
					<col name='MFRM_LANG4'/>
					<col name='MFRM_LANG5'/>
					<col name='MFRM_DISPLAY_SORT'/>
					<col name='MFRM_MENUPARENT_ID'>259</col>
					<col name='MFRM_JSP'>/maintenance/mntForms.jsp</col>
					<col name='MFRM_WHERE_CLAUSE'/>
					<col name='MFRM_PARAMETER_JSP'>[NEW]=TRUE~[EDT]=BTN~[DEL]=TRUE</col>
					<col name='MFRM_JSP_VIEW'/>
					<col name='MFRM_HELP_TEXT_LANG2'/>
					<col name='MFRM_HELP_TEXT_LANG3'/>
					<col name='MFRM_HELP_TEXT_LANG4'/>
					<col name='MFRM_HELP_TEXT_LANG5'/>
					<col name='MFSHEAD_ID'>-99</col>
				</row>
				<row>
					<col name='MFRM_ID'>0</col>
					<col name='MFRM_NAME'>ROOT NODE</col>
					<col name='MFRM_DESC'>Table of Contents</col>
					<col name='MFRM_ASP'>ROOT</col>
					<col name='MFRM_SQL'>ROOT</col>
					<col name='MFRM_TABLE'>ROOT</col>
					<col name='MFRM_KEYFIELD'>ROOT</col>
					<col name='MFRM_REDIRECT_URL'>ROOT</col>
					<col name='MFRM_ORIENTATION'>H</col>
					<col name='MFRM_MAX_ROWS'>25</col>
					<col name='MFRM_REC_BEFORE'>0</col>
					<col name='MFRM_REC_AFTER'>0</col>
					<col name='MFRMT_ID'>8</col>
					<col name='MFRM_PARENT_KEYS'/>
					<col name='MFRM_PARENT_MFRM_ID'/>
					<col name='MFRM_ORDER_BY_FIELD'/>
					<col name='MFRM_AUDIT'>N</col>
					<col name='MFRM_HELP_TEXT'/>
					<col name='MFRM_HELP_LINK'/>
					<col name='MFRM_PARAMETER'>[NEW]=TRUE~[EDT]=BTN~[DEL]=TRUE</col>
					<col name='MFRM_LANG1'/>
					<col name='MFRM_LANG2'/>
					<col name='MFRM_LANG3'/>
					<col name='MFRM_LANG4'/>
					<col name='MFRM_LANG5'/>
					<col name='MFRM_DISPLAY_SORT'>11</col>
					<col name='MFRM_MENUPARENT_ID'>-3</col>
					<col name='MFRM_JSP'>/maintenance/mntForms.jsp</col>
					<col name='MFRM_WHERE_CLAUSE'/>
					<col name='MFRM_PARAMETER_JSP'>[NEW]=TRUE~[EDT]=BTN~[DEL]=TRUE</col>
					<col name='MFRM_JSP_VIEW'/>
					<col name='MFRM_HELP_TEXT_LANG2'/>
					<col name='MFRM_HELP_TEXT_LANG3'/>
					<col name='MFRM_HELP_TEXT_LANG4'/>
					<col name='MFRM_HELP_TEXT_LANG5'/>
					<col name='MFSHEAD_ID'>8</col>
				</row>
			</table>
			<table name='MAINTENANCE_FORM_TYPE' key='MFRMT_ID'>
				<row>
					<col name='MFRMT_ID'>-2</col>
					<col name='MFRMT_NAME'>HIDDEN NEVER SHOW</col>
					<col name='MFRMT_DESC'><![CDATA[DONT SHOW IN MY MAINTENANCE UNLESS IT IS A CHILD WINDOW ==> USER_GROUPS / GROUPS_USER]]></col>
				</row>
				<row>
					<col name='MFRMT_ID'>11</col>
					<col name='MFRMT_NAME'>MAINTENANCE</col>
					<col name='MFRMT_DESC'>MAINTENANCE</col>
				</row>
				<row>
					<col name='MFRMT_ID'>8</col>
					<col name='MFRMT_NAME'>FOLDER</col>
					<col name='MFRMT_DESC'>FOLDER</col>
				</row>
			</table>
			<table name='WORKBRAIN_PERMISSION' key='WBP_ID'>
				<row>
					<col name='WBP_ID'>1</col>
					<col name='WBP_NAME'>EDIT</col>
				</row>
			</table>
			<table name='WORKBRAIN_LANGUAGE' key='WBL_ID'>
				<row>
					<col name='WBL_ID'>1</col>
					<col name='WBL_NAME'>ENGLISH</col>
					<col name='WBL_LOCALE'>en</col>
					<col name='WBL_COUNTRY'/>
				</row>
			</table>
			<table name='WORKBRAIN_GROUP' key='WBG_ID'>
				<row>
					<col name='WBG_ID'>2</col>
					<col name='WBG_NAME'>SYSTEM ADMINS</col>
					<col name='WBG_DESC'/>
					<col name='WBG_LOCKDOWN'>Y</col>
					<col name='WBG_FLAG1'>Y</col>
					<col name='WBG_FLAG2'/>
					<col name='WBG_FLAG3'/>
					<col name='WBG_FLAG4'/>
					<col name='WBG_FLAG5'/>
					<col name='WBG_DEF_PERM'/>
					<col name='CLIENT_ID'>1</col>
					<col name='WBG_CAN_PROXY'/>
					<col name='WBP_ID'>1</col>
					<col name='WBG_DEF_START_PAGE'/>
					<col name='WBG_WBI_ADMIN'/>
					<col name='WBG_WBI_ROLE'>WBI SYSTEM ADMINISTRATORS</col>
				</row>
			</table>
			<table name='WB_LOCALZD_TBL' key='WBLT_ID'>
				<row>
					<col name='WBLT_ID'>34</col>
					<col name='WBLT_TB_NAME'>VL_MAINTENANCE_FORM</col>
					<col name='WBLT_DATA_LOCLD'>Y</col>
					<col name='WBLT_MAX_CACH_SIZE'>1600</col>
				</row>
			</table>
			<table name='MAINT_FRM_SEC_HDNG' key='MFSHEAD_ID'>
				<row>
					<col name='MFSHEAD_ID'>34</col>
					<col name='MFSHEAD_NAME'>Schedule Optimization</col>
					<col name='MFSHEAD_DESC'>Schedule Optimization</col>
				</row>
				<row>
					<col name='MFSHEAD_ID'>-99</col>
					<col name='MFSHEAD_NAME'>OTHER</col>
					<col name='MFSHEAD_DESC'>DO NOT DELETE</col>
				</row>
				<row>
					<col name='MFSHEAD_ID'>8</col>
					<col name='MFSHEAD_NAME'>Configuration</col>
					<col name='MFSHEAD_DESC'>Configuration</col>
				</row>
				<row>
					<col name='MFSHEAD_ID'>44</col>
					<col name='MFSHEAD_NAME'>SO - Setup</col>
					<col name='MFSHEAD_DESC'>SO - Setup</col>
				</row>
			</table>
			<table name='WORKBRAIN_LOCALE' key='WBLL_ID'>
				<row>
					<col name='WBLL_ID'>1</col>
					<col name='WBLL_NAME'>ENGLISH</col>
					<col name='WBLL_DESC'>ENGLISH</col>
					<col name='WBLL_LANGUAGE'>en</col>
					<col name='WBLL_COUNTRY'/>
					<col name='WBLL_PARENT_ID'/>
					<col name='WBL_ID'>1</col>
				</row>
			</table>
			<table name='WORKBRAIN_DISPLAY_TYPE' key='WBDT_ID'>
				<row>
					<col name='WBDT_ID'>0</col>
					<col name='WBDT_NAME'>No Display</col>
					<col name='WBDT_PREFIX'>INHID</col>
				</row>
			</table>
			<table name='WORKBRAIN_REGISTRY' key='WBREG_ID'>
				<row>
					<col name='WBREG_ID'>419</col>
					<col name='WBREG_PARENT_ID'>39</col>
					<col name='WBREG_NAME'>scheduleOptimization</col>
					<col name='WBREG_CLASS'/>
					<col name='WBREG_VALUE'/>
				</row>
				<row>
					<col name='WBREG_ID'>1</col>
					<col name='WBREG_PARENT_ID'>0</col>
					<col name='WBREG_NAME'>system</col>
					<col name='WBREG_CLASS'/>
					<col name='WBREG_VALUE'/>
				</row>
				<row>
					<col name='WBREG_ID'>39</col>
					<col name='WBREG_PARENT_ID'>1</col>
					<col name='WBREG_NAME'>modules</col>
					<col name='WBREG_CLASS'/>
					<col name='WBREG_VALUE'/>
				</row>
				<row>
					<col name='WBREG_ID'>0</col>
					<col name='WBREG_PARENT_ID'>0</col>
					<col name='WBREG_NAME'/>
					<col name='WBREG_CLASS'/>
					<col name='WBREG_VALUE'/>
				</row>
			</table>
			<table name='SELECT_DICTIONARY' key='SELECT_ID'>
				<row>
					<col name='SELECT_ID'>0</col>
					<col name='SELECT_NAME'>NONE</col>
					<col name='SELECT_DESC'/>
				</row>
			</table>
		</data>
	</referenceData>
</export>
