<data>
  <table name="MAINTENANCE_FORM" where="MFRM_ID IN (10005,10006)">
    <row><MFRM_ID>10006</MFRM_ID><MFRM_NAME>BALANCE CALCGRP</MFRM_NAME><MFRM_DESC>Balance Calcgrp</MFRM_DESC><MFRM_ASP>maintenance.asp</MFRM_ASP><MFRM_TABLE>IAG_BALANCE_CALCGRP</MFRM_TABLE><MFRM_KEYFIELD>ibcg_id</MFRM_KEYFIELD><MFRM_ORIENTATION>H</MFRM_ORIENTATION><MFRM_MAX_ROWS>25</MFRM_MAX_ROWS><MFRM_REC_BEFORE>0</MFRM_REC_BEFORE><MFRM_REC_AFTER>3</MFRM_REC_AFTER><MFRMT_ID>11</MFRMT_ID><MFRM_PARENT_KEYS>bal_id</MFRM_PARENT_KEYS><MFRM_PARENT_MFRM_ID>69</MFRM_PARENT_MFRM_ID><MFRM_ORDER_BY_FIELD>calcgrp_id</MFRM_ORDER_BY_FIELD><MFRM_AUDIT>N</MFRM_AUDIT><MFRM_PARAMETER>[NEW]=TRUE~[EDT]=BTN~[DEL]=TRUE</MFRM_PARAMETER><MFRM_LANG1>Balance Calcgrp</MFRM_LANG1><MFRM_MENUPARENT_ID>266</MFRM_MENUPARENT_ID><MFRM_PARAMETER_JSP>[NEW]=TRUE~[EDT]=BTN~[DEL]=TRUE</MFRM_PARAMETER_JSP>
      <table name="WORKBRAIN_FIELD" fk="MFRM_ID" refers="MFRM_ID">
      </table>
      <table name="MAINTENANCE_FORM_GRP" fk="MFRM_ID" refers="MFRM_ID">
        <row><MFG_ID>10049</MFG_ID><MFRM_ID>10006</MFRM_ID><WBG_ID>2</WBG_ID><WBP_ID>1</WBP_ID></row>
      </table>
      <table name="WB_LOCALZD_TBLVAL" fk="WBLTV_DATA_ID" refers="MFRM_ID">
        <row><WBLTV_ID>-100017</WBLTV_ID><WBLT_ID>34</WBLT_ID><WBL_ID>3</WBL_ID><WBLTV_DATA_ID>10006</WBLTV_DATA_ID><WBLTV_DATA_NAME>Balance Calcgrp</WBLTV_DATA_NAME><WBLTV_DATA_DESC>Balance Calcgrp</WBLTV_DATA_DESC></row>
        <row><WBLTV_ID>-100018</WBLTV_ID><WBLT_ID>34</WBLT_ID><WBL_ID>2</WBL_ID><WBLTV_DATA_ID>10006</WBLTV_DATA_ID><WBLTV_DATA_NAME>Balance Calcgrp</WBLTV_DATA_NAME><WBLTV_DATA_DESC>Balance Calcgrp</WBLTV_DATA_DESC></row>
        <row><WBLTV_ID>-100019</WBLTV_ID><WBLT_ID>34</WBLT_ID><WBL_ID>1</WBL_ID><WBLTV_DATA_ID>10006</WBLTV_DATA_ID><WBLTV_DATA_NAME>Balance Calcgrp</WBLTV_DATA_NAME><WBLTV_DATA_DESC>Balance Calcgrp</WBLTV_DATA_DESC></row>
      </table>
    </row>
    <row><MFRM_ID>10005</MFRM_ID><MFRM_NAME>TIME CODE BALANCE CALCGRP</MFRM_NAME><MFRM_DESC>Time Code Balance Calcgrp</MFRM_DESC><MFRM_ASP>MAINTENANCE.ASP</MFRM_ASP><MFRM_SQL>SELECT * FROM IAG_TIME_CODE_BAL</MFRM_SQL><MFRM_TABLE>IAG_TIME_CODE_BAL</MFRM_TABLE><MFRM_KEYFIELD>ITCB_ID</MFRM_KEYFIELD><MFRM_REDIRECT_URL>MAINTENANCE.ASP?MFRM_ID=10005</MFRM_REDIRECT_URL><MFRM_ORIENTATION>H</MFRM_ORIENTATION><MFRM_MAX_ROWS>25</MFRM_MAX_ROWS><MFRM_REC_BEFORE>0</MFRM_REC_BEFORE><MFRM_REC_AFTER>2</MFRM_REC_AFTER><MFRMT_ID>12</MFRMT_ID><MFRM_PARENT_KEYS>TCODE_ID</MFRM_PARENT_KEYS><MFRM_PARENT_MFRM_ID>32</MFRM_PARENT_MFRM_ID><MFRM_AUDIT>Y</MFRM_AUDIT><MFRM_PARAMETER>[NEW]=TRUE~[EDT]=BTN~[DEL]=TRUE</MFRM_PARAMETER><MFRM_LANG1>Time Code Balance Calcgrp</MFRM_LANG1><MFRM_MENUPARENT_ID>259</MFRM_MENUPARENT_ID><MFRM_JSP>/maintenance/mntForms.jsp</MFRM_JSP><MFRM_PARAMETER_JSP>[NEW]=TRUE~[EDT]=BTN~[DEL]=TRUE</MFRM_PARAMETER_JSP>
      <table name="WORKBRAIN_FIELD" fk="MFRM_ID" refers="MFRM_ID">
      </table>
      <table name="MAINTENANCE_FORM_GRP" fk="MFRM_ID" refers="MFRM_ID">
        <row><MFG_ID>10048</MFG_ID><MFRM_ID>10005</MFRM_ID><WBG_ID>2</WBG_ID><WBP_ID>1</WBP_ID></row>
      </table>
      <table name="WB_LOCALZD_TBLVAL" fk="WBLTV_DATA_ID" refers="MFRM_ID">
        <row><WBLTV_ID>-100020</WBLTV_ID><WBLT_ID>34</WBLT_ID><WBL_ID>3</WBL_ID><WBLTV_DATA_ID>10005</WBLTV_DATA_ID><WBLTV_DATA_NAME>Time Code Balance Calcgrp</WBLTV_DATA_NAME><WBLTV_DATA_DESC>Time Code Balance Calcgrp</WBLTV_DATA_DESC></row>
        <row><WBLTV_ID>-100021</WBLTV_ID><WBLT_ID>34</WBLT_ID><WBL_ID>2</WBL_ID><WBLTV_DATA_ID>10005</WBLTV_DATA_ID><WBLTV_DATA_NAME>Time Code Balance Calcgrp</WBLTV_DATA_NAME><WBLTV_DATA_DESC>Time Code Balance Calcgrp</WBLTV_DATA_DESC></row>
        <row><WBLTV_ID>-100022</WBLTV_ID><WBLT_ID>34</WBLT_ID><WBL_ID>1</WBL_ID><WBLTV_DATA_ID>10005</WBLTV_DATA_ID><WBLTV_DATA_NAME>Time Code Balance Calcgrp</WBLTV_DATA_NAME><WBLTV_DATA_DESC>Time Code Balance Calcgrp</WBLTV_DATA_DESC></row>
      </table>
    </row>
  </table>
</data>