<data>
  <table name="MAINTENANCE_FORM" where="MFRM_NAME LIKE 'BL%'">
    <row><MFRM_ID>1000005</MFRM_ID><MFRM_NAME>BLACKOUT DATE</MFRM_NAME><MFRM_DESC>BLACKOUT DATE</MFRM_DESC><MFRM_ASP>maintenance.asp</MFRM_ASP><MFRM_TABLE>WBIAG_BLKOUT_DAT </MFRM_TABLE><MFRM_KEYFIELD>WIBLKD_ID</MFRM_KEYFIELD><MFRM_ORIENTATION>V</MFRM_ORIENTATION><MFRM_MAX_ROWS>20</MFRM_MAX_ROWS><MFRM_REC_BEFORE>0</MFRM_REC_BEFORE><MFRM_REC_AFTER>0</MFRM_REC_AFTER><MFRMT_ID>11</MFRMT_ID><MFRM_AUDIT>Y</MFRM_AUDIT><MFRM_PARAMETER>[NEW]=TRUE~[EDT]=BTN~[DEL]=TRUE</MFRM_PARAMETER><MFRM_MENUPARENT_ID>827</MFRM_MENUPARENT_ID><MFRM_JSP>/maintenance/mntForms.jsp</MFRM_JSP><MFRM_PARAMETER_JSP>[NEW]=TRUE~[EDT]=FALSE~[DEL]=TRUE</MFRM_PARAMETER_JSP>
      <table name="WORKBRAIN_FIELD" fk="MFRM_ID" refers="MFRM_ID">
      </table>
      <table name="MAINTENANCE_FORM_GRP" fk="MFRM_ID" refers="MFRM_ID">
           <row><MFG_ID>-1000004</MFG_ID><MFRM_ID>1000005</MFRM_ID><WBG_ID>2</WBG_ID><WBP_ID>1</WBP_ID></row>
      </table>
      <table name="WB_LOCALZD_TBLVAL" fk="WBLTV_DATA_ID" refers="MFRM_ID">
        <row><WBLTV_ID>-1000010</WBLTV_ID><WBLT_ID>34</WBLT_ID><WBL_ID>1</WBL_ID><WBLTV_DATA_ID>1000005</WBLTV_DATA_ID><WBLTV_DATA_NAME>BLACKOUT DATE</WBLTV_DATA_NAME><WBLTV_DATA_DESC>BLACKOUT DATE</WBLTV_DATA_DESC></row>
      </table>
    </row>
    <row><MFRM_ID>1000006</MFRM_ID><MFRM_NAME>BLACKOUT DATE GROUP</MFRM_NAME><MFRM_DESC>BLACKOUT DATE GROUP</MFRM_DESC><MFRM_ASP>maintenance.asp</MFRM_ASP><MFRM_TABLE>WBIAG_BLKOUT_DT_GRP</MFRM_TABLE><MFRM_KEYFIELD>WIBLKDG_ID</MFRM_KEYFIELD><MFRM_ORIENTATION>V</MFRM_ORIENTATION><MFRM_MAX_ROWS>20</MFRM_MAX_ROWS><MFRM_REC_BEFORE>0</MFRM_REC_BEFORE><MFRM_REC_AFTER>0</MFRM_REC_AFTER><MFRMT_ID>11</MFRMT_ID><MFRM_AUDIT>Y</MFRM_AUDIT><MFRM_PARAMETER>[NEW]=TRUE~[EDT]=BTN~[DEL]=TRUE</MFRM_PARAMETER><MFRM_MENUPARENT_ID>827</MFRM_MENUPARENT_ID><MFRM_JSP>/maintenance/mntForms.jsp</MFRM_JSP><MFRM_PARAMETER_JSP><![CDATA[[NEW]=FALSE~[EDT]=BTN~[DEL]=FALSE~[EOA]=TRUE~[NWL]=HYP!location.href='../wbiag/blackout/blackoutProcess.jsp?mfrm_id=1000006&MODE=ADD'; return false;!Create New Entry~[RWL]=HYP!location.href='../wbiag/blackout/blackoutProcess.jsp?mfrm_id=1000006&record_id=<RECORDID>&MODE=DELETE'; return false;!Delete]]></MFRM_PARAMETER_JSP>
      <table name="WORKBRAIN_FIELD" fk="MFRM_ID" refers="MFRM_ID">
        <row><WBF_ID>-1000006</WBF_ID><WBF_NAME>WIBLKDG_NAME</WBF_NAME><WBDT_ID>0</WBDT_ID><SELECT_ID>0</SELECT_ID><MFRM_ID>1000006</MFRM_ID><WBF_AUDIT>Y</WBF_AUDIT><WBF_UI>StringUI</WBF_UI><WBF_UI_PARAM>width=50</WBF_UI_PARAM><WBF_REQUIRED>D</WBF_REQUIRED></row>
        <row><WBF_ID>-1000007</WBF_ID><WBF_NAME>WIBLKDG_DESC</WBF_NAME><WBDT_ID>0</WBDT_ID><SELECT_ID>0</SELECT_ID><MFRM_ID>1000006</MFRM_ID><WBF_AUDIT>Y</WBF_AUDIT><WBF_UI>TextAreaUI</WBF_UI><WBF_UI_PARAM>width=50 height=5</WBF_UI_PARAM><WBF_REQUIRED>D</WBF_REQUIRED></row>
        <row><WBF_ID>-1000008</WBF_ID><WBF_NAME>WIBLKDG_START_DATE</WBF_NAME><WBDT_ID>0</WBDT_ID><SELECT_ID>0</SELECT_ID><MFRM_ID>1000006</MFRM_ID><WBF_AUDIT>N</WBF_AUDIT><WBF_UI>DatePickerUI</WBF_UI><WBF_UI_PARAM>format=SHORT_DATE</WBF_UI_PARAM><WBF_REQUIRED>D</WBF_REQUIRED></row>
        <row><WBF_ID>-1000009</WBF_ID><WBF_NAME>WIBLKDG_END_DATE</WBF_NAME><WBDT_ID>0</WBDT_ID><SELECT_ID>0</SELECT_ID><MFRM_ID>1000006</MFRM_ID><WBF_AUDIT>N</WBF_AUDIT><WBF_UI>DatePickerUI</WBF_UI><WBF_REQUIRED>D</WBF_REQUIRED></row>
        <row><WBF_ID>-1000010</WBF_ID><WBF_NAME>WBT_ID</WBF_NAME><WBDT_ID>0</WBDT_ID><SELECT_ID>0</SELECT_ID><MFRM_ID>1000006</MFRM_ID><WBF_AUDIT>N</WBF_AUDIT><WBF_UI>DBLookupUI</WBF_UI><WBF_UI_PARAM>sourceType=REGISTERED source='SEC_WORKBRAIN_TEAM' sourceParams='ignoreCols==WBROLE_ID, WBUT_START_DATE, WBUT_END_DATE' sourceDisplayFields='WBT_LOC_NAME' labelFieldStatus=edit title='LOOKUP_TEAM'</WBF_UI_PARAM><WBF_REQUIRED>D</WBF_REQUIRED></row>
        <row><WBF_ID>-1000011</WBF_ID><WBF_NAME>WBTT_ID</WBF_NAME><WBDT_ID>0</WBDT_ID><SELECT_ID>0</SELECT_ID><MFRM_ID>1000006</MFRM_ID><WBF_AUDIT>N</WBF_AUDIT><WBF_UI>DBLookupUI</WBF_UI><WBF_UI_PARAM>__y='0' __x='0' sourceType='SQL' source='SELECT wbtt_id, wbtt_name FROM workbrain_team_type' locale='EN'</WBF_UI_PARAM><WBF_REQUIRED>D</WBF_REQUIRED></row>
        <row><WBF_ID>-1000012</WBF_ID><WBF_NAME>JOB_ID</WBF_NAME><WBDT_ID>0</WBDT_ID><SELECT_ID>0</SELECT_ID><MFRM_ID>1000006</MFRM_ID><WBF_AUDIT>N</WBF_AUDIT><WBF_UI>DBLookupUI</WBF_UI><WBF_UI_PARAM>__y='0' __x='0' sourceType='SQL' source='SELECT job_id, job_name FROM job ORDER BY job_name' locale='EN'</WBF_UI_PARAM><WBF_REQUIRED>D</WBF_REQUIRED></row>
        <row><WBF_ID>-1000014</WBF_ID><WBF_NAME>WIBLKDG_UDF1</WBF_NAME><WBDT_ID>0</WBDT_ID><SELECT_ID>0</SELECT_ID><MFRM_ID>1000006</MFRM_ID><WBF_AUDIT>Y</WBF_AUDIT><WBF_UI>HiddenUI</WBF_UI><WBF_REQUIRED>D</WBF_REQUIRED></row>
        <row><WBF_ID>-1000015</WBF_ID><WBF_NAME>WIBLKDG_UDF2</WBF_NAME><WBDT_ID>0</WBDT_ID><SELECT_ID>0</SELECT_ID><MFRM_ID>1000006</MFRM_ID><WBF_AUDIT>Y</WBF_AUDIT><WBF_UI>HiddenUI</WBF_UI><WBF_REQUIRED>D</WBF_REQUIRED></row>
        <row><WBF_ID>-1000016</WBF_ID><WBF_NAME>WIBLKDG_UDF3</WBF_NAME><WBDT_ID>0</WBDT_ID><SELECT_ID>0</SELECT_ID><MFRM_ID>1000006</MFRM_ID><WBF_AUDIT>Y</WBF_AUDIT><WBF_UI>HiddenUI</WBF_UI><WBF_REQUIRED>D</WBF_REQUIRED></row>
        <row><WBF_ID>-1000017</WBF_ID><WBF_NAME>WIBLKDG_UDF4</WBF_NAME><WBDT_ID>0</WBDT_ID><SELECT_ID>0</SELECT_ID><MFRM_ID>1000006</MFRM_ID><WBF_AUDIT>Y</WBF_AUDIT><WBF_UI>HiddenUI</WBF_UI><WBF_REQUIRED>D</WBF_REQUIRED></row>
        <row><WBF_ID>-1000018</WBF_ID><WBF_NAME>WIBLKDG_UDF5</WBF_NAME><WBDT_ID>0</WBDT_ID><SELECT_ID>0</SELECT_ID><MFRM_ID>1000006</MFRM_ID><WBF_AUDIT>Y</WBF_AUDIT><WBF_UI>HiddenUI</WBF_UI><WBF_REQUIRED>D</WBF_REQUIRED></row>
        <row><WBF_ID>-1000019</WBF_ID><WBF_NAME>WIBLKDG_FLAG1</WBF_NAME><WBDT_ID>0</WBDT_ID><SELECT_ID>0</SELECT_ID><MFRM_ID>1000006</MFRM_ID><WBF_AUDIT>Y</WBF_AUDIT><WBF_UI>HiddenUI</WBF_UI><WBF_REQUIRED>D</WBF_REQUIRED></row>
        <row><WBF_ID>-1000020</WBF_ID><WBF_NAME>WIBLKDG_FLAG2</WBF_NAME><WBDT_ID>0</WBDT_ID><SELECT_ID>0</SELECT_ID><MFRM_ID>1000006</MFRM_ID><WBF_AUDIT>Y</WBF_AUDIT><WBF_UI>HiddenUI</WBF_UI><WBF_REQUIRED>D</WBF_REQUIRED></row>
        <row><WBF_ID>-1000021</WBF_ID><WBF_NAME>WIBLKDG_FLAG3</WBF_NAME><WBDT_ID>0</WBDT_ID><SELECT_ID>0</SELECT_ID><MFRM_ID>1000006</MFRM_ID><WBF_AUDIT>Y</WBF_AUDIT><WBF_UI>HiddenUI</WBF_UI><WBF_REQUIRED>D</WBF_REQUIRED></row>
        <row><WBF_ID>-1000022</WBF_ID><WBF_NAME>WIBLKDG_FLAG4</WBF_NAME><WBDT_ID>0</WBDT_ID><SELECT_ID>0</SELECT_ID><MFRM_ID>1000006</MFRM_ID><WBF_AUDIT>Y</WBF_AUDIT><WBF_UI>HiddenUI</WBF_UI><WBF_REQUIRED>D</WBF_REQUIRED></row>
        <row><WBF_ID>-1000023</WBF_ID><WBF_NAME>WIBLKDG_FLAG5</WBF_NAME><WBDT_ID>0</WBDT_ID><SELECT_ID>0</SELECT_ID><MFRM_ID>1000006</MFRM_ID><WBF_AUDIT>Y</WBF_AUDIT><WBF_UI>HiddenUI</WBF_UI><WBF_REQUIRED>D</WBF_REQUIRED></row>

      </table>
      <table name="MAINTENANCE_FORM_GRP" fk="MFRM_ID" refers="MFRM_ID">
           <row><MFG_ID>-1000015</MFG_ID><MFRM_ID>1000006</MFRM_ID><WBG_ID>2</WBG_ID><WBP_ID>1</WBP_ID></row>
      </table>
      <table name="WB_LOCALZD_TBLVAL" fk="WBLTV_DATA_ID" refers="MFRM_ID">
        <row><WBLTV_ID>-1000013</WBLTV_ID><WBLT_ID>34</WBLT_ID><WBL_ID>1</WBL_ID><WBLTV_DATA_ID>1000006</WBLTV_DATA_ID><WBLTV_DATA_NAME>BLACKOUT DATE GROUP</WBLTV_DATA_NAME><WBLTV_DATA_DESC>BLACKOUT DATE GROUP</WBLTV_DATA_DESC></row>
      </table>
    </row>
    <row><MFRM_ID>1000007</MFRM_ID><MFRM_NAME>BLACKOUT DATES FOR GROUP</MFRM_NAME><MFRM_DESC>BLACKOUT DATES FOR GROUP</MFRM_DESC><MFRM_ASP>maintenance.asp</MFRM_ASP><MFRM_TABLE>WBIAG_BLKOUT_DAT</MFRM_TABLE><MFRM_KEYFIELD>WIBLKD_ID</MFRM_KEYFIELD><MFRM_ORIENTATION>V</MFRM_ORIENTATION><MFRM_MAX_ROWS>20</MFRM_MAX_ROWS><MFRM_REC_BEFORE>0</MFRM_REC_BEFORE><MFRM_REC_AFTER>0</MFRM_REC_AFTER><MFRMT_ID>11</MFRMT_ID><MFRM_PARENT_KEYS>WIBLKDG_ID</MFRM_PARENT_KEYS><MFRM_PARENT_MFRM_ID>1000006</MFRM_PARENT_MFRM_ID><MFRM_AUDIT>Y</MFRM_AUDIT><MFRM_PARAMETER>[NEW]=TRUE~[EDT]=BTN~[DEL]=TRUE</MFRM_PARAMETER><MFRM_MENUPARENT_ID>1000006</MFRM_MENUPARENT_ID><MFRM_JSP>/maintenance/mntForms.jsp</MFRM_JSP><MFRM_PARAMETER_JSP>[NEW]=FALSE~[EDT]=FALSE~[DEL]=FALSE~[EOA]=TRUE</MFRM_PARAMETER_JSP>
      <table name="WORKBRAIN_FIELD" fk="MFRM_ID" refers="MFRM_ID">
        <row><WBF_ID>-1000013</WBF_ID><WBF_NAME>WBIBLKDG_ID</WBF_NAME><WBDT_ID>0</WBDT_ID><SELECT_ID>0</SELECT_ID><MFRM_ID>1000007</MFRM_ID><WBF_AUDIT>Y</WBF_AUDIT><WBF_REQUIRED>D</WBF_REQUIRED></row>
      </table>
      <table name="MAINTENANCE_FORM_GRP" fk="MFRM_ID" refers="MFRM_ID">
           <row><MFG_ID>-1000016</MFG_ID><MFRM_ID>1000007</MFRM_ID><WBG_ID>2</WBG_ID><WBP_ID>1</WBP_ID></row>
      </table>
      <table name="WB_LOCALZD_TBLVAL" fk="WBLTV_DATA_ID" refers="MFRM_ID">
        <row><WBLTV_ID>-1000016</WBLTV_ID><WBLT_ID>34</WBLT_ID><WBL_ID>1</WBL_ID><WBLTV_DATA_ID>1000007</WBLTV_DATA_ID><WBLTV_DATA_NAME>BLACKOUT DATES FOR GROUP</WBLTV_DATA_NAME><WBLTV_DATA_DESC>BLACKOUT DATES FOR GROUP</WBLTV_DATA_DESC></row>
      </table>
    </row>
  </table>
</data>
