<data>
  <table name="MAINTENANCE_FORM">
    <row><MFRM_ID>1000005</MFRM_ID><MFRM_NAME>PAY RULES REGRESSION TOOL</MFRM_NAME><MFRM_DESC>REGRESSION TOOL</MFRM_DESC><MFRM_ASP>maintenance.asp</MFRM_ASP><MFRM_TABLE>x</MFRM_TABLE><MFRM_KEYFIELD>x</MFRM_KEYFIELD><MFRM_ORIENTATION>H</MFRM_ORIENTATION><MFRM_MAX_ROWS>20</MFRM_MAX_ROWS><MFRM_REC_BEFORE>0</MFRM_REC_BEFORE><MFRM_REC_AFTER>0</MFRM_REC_AFTER><MFRMT_ID>11</MFRMT_ID><MFRM_PARENT_MFRM_ID>0</MFRM_PARENT_MFRM_ID><MFRM_AUDIT>Y</MFRM_AUDIT><MFRM_PARAMETER>[NEW]=TRUE~[EDT]=BTN~[DEL]=TRUE</MFRM_PARAMETER><MFRM_MENUPARENT_ID>0</MFRM_MENUPARENT_ID><MFRM_JSP>/regressiontest/regressiontest.jsp</MFRM_JSP><MFRM_PARAMETER_JSP>[NEW]=TRUE~[EDT]=BTN~[DEL]=TRUE</MFRM_PARAMETER_JSP></row>
  </table>
</data>
