<data>
  <table name="BUSINESS_OBJECT_TYPE" >
    <row><BUSOBJTYP_ID>-1000003</BUSOBJTYP_ID><BUSOBJTYP_NAME>Export Payroll - Regular</BUSOBJTYP_NAME><BUSOBJTYP_DESC>Export Payroll - Regular</BUSOBJTYP_DESC><FLOW_ID>1000003</FLOW_ID><MSGTYP_ID>5</MSGTYP_ID><HSTPRM_ID>3</HSTPRM_ID><BUSOBJTYP_CNCL_PRM>N</BUSOBJTYP_CNCL_PRM><BUSOBJTYP_FB_VERSION>2</BUSOBJTYP_FB_VERSION><BUSOBJTYP_TYPE>1</BUSOBJTYP_TYPE><BUSOBJTYP_BATCH_APPROVABLE>N</BUSOBJTYP_BATCH_APPROVABLE>
      <table name="BUSOBJTYP_VERSION" where="BOTVR_ID IN (SELECT MAX(BOTVR_ID) FROM BUSOBJTYP_VERSION B WHERE B.BUSOBJTYP_ID = BUSOBJTYP_VERSION.BUSOBJTYP_ID)" fk="BUSOBJTYP_ID" refers="BUSOBJTYP_ID">
        <row><BOTVR_ID>-1000003</BOTVR_ID><BUSOBJTYP_ID>-1000003</BUSOBJTYP_ID><BOTVR_XML><![CDATA[<BOFORM Id="-1000003" Name="Export Payroll - Regular" Description="Export Payroll - Regular" Canceable="false" BatchApprovable="false" ViewHistoryPermission="3" FormType="1"><boForm><calculateFormula>function calculateFormulas() {&#xA;&#xA;}&#xA;</calculateFormula><onValidate>var paygrpIds = getElement(&#x22;paygrp_ids&#x22;).value;&#xA;if (paygrpIds == '') {&#xA;        alert(&#x22;At least one paygroup needs to be selected&#x22;);&#xA;        return false;&#xA;}&#xA;var paysysId = getElement(&#x22;paysys_id&#x22;).value;&#xA;if (paysysId == '') {&#xA;        alert(&#x22;Export type needs to be selected&#x22;);&#xA;        return false;&#xA;}&#xA;var writeToTable = getElement(&#x22;write_to_table&#x22;).value;&#xA;var wbInt = getElement(&#x22;dbWbint&#x22;).value;&#xA;if (writeToTable == 'true' &#x26;&#x26; wbInt == '') {&#xA;        alert(&#x22;Interface type needs to be selected when write to table is checked&#x22;);&#xA;        return false;&#xA;}&#xA;var startDate = getElement(&#x22;start_date&#x22;).value;&#xA;var endDate = getElement(&#x22;end_date&#x22;).value;&#xA;var usePayPeriod = getElement(&#x22;use_pay_period&#x22;).value;&#xA;if (usePayPeriod == 'false'){&#xA;    if (startDate == &#x22;&#x22; ||  endDate == &#x22;&#x22;){&#xA;        alert(&#x22;Both start and end date must be provided when use pay period is not checked&#x22;);&#xA;        return false;&#xA;    } &#xA;}&#xA;&#xA;</onValidate><onLoad/><commonScript/><actions>Submit,SaveContinue,OK,Cancel,Draft,Print,OpenDraft,Back,Forward,SaveCriteria,</actions><keyFields/><renderers/><mobile>false</mobile><netscape47>false</netscape47><numberOfPages>1</numberOfPages><div_style><background-color>#ecf2f6</background-color><width>623</width><height>395</height></div_style><boField><displayType>RECTANGLE</displayType><name>Rectangle1</name><title>default=~|~</title><canViewNodes>All,Sender,Supervisor</canViewNodes><wireless_order>0</wireless_order><page>0</page><div_style><left>1</left><top>1</top><width>600</width><height>62</height><background-color>#ecf2f6</background-color><color>#000000</color><border>1</border><border-style>solid</border-style></div_style><boField><displayType>RECTANGLE</displayType><name>Rectangle2</name><title>default=~|~</title><canViewNodes>All,Sender,Supervisor</canViewNodes><wireless_order>0</wireless_order><page>0</page><div_style><left>1</left><top>1</top><width>597</width><height>59</height><background-color>#d9e5f2</background-color><color>#000000</color><border>1</border><border-style>solid</border-style></div_style><boField><displayType>LABEL</displayType><value>default=Export Payroll - Regular~|~</value><datasource/><datafield/><default/><canViewNodes>Sender,Supervisor</canViewNodes><wireless_order>1</wireless_order><page>0</page><columnOrder>-1</columnOrder><preserveValue>false</preserveValue><containsHTML>true</containsHTML><mask>#,##0.00</mask><displayZeroValue>true</displayZeroValue><batchApprovable>false</batchApprovable><div_style><background-color>#d9e5f2</background-color><color>#5f6569</color><colorWhenPositive>#000000</colorWhenPositive><colorWhenNegative>#000000</colorWhenNegative><font-size>24</font-size><font-weight>bold</font-weight><font-style>normal</font-style><left>8</left><top>15</top><width>328</width><height>35</height><text-align>Left</text-align></div_style><ctl_attribute><name>Label2</name><title>default=~|~</title></ctl_attribute></boField><boField><displayType>IMAGE</displayType><canViewNodes>All,Sender,Supervisor</canViewNodes><label/><wireless_label>default=~|~</wireless_label><wireless_order>0</wireless_order><page>0</page><onClick/><div_style><left>297</left><top>5</top></div_style><ctl_attribute><name>Image1</name><src>/images/newlogobuildings.gif</src><width>296</width><height>50</height><border>0</border><title>default=~|~</title></ctl_attribute></boField></boField></boField><boField><displayType>LABEL</displayType><value>default=Pay Group :~|~</value><datasource/><datafield/><default/><canViewNodes>Sender,Supervisor</canViewNodes><wireless_order>0</wireless_order><page>0</page><columnOrder>-1</columnOrder><preserveValue>false</preserveValue><containsHTML>true</containsHTML><mask>#,##0.00</mask><displayZeroValue>true</displayZeroValue><batchApprovable>false</batchApprovable><div_style><background-color>#ecf2f6</background-color><color>#000000</color><colorWhenPositive>#000000</colorWhenPositive><colorWhenNegative>#000000</colorWhenNegative><font-size>12</font-size><font-weight>normal</font-weight><font-style>normal</font-style><left>27</left><top>145</top><width>98</width><height>21</height><text-align>Left</text-align></div_style><ctl_attribute><name>Label1</name><title>default=~|~</title></ctl_attribute></boField><boField><displayType>DBLOOKUP</displayType><name>paygrp_ids</name><datasource/><datafield/><label/><lookupdatasource>dsPayGroup</lookupdatasource><lookupidfield>PAYGRP_ID</lookupidfield><lookupdisplayfield/><lookuppopupfields>PAYGRP_NAME</lookuppopupfields><resolvedatasource/><selectId/><valueId/><dataType>String</dataType><multiselect>true</multiselect><canEditNodes>Sender</canEditNodes><canViewNodes>All,Sender,Role</canViewNodes><onFocus/><onValidate/><wireless_label>default=~|~</wireless_label><wireless_order>0</wireless_order><page>0</page><populateAtSender>false</populateAtSender><batchApprovable>false</batchApprovable><userTypeable>false</userTypeable><addAllButton>false</addAllButton><div_style><left>130</left><top>147</top></div_style><ctl_style><width>221</width><height>20</height><background-color>#ffffff</background-color><color>#000000</color><font-size>12</font-size><font-weight>normal</font-weight><font-style>normal</font-style></ctl_style><ctl_attribute><id>false</id><value/><title>default=~|~</title></ctl_attribute><img_attribute><width>17</width><height>20</height></img_attribute></boField><boField><displayType>DATEPICKER</displayType><canEditNodes>Sender</canEditNodes><canViewNodes>Sender,Role</canViewNodes><datasource/><datafield/><dataType>Date</dataType><default/><label/><mask>MM/dd/yyyy</mask><onFocus/><onValidate/><wireless_label>default=Start Date~|~</wireless_label><wireless_order>12</wireless_order><page>0</page><batchApprovable>false</batchApprovable><div_style><left>135</left><top>220</top></div_style><ctl_style><width>75</width><height>20</height><background-color>#ffffff</background-color><color>#000000</color><font-size>12</font-size><font-weight>normal</font-weight><font-style>normal</font-style></ctl_style><ctl_attribute><name>start_date</name><id>false</id><value/><title>default=~|~</title></ctl_attribute><img_attribute><width>25</width><height>20</height></img_attribute></boField><boField><displayType>DATEPICKER</displayType><canEditNodes>Sender</canEditNodes><canViewNodes>Sender,Role</canViewNodes><datasource/><datafield/><dataType>Date</dataType><default/><label/><mask>MM/dd/yyyy</mask><onFocus/><onValidate/><wireless_label>default=Return Date~|~</wireless_label><wireless_order>14</wireless_order><page>0</page><batchApprovable>false</batchApprovable><div_style><left>135</left><top>252</top></div_style><ctl_style><width>75</width><height>20</height><background-color>#ffffff</background-color><color>#000000</color><font-size>12</font-size><font-weight>normal</font-weight><font-style>normal</font-style></ctl_style><ctl_attribute><name>end_date</name><id>false</id><value/><title>default=~|~</title></ctl_attribute><img_attribute><width>25</width><height>20</height></img_attribute></boField><boField><displayType>LABEL</displayType><value>default=End Date :~|~</value><datasource/><datafield/><default/><canViewNodes>Sender,Supervisor</canViewNodes><wireless_order>0</wireless_order><page>0</page><columnOrder>-1</columnOrder><preserveValue>false</preserveValue><containsHTML>true</containsHTML><mask>#,##0.00</mask><displayZeroValue>true</displayZeroValue><batchApprovable>false</batchApprovable><div_style><background-color>#ecf2f6</background-color><color>#000000</color><colorWhenPositive>#000000</colorWhenPositive><colorWhenNegative>#000000</colorWhenNegative><font-size>12</font-size><font-weight>normal</font-weight><font-style>normal</font-style><left>32</left><top>255</top><width>98</width><height>15</height><text-align>Left</text-align></div_style><ctl_attribute><name>Label5</name><title>default=~|~</title></ctl_attribute></boField><boField><displayType>LABEL</displayType><value>default=Start Date :~|~</value><datasource/><datafield/><default/><canViewNodes>Sender,Supervisor</canViewNodes><wireless_order>0</wireless_order><page>0</page><columnOrder>-1</columnOrder><preserveValue>false</preserveValue><containsHTML>true</containsHTML><mask>#,##0.00</mask><displayZeroValue>true</displayZeroValue><batchApprovable>false</batchApprovable><div_style><background-color>#ecf2f6</background-color><color>#000000</color><colorWhenPositive>#000000</colorWhenPositive><colorWhenNegative>#000000</colorWhenNegative><font-size>12</font-size><font-weight>normal</font-weight><font-style>normal</font-style><left>32</left><top>219</top><width>98</width><height>15</height><text-align>Left</text-align></div_style><ctl_attribute><name>Label6</name><title>default=~|~</title></ctl_attribute></boField><boField><displayType>CHECKBOX</displayType><value>true</value><caption>default=Use Pay Period (Start and End Dates will be ignored when checked)~|~</caption><datasource/><datafield/><canEditNodes>Sender</canEditNodes><canViewNodes>All,Sender,Role</canViewNodes><onFocus/><onValidate/><wireless_order>0</wireless_order><page>0</page><batchApprovable>false</batchApprovable><div_style><left>28</left><top>175</top></div_style><ctl_style><width>425</width><height>22</height><background-color/><color>#000000</color><font-size>12</font-size><font-weight>normal</font-weight><font-style>normal</font-style></ctl_style><ctl_attribute><name>use_pay_period</name><title>default=~|~</title></ctl_attribute></boField><boField><displayType>DATASOURCE</displayType><maxrows>10</maxrows><type>Query</type><parameter>SELECT paygrp_id, paygrp_name FROM pay_group WHERE paygrp_flag1 = 'Y' ORDER BY paygrp_name</parameter><hiddenFields/><orderBy/><sourceQuery/><readonly>true</readonly><page>0</page><pageChangeRefresh>true</pageChangeRefresh><reloadIfChangedControls/><reloadButtons/><ReloadUpdateButtons/><sourceType/><sourceParameters/><ctl_attribute><name>dsPayGroup</name></ctl_attribute><div_style><left>424</left><top>134</top></div_style></boField><boField><displayType>LABEL</displayType><value>default=Export Type :~|~</value><datasource/><datafield/><default/><canViewNodes>All,Sender</canViewNodes><wireless_order>0</wireless_order><page>0</page><columnOrder>-1</columnOrder><preserveValue>false</preserveValue><containsHTML>true</containsHTML><mask>#,##0.00</mask><displayZeroValue>true</displayZeroValue><batchApprovable>false</batchApprovable><div_style><background-color/><color>#000000</color><colorWhenPositive>#000000</colorWhenPositive><colorWhenNegative>#000000</colorWhenNegative><font-size>12</font-size><font-weight>normal</font-weight><font-style>normal</font-style><left>27</left><top>110</top><width>72</width><height>21</height><text-align>Left</text-align></div_style><ctl_attribute><name>Label4</name><title>default=~|~</title></ctl_attribute></boField><boField><displayType>DBLOOKUP</displayType><name>paysys_id</name><datasource/><datafield/><label/><lookupdatasource>exportType</lookupdatasource><lookupidfield>PET_ID</lookupidfield><lookupdisplayfield/><lookuppopupfields>PET_NAME,PET_DESC</lookuppopupfields><resolvedatasource/><selectId/><valueId/><dataType>Number</dataType><multiselect>false</multiselect><canEditNodes>Sender</canEditNodes><canViewNodes>All,Sender</canViewNodes><onFocus/><onValidate/><wireless_label>default=~|~</wireless_label><wireless_order>0</wireless_order><page>0</page><populateAtSender>false</populateAtSender><batchApprovable>false</batchApprovable><userTypeable>false</userTypeable><addAllButton>false</addAllButton><div_style><left>130</left><top>110</top></div_style><ctl_style><width>222</width><height>20</height><background-color>#ffffff</background-color><color>#000000</color><font-size>12</font-size><font-weight>normal</font-weight><font-style>normal</font-style></ctl_style><ctl_attribute><id>false</id><value/><title>default=~|~</title></ctl_attribute><img_attribute><width>17</width><height>20</height></img_attribute></boField><boField><displayType>DATASOURCE</displayType><maxrows>10</maxrows><type>Query</type><parameter>select * from PAYROLL_EXPORT_TSK</parameter><hiddenFields/><orderBy/><sourceQuery/><readonly>true</readonly><page>0</page><pageChangeRefresh>true</pageChangeRefresh><reloadIfChangedControls/><reloadButtons/><ReloadUpdateButtons/><sourceType/><sourceParameters/><ctl_attribute><name>exportType</name></ctl_attribute><div_style><left>421</left><top>97</top></div_style></boField><boField><displayType>CHECKBOX</displayType><value>false</value><caption>default=Write to staging table~|~</caption><datasource/><datafield/><canEditNodes>Sender</canEditNodes><canViewNodes>All,Sender</canViewNodes><onFocus/><onValidate/><wireless_order>0</wireless_order><page>0</page><batchApprovable>false</batchApprovable><div_style><left>30</left><top>311</top></div_style><ctl_style><width>149</width><height>22</height><background-color>#ecf2f6</background-color><color>#000000</color><font-size>12</font-size><font-weight>normal</font-weight><font-style>normal</font-style></ctl_style><ctl_attribute><name>write_to_table</name><title>default=~|~</title></ctl_attribute></boField><boField><displayType>CHECKBOX</displayType><value>false</value><caption>default=Write to file~|~</caption><datasource/><datafield/><canEditNodes>Sender</canEditNodes><canViewNodes>All,Sender</canViewNodes><onFocus/><onValidate/><wireless_order>0</wireless_order><page>0</page><batchApprovable>false</batchApprovable><div_style><left>30</left><top>351</top></div_style><ctl_style><width>100</width><height>22</height><background-color>#ecf2f6</background-color><color>#000000</color><font-size>12</font-size><font-weight>normal</font-weight><font-style>normal</font-style></ctl_style><ctl_attribute><name>write_to_file</name><title>default=~|~</title></ctl_attribute></boField><boField><displayType>CHECKBOX</displayType><value>false</value><caption>default=Merge Files~|~</caption><datasource/><datafield/><canEditNodes>Sender</canEditNodes><canViewNodes>All,Sender</canViewNodes><onFocus/><onValidate/><wireless_order>0</wireless_order><page>0</page><batchApprovable>false</batchApprovable><div_style><left>192</left><top>311</top></div_style><ctl_style><width>100</width><height>22</height><background-color>#ecf2f6</background-color><color>#000000</color><font-size>12</font-size><font-weight>normal</font-weight><font-style>normal</font-style></ctl_style><ctl_attribute><name>merge_files</name><title>default=~|~</title></ctl_attribute></boField><boField><displayType>CHECKBOX</displayType><value>false</value><caption>default=Adjust Dates~|~</caption><datasource/><datafield/><canEditNodes>Sender</canEditNodes><canViewNodes>All,Sender</canViewNodes><onFocus/><onValidate/><wireless_order>0</wireless_order><page>0</page><batchApprovable>false</batchApprovable><div_style><left>192</left><top>351</top></div_style><ctl_style><width>100</width><height>22</height><background-color>#ecf2f6</background-color><color>#000000</color><font-size>12</font-size><font-weight>normal</font-weight><font-style>normal</font-style></ctl_style><ctl_attribute><name>adjust_dates</name><title>default=~|~</title></ctl_attribute></boField><boField><displayType>LABEL</displayType><value>default=Interface Type :~|~</value><datasource/><datafield/><default/><canViewNodes>All,Sender</canViewNodes><wireless_order>0</wireless_order><page>0</page><columnOrder>-1</columnOrder><preserveValue>false</preserveValue><containsHTML>true</containsHTML><mask>#,##0.00</mask><displayZeroValue>true</displayZeroValue><batchApprovable>false</batchApprovable><div_style><background-color/><color>#000000</color><colorWhenPositive>#000000</colorWhenPositive><colorWhenNegative>#000000</colorWhenNegative><font-size>12</font-size><font-weight>normal</font-weight><font-style>normal</font-style><left>27</left><top>80</top><width>83</width><height>21</height><text-align>Left</text-align></div_style><ctl_attribute><name>Label3</name><title>default=~|~</title></ctl_attribute></boField><boField><displayType>DBLOOKUP</displayType><name>dbWbint</name><datasource/><datafield/><label/><lookupdatasource>dsWbint</lookupdatasource><lookupidfield>WBITYP_ID</lookupidfield><lookupdisplayfield>WBITYP_NAME</lookupdisplayfield><lookuppopupfields>WBITYP_NAME</lookuppopupfields><resolvedatasource/><selectId/><valueId/><dataType>Number</dataType><multiselect>false</multiselect><canEditNodes>Sender</canEditNodes><canViewNodes>All,Sender</canViewNodes><onFocus/><onValidate/><wireless_label>default=~|~</wireless_label><wireless_order>0</wireless_order><page>0</page><populateAtSender>false</populateAtSender><batchApprovable>false</batchApprovable><userTypeable>false</userTypeable><addAllButton>false</addAllButton><div_style><left>130</left><top>78</top></div_style><ctl_style><width>222</width><height>20</height><background-color>#ffffff</background-color><color>#000000</color><font-size>12</font-size><font-weight>normal</font-weight><font-style>normal</font-style></ctl_style><ctl_attribute><id>false</id><value/><title>default=~|~</title></ctl_attribute><img_attribute><width>17</width><height>20</height></img_attribute></boField><boField><displayType>DATASOURCE</displayType><maxrows>10</maxrows><type>Query</type><parameter>select * from wbint_type where wbityp_type = 'EXPORT' order by wbityp_name</parameter><hiddenFields/><orderBy/><sourceQuery/><readonly>true</readonly><page>0</page><pageChangeRefresh>true</pageChangeRefresh><reloadIfChangedControls/><reloadButtons/><ReloadUpdateButtons/><sourceType/><sourceParameters/><ctl_attribute><name>dsWbint</name></ctl_attribute><div_style><left>418</left><top>65</top></div_style></boField></boForm></BOFORM>]]></BOTVR_XML><BOTVR_DATE>2006-08-24 14:00:04</BOTVR_DATE></row>
      </table>
      <table name="WORKFLOW_FLOW" fk="WFFLOW_ID" refers="FLOW_ID">
        <row><WFFLOW_ID>1000003</WFFLOW_ID><WFFLOW_NAME>Export Payroll Regular</WFFLOW_NAME><WFFLOW_DESC>Export Payroll Regular</WFFLOW_DESC><WFFLOW_SUBM_MSG>default=Payroll Export has been submitted~|~</WFFLOW_SUBM_MSG><WFFLOW_XML><![CDATA[<WORKFLOW Id="1000003" Name="Export Payroll Regular" Description="Export Payroll Regular" AcceptedTypeName="BOForm" StartNodeId="6" Modified="1156438145703" Immediate="true" FormName="Export Payroll - Regular" SubmittedMessage="default=Payroll Export has been submitted~|~" ExceptionNodeId="0"><NODES><NODE Id="0" ActionId="10004" ActionName="ExceptionAction"><PROPERTIES><PROPERTY Name="USER" Type="com.workbrain.app.workflow.properties.types.StringType" UI="ListUI" UIParams="{'Filter'='' 'BuilderParams'='{''sourceQuery''=''SELECT NAME , NAME FROM VIEW_WE_USER''}' 'Builder'='QUERY' }">WORKBRAIN</PROPERTY><PROPERTY Name="Y" Type="com.workbrain.app.workflow.properties.types.NumberType" UI="NumberUI" UIParams="">300</PROPERTY><PROPERTY Name="USER_PROPERTY_DISPLAY_NAME" Type="com.workbrain.app.workflow.properties.types.StringType" UI="StringUI" UIParams="">WORKBRAIN</PROPERTY><PROPERTY Name="X" Type="com.workbrain.app.workflow.properties.types.NumberType" UI="NumberUI" UIParams="">301</PROPERTY></PROPERTIES></NODE><NODE Id="1" ActionId="10002" ActionName="AcceptedAction"><PROPERTIES><PROPERTY Name="Y" Type="com.workbrain.app.workflow.properties.types.NumberType" UI="NumberUI" UIParams="">113</PROPERTY><PROPERTY Name="MESSAGE" Type="com.workbrain.app.workflow.properties.types.StringType" UI="StringUI" UIParams="">default=Export Payroll has been completed.~|~</PROPERTY><PROPERTY Name="X" Type="com.workbrain.app.workflow.properties.types.NumberType" UI="NumberUI" UIParams="">313</PROPERTY></PROPERTIES></NODE><NODE Id="2" ActionId="10003" ActionName="RejectedAction"><PROPERTIES><PROPERTY Name="Y" Type="com.workbrain.app.workflow.properties.types.NumberType" UI="NumberUI" UIParams="">306</PROPERTY><PROPERTY Name="MESSAGE" Type="com.workbrain.app.workflow.properties.types.StringType" UI="StringUI" UIParams="">default=Export Payroll has failed.~|~</PROPERTY><PROPERTY Name="X" Type="com.workbrain.app.workflow.properties.types.NumberType" UI="NumberUI" UIParams="">81</PROPERTY></PROPERTIES></NODE><NODE Id="6" ActionId="30034" ActionName="ExportPayrollRegularAction"><PROPERTIES><PROPERTY Name="Y" Type="com.workbrain.app.workflow.properties.types.NumberType" UI="NumberUI" UIParams="">113</PROPERTY><PROPERTY Name="X" Type="com.workbrain.app.workflow.properties.types.NumberType" UI="NumberUI" UIParams="">81</PROPERTY></PROPERTIES></NODE></NODES><BRANCHES><BRANCH inId="6" outId="1">default=Success~|~</BRANCH><BRANCH inId="6" outId="2">default=Failure~|~</BRANCH></BRANCHES></WORKFLOW>]]></WFFLOW_XML><WFFLOW_MODIFIED>2006-08-24 12:49:05</WFFLOW_MODIFIED></row>
      </table>
    </row>
  </table>
  <table name="WORKFLOW_ACTION" >
    <row><WFACT_ID>-1000005</WFACT_ID><WFACT_XML><![CDATA[<ACTION ActionProcess="ExportPayrollRegularAction" Id="-1000005">
     <PROPERTIES>
      <PROPERTY Name="NAME"  Type="com.workbrain.app.workflow.properties.types.StringType"  UI="StringUI"   UIParams="">ExportPayrollRegularAction</PROPERTY>
      <PROPERTY Name="DESCRIPTION"           Type="com.workbrain.app.workflow.properties.types.StringType" UI="StringUI" UIParams="">ExportPayrollRegularAction</PROPERTY>
      <PROPERTY Name="IMAGE_ICON" Type="com.workbrain.app.workflow.properties.types.StringType"   UI="WorkflowEditor_NodeImageUI"  UIParams="">process.gif</PROPERTY>
	       </PROPERTIES>
     </ACTION>]]></WFACT_XML><WFACT_PROC_NAME>ExportPayrollRegularAction</WFACT_PROC_NAME></row>
  </table>
  <table name="MAINTENANCE_FORM">
    <row><MFRM_ID>1000012</MFRM_ID><MFRM_NAME>Export Payroll - Regular</MFRM_NAME><MFRM_DESC>Export Payroll - Regular</MFRM_DESC><MFRM_ASP><![CDATA[businessObject.asp?msg_id=null&busObjTyp_id=-1000003&folder_id=null&newOld=null]]></MFRM_ASP><MFRM_TABLE>X</MFRM_TABLE><MFRM_KEYFIELD>X</MFRM_KEYFIELD><MFRM_REDIRECT_URL>X</MFRM_REDIRECT_URL><MFRM_ORIENTATION>H</MFRM_ORIENTATION><MFRM_MAX_ROWS>0</MFRM_MAX_ROWS><MFRM_REC_BEFORE>0</MFRM_REC_BEFORE><MFRM_REC_AFTER>0</MFRM_REC_AFTER><MFRMT_ID>11</MFRMT_ID><MFRM_AUDIT>N</MFRM_AUDIT><MFRM_PARAMETER>X</MFRM_PARAMETER><MFRM_MENUPARENT_ID>226</MFRM_MENUPARENT_ID><MFRM_JSP><![CDATA[/messaging/businessObject.jsp?msg_id=null&busObjTyp_id=-1000003&folder_id=null&newOld=null]]></MFRM_JSP><MFRM_PARAMETER_JSP>[NEW]=TRUE~[EDT]=BTN~[DEL]=TRUE</MFRM_PARAMETER_JSP>
      <table name="WORKBRAIN_FIELD" fk="MFRM_ID" refers="MFRM_ID">
      </table>
      <table name="MAINTENANCE_FORM_GRP" fk="MFRM_ID" refers="MFRM_ID">
        <row><MFG_ID>20158</MFG_ID><MFRM_ID>1000012</MFRM_ID><WBG_ID>2</WBG_ID><CLIENT_ID>1</CLIENT_ID><WBP_ID>1</WBP_ID></row>
      </table>
      <table name="WB_LOCALZD_TBLVAL" fk="WBLTV_DATA_ID" refers="MFRM_ID">
        <row><WBLTV_ID>-1000022</WBLTV_ID><WBLT_ID>34</WBLT_ID><WBL_ID>1</WBL_ID><WBLTV_DATA_ID>1000012</WBLTV_DATA_ID><WBLTV_DATA_NAME>Export Payroll - Regular</WBLTV_DATA_NAME><WBLTV_DATA_DESC>Export Payroll - Regular</WBLTV_DATA_DESC><CLIENT_ID>1</CLIENT_ID></row>
      </table>
    </row>
  </table>
</data>
