<data>
  <table name="OVERRIDE_TYPE">
    <row><OVRTYP_ID>140</OVRTYP_ID><OVRTYP_NAME>RULE TRACE</OVRTYP_NAME><OVRTYP_DESC>RULE TRACE</OVRTYP_DESC><OVRTYP_ORDER>-99</OVRTYP_ORDER><OVRTYP_ACTIVE>Y</OVRTYP_ACTIVE><OVRTYP_SHOW>Y</OVRTYP_SHOW><OVRTYP_PREFIX>WRKD</OVRTYP_PREFIX><OVRTYP_EMPLOYEE>N</OVRTYP_EMPLOYEE><OVRTYP_SCHEDULE>N</OVRTYP_SCHEDULE><OVRTYP_TIMESHEET>Y</OVRTYP_TIMESHEET><OVRTYP_LINK>Y</OVRTYP_LINK><OVRTYP_MAX_DURATN>100</OVRTYP_MAX_DURATN><OVRTYP_MASSENTRY>N</OVRTYP_MASSENTRY>
      <table name="OVERRIDE_TYPE_GRP" fk="OVRTYP_ID" refers="OVRTYP_ID">
        <row><OTG_ID>9000</OTG_ID><WBG_ID>2</WBG_ID><OVRTYP_ID>140</OVRTYP_ID><WBP_ID>1</WBP_ID></row>
      </table>
    </row>
  </table>
  <table name="WBINT_MAPPING">
    <row><WBIMAP_ID>9000</WBIMAP_ID><WBIMAP_NAME>RULE TRACE CONFIG</WBIMAP_NAME><WBIMAP_IN_TABLE>RULE TRACE CONFIG</WBIMAP_IN_TABLE><WBIMAP_OUT_TABLE>RULE TRACE CONFIG</WBIMAP_OUT_TABLE><WBIMAP_XML><![CDATA[<ruleTraceConfig enabled="true" applyToCalcGroups="">

   <data>
      <employee fields="EMP_NAME,EMP_FULLNAME,EMP_CALCGRP_NAME"/>
      <workSummary fields="WRKS_AUTHORIZED,WRKS_WORK_DATE,WRKS_ERROR"/>
      <workDetails fields="WRKD_AUTH,WRKD_START_TIME,WRKD_END_TIME,WRKD_MINUTES,WRKD_TCODE_NAME,WRKD_HTYPE_NAME,WRKD_JOB_NAME,WRKD_DEPT_NAME,WRKD_PROJ_NAME,WRKD_DOCK_NAME,WRKD_WBT_NAME"/>
      <workPremiums fields="WRKD_AUTH,WRKD_MINUTES,WRKD_TCODE_NAME,WRKD_HTYPE_NAME,WRKD_JOB_NAME,WRKD_DEPT_NAME,WRKD_PROJ_NAME,WRKD_DOCK_NAME,WRKD_WBT_NAME"/>
      <employeeBalances balances="VACATION"/>
   </data>

</ruleTraceConfig>
]]></WBIMAP_XML></row>
  </table>
</data>
