﻿<data>
			<table name='WB_ALERT'>
				<row>
					<col name='WBAL_ID'>-1000002</col>
					<col name='WBAL_NAME'>WBIAG - REJECTED CLOCKS ALERT</col>
					<col name='WBAL_DESC'>WBIAG - Rejected Clocks Alert</col>
					<col name='WBAL_START_TIME'/>
					<col name='WBAL_END_TIME'/>
					<col name='WBAL_RC_WBU_NAMES'/>
					<col name='WBAL_RC_WBT_NAMES'/>
					<col name='WBAL_RC_ROLE_NAMES'/>
					<col name='WBAL_RC_SELF'>N</col>
					<col name='WBAL_RC_CHK_SKD'>N</col>
					<col name='WBAL_SRC_TYPE'>QUERY</col>
					<col name='WBAL_SRC_SQL'><![CDATA[SELECT emp_id, clktranrej_time, clktrantype_name, emp_id, rdr_name, clktranrej_error_mess, clktranrej_data
FROM clock_tran_rejected, reader,clock_tran_type
WHERE reader.rdr_id = clock_tran_rejected.rdr_id
AND clock_tran_type.clktrantype_id = clock_tran_rejected.clktrantype_id
AND clktranrej_time > sysdate – 1/24]]></col>
					<col name='WBAL_SRC_CLASS'/>
					<col name='WBAL_MSG_SUBJECT'>WBIAG - Rejected Clocks Alert</col>
					<col name='WBAL_MSG_HEADER'/>
					<col name='WBAL_MSG_FOOTER'/>
					<col name='WBAL_MSG_SNDIFBLNK'>N</col>
					<col name='WBAL_MSG_CONT_TYPE'>TEXT</col>
					<col name='WBAL_FLAG1'/>
					<col name='WBAL_FLAG2'/>
					<col name='WBAL_FLAG3'/>
					<col name='WBAL_FLAG4'/>
					<col name='WBAL_FLAG5'/>
					<col name='WBAL_UDF1'/>
					<col name='WBAL_UDF2'/>
					<col name='WBAL_UDF3'/>
					<col name='WBAL_UDF4'/>
					<col name='WBAL_UDF5'/>
					<col name='CLIENT_ID'>1</col>
				</row>
			</table>
</data>