<data>
  <table name="BUSINESS_OBJECT_TYPE" where="BUSOBJTYP_ID=-100000">
    <row><BUSOBJTYP_ID>-1000000</BUSOBJTYP_ID><BUSOBJTYP_NAME>HighVolume Payroll Export</BUSOBJTYP_NAME><BUSOBJTYP_DESC>HighVolume Payroll Export Form</BUSOBJTYP_DESC><FLOW_ID>10100</FLOW_ID><MSGTYP_ID>5</MSGTYP_ID><HSTPRM_ID>3</HSTPRM_ID><BUSOBJTYP_CNCL_PRM>N</BUSOBJTYP_CNCL_PRM><BUSOBJTYP_FB_VERSION>2</BUSOBJTYP_FB_VERSION><BUSOBJTYP_TYPE>1</BUSOBJTYP_TYPE><BUSOBJTYP_BATCH_APPROVABLE>N</BUSOBJTYP_BATCH_APPROVABLE>
      <table name="BUSOBJTYP_VERSION" fk="BUSOBJTYP_ID" refers="BUSOBJTYP_ID">
           <row><BOTVR_ID>-1000000</BOTVR_ID><BUSOBJTYP_ID>-1000000</BUSOBJTYP_ID><BOTVR_XML><![CDATA[<BOFORM Id="-1000000" Name="HighVolume Payroll Export" Description="HighVolume Payroll Export Form" Canceable="false" BatchApprovable="false" ViewHistoryPermission="3" FormType="1"><boForm><calculateFormula>function calculateFormulas() {&#xA;&#xA;}&#xA;</calculateFormula><onValidate/><onLoad/><commonScript/><actions>Submit,SaveContinue,OK,Cancel,Draft,Print,OpenDraft,Back,Forward,</actions><keyFields/><renderers/><mobile>false</mobile><netscape47>false</netscape47><numberOfPages>1</numberOfPages><div_style><background-color>#d9e5f2</background-color><width>632</width><height>259</height></div_style><boField><displayType>LABEL</displayType><value>default=Pay Group~|~</value><datasource/><datafield/><default/><canViewNodes>All,Sender</canViewNodes><wireless_order>0</wireless_order><page>0</page><columnOrder>-1</columnOrder><preserveValue>false</preserveValue><containsHTML>true</containsHTML><mask>#,##0.00</mask><displayZeroValue>true</displayZeroValue><batchApprovable>false</batchApprovable><div_style><background-color/><color>#000000</color><colorWhenPositive>#000000</colorWhenPositive><colorWhenNegative>#000000</colorWhenNegative><font-size>12</font-size><font-weight>normal</font-weight><font-style>normal</font-style><left>48</left><top>95</top><width>72</width><height>18</height><text-align>Left</text-align></div_style><ctl_attribute><name>Label1</name><title>default=~|~</title></ctl_attribute></boField><boField><displayType>CHECKBOX</displayType><value>false</value><caption>default=Write to file~|~</caption><datasource/><datafield/><canEditNodes>Sender</canEditNodes><canViewNodes>All,Sender</canViewNodes><onFocus/><onValidate/><wireless_order>0</wireless_order><page>0</page><batchApprovable>false</batchApprovable><div_style><left>73</left><top>140</top></div_style><ctl_style><width>100</width><height>22</height><background-color>#d9e5f2</background-color><color>#000000</color><font-size>12</font-size><font-weight>normal</font-weight><font-style>normal</font-style></ctl_style><ctl_attribute><name>write_to_file</name><title>default=~|~</title></ctl_attribute></boField><boField><displayType>CHECKBOX</displayType><value>false</value><caption>default=Write to Table~|~</caption><datasource/><datafield/><canEditNodes>Sender</canEditNodes><canViewNodes>All,Sender</canViewNodes><onFocus/><onValidate/><wireless_order>0</wireless_order><page>0</page><batchApprovable>false</batchApprovable><div_style><left>71</left><top>171</top></div_style><ctl_style><width>100</width><height>22</height><background-color>#d9e5f2</background-color><color>#000000</color><font-size>12</font-size><font-weight>normal</font-weight><font-style>normal</font-style></ctl_style><ctl_attribute><name>write_to_table</name><title>default=~|~</title></ctl_attribute></boField><boField><displayType>CHECKBOX</displayType><value>false</value><caption>default=Merge Files~|~</caption><datasource/><datafield/><canEditNodes>Sender</canEditNodes><canViewNodes>All,Sender</canViewNodes><onFocus/><onValidate/><wireless_order>0</wireless_order><page>0</page><batchApprovable>false</batchApprovable><div_style><left>192</left><top>140</top></div_style><ctl_style><width>100</width><height>22</height><background-color>#d9e5f2</background-color><color>#000000</color><font-size>12</font-size><font-weight>normal</font-weight><font-style>normal</font-style></ctl_style><ctl_attribute><name>merge_files</name><title>default=~|~</title></ctl_attribute></boField><boField><displayType>CHECKBOX</displayType><value>false</value><caption>default=Adjust Dates~|~</caption><datasource/><datafield/><canEditNodes>Sender</canEditNodes><canViewNodes>All,Sender</canViewNodes><onFocus/><onValidate/><wireless_order>0</wireless_order><page>0</page><batchApprovable>false</batchApprovable><div_style><left>192</left><top>171</top></div_style><ctl_style><width>100</width><height>22</height><background-color>#d9e5f2</background-color><color>#000000</color><font-size>12</font-size><font-weight>normal</font-weight><font-style>normal</font-style></ctl_style><ctl_attribute><name>adjust_dates</name><title>default=~|~</title></ctl_attribute></boField><boField><displayType>DBLOOKUP</displayType><name>paygrp_ids</name><datasource/><datafield/><label/><lookupdatasource>dsPayGroup</lookupdatasource><lookupidfield>PAYGRP_ID</lookupidfield><lookupdisplayfield>PAYGRP_NAME</lookupdisplayfield><lookuppopupfields>PAYGRP_NAME</lookuppopupfields><resolvedatasource/><selectId/><valueId/><dataType>String</dataType><multiselect>true</multiselect><canEditNodes>Sender</canEditNodes><canViewNodes>All,Sender</canViewNodes><onFocus/><onValidate/><wireless_label>default=~|~</wireless_label><wireless_order>0</wireless_order><page>0</page><populateAtSender>false</populateAtSender><batchApprovable>false</batchApprovable><userTypeable>false</userTypeable><addAllButton>false</addAllButton><div_style><left>129</left><top>93</top></div_style><ctl_style><width>145</width><height>20</height><background-color>#ffffff</background-color><color>#000000</color><font-size>12</font-size><font-weight>normal</font-weight><font-style>normal</font-style></ctl_style><ctl_attribute><id>false</id><value/><title>default=~|~</title></ctl_attribute><img_attribute><width>17</width><height>20</height></img_attribute></boField><boField><displayType>HIDDEN</displayType><datasource/><datafield/><dataType>String</dataType><default/><isPartOfCalcFormula>false</isPartOfCalcFormula><page>0</page><batchApprovable>false</batchApprovable><wireless_order>0</wireless_order><ctl_attribute><name>paysys_id</name><value>1</value></ctl_attribute><div_style><left>73</left><top>213</top><width>100</width><height>24</height></div_style></boField><boField><displayType>DATASOURCE</displayType><maxrows>10</maxrows><type/><parameter/><hiddenFields/><orderBy/><sourceQuery/><readonly>true</readonly><page>0</page><pageChangeRefresh>true</pageChangeRefresh><reloadIfChangedControls/><reloadButtons/><ReloadUpdateButtons/><sourceType>QUERY</sourceType><sourceParameters>sourceQuery*!*SELECT paygrp_id, paygrp_name FROM pay_group  ORDER BY paygrp_name~|~keyField*!*~|~params*!*</sourceParameters><ctl_attribute><name>dsPayGroup</name></ctl_attribute><div_style><left>323</left><top>65</top></div_style></boField><boField><displayType>RECTANGLE</displayType><name>Rectangle2</name><title>default=~|~</title><canViewNodes>All,Sender,Supervisor</canViewNodes><wireless_order>0</wireless_order><page>0</page><div_style><left>13</left><top>5</top><width>597</width><height>59</height><background-color>#d9e5f2</background-color><color>#000000</color><border>1</border><border-style>solid</border-style></div_style><boField><displayType>LABEL</displayType><value>default=Export Payroll~|~</value><datasource/><datafield/><default/><canViewNodes>Sender,Supervisor</canViewNodes><wireless_order>1</wireless_order><page>0</page><columnOrder>-1</columnOrder><preserveValue>false</preserveValue><containsHTML>true</containsHTML><mask>#,##0.00</mask><displayZeroValue>true</displayZeroValue><batchApprovable>false</batchApprovable><div_style><background-color>#d9e5f2</background-color><color>#5f6569</color><colorWhenPositive>#000000</colorWhenPositive><colorWhenNegative>#000000</colorWhenNegative><font-size>24</font-size><font-weight>bold</font-weight><font-style>normal</font-style><left>8</left><top>15</top><width>272</width><height>35</height><text-align>Left</text-align></div_style><ctl_attribute><name>Label2</name><title>default=~|~</title></ctl_attribute></boField><boField><displayType>IMAGE</displayType><canViewNodes>All,Sender,Supervisor</canViewNodes><label/><wireless_label>default=~|~</wireless_label><wireless_order>0</wireless_order><page>0</page><onClick/><div_style><left>297</left><top>5</top></div_style><ctl_attribute><name>Image1</name><src>/images/newlogobuildings.gif</src><width>296</width><height>50</height><border>0</border><title>default=~|~</title></ctl_attribute></boField></boField></boForm></BOFORM>]]></BOTVR_XML><BOTVR_DATE>2005-10-05</BOTVR_DATE></row>
      </table>
    </row>
  </table>
  <table name="MAINTENANCE_FORM" where="MFRM_ID=-1000002">
    <row><MFRM_ID>-1000002</MFRM_ID><MFRM_NAME>HighVolume Payroll Export</MFRM_NAME><MFRM_DESC>HighVolume Payroll Export Form</MFRM_DESC><MFRM_ASP><![CDATA[businessObject.asp?msg_id=null&busObjTyp_id=10100&folder_id=null&newOld=null]]></MFRM_ASP><MFRM_TABLE>X</MFRM_TABLE><MFRM_KEYFIELD>X</MFRM_KEYFIELD><MFRM_REDIRECT_URL>X</MFRM_REDIRECT_URL><MFRM_ORIENTATION>H</MFRM_ORIENTATION><MFRM_MAX_ROWS>0</MFRM_MAX_ROWS><MFRM_REC_BEFORE>0</MFRM_REC_BEFORE><MFRM_REC_AFTER>0</MFRM_REC_AFTER><MFRMT_ID>11</MFRMT_ID><MFRM_AUDIT>N</MFRM_AUDIT><MFRM_PARAMETER>X</MFRM_PARAMETER><MFRM_MENUPARENT_ID>226</MFRM_MENUPARENT_ID><MFRM_JSP><![CDATA[/messaging/businessObject.jsp?msg_id=null&busObjTyp_id=10100&folder_id=null&newOld=null]]></MFRM_JSP><MFRM_PARAMETER_JSP>[NEW]=TRUE~[EDT]=BTN~[DEL]=TRUE</MFRM_PARAMETER_JSP>
      <table name="WORKBRAIN_FIELD" fk="MFRM_ID" refers="MFRM_ID">
      </table>
      <table name="MAINTENANCE_FORM_GRP" fk="MFRM_ID" refers="MFRM_ID">
        <row><MFG_ID>-1000005</MFG_ID><MFRM_ID>-1000002</MFRM_ID><WBG_ID>2</WBG_ID><CLIENT_ID>1</CLIENT_ID><WBP_ID>1</WBP_ID></row>
        <row><MFG_ID>-1000006</MFG_ID><MFRM_ID>-1000002</MFRM_ID><WBG_ID>1</WBG_ID><CLIENT_ID>1</CLIENT_ID><WBP_ID>1</WBP_ID></row>
        <row><MFG_ID>-1000007</MFG_ID><MFRM_ID>-1000002</MFRM_ID><WBG_ID>3</WBG_ID><CLIENT_ID>1</CLIENT_ID><WBP_ID>1</WBP_ID></row>
        <row><MFG_ID>-1000008</MFG_ID><MFRM_ID>-1000002</MFRM_ID><WBG_ID>4</WBG_ID><CLIENT_ID>1</CLIENT_ID><WBP_ID>1</WBP_ID></row>
        <row><MFG_ID>-1000009</MFG_ID><MFRM_ID>-1000002</MFRM_ID><WBG_ID>5</WBG_ID><CLIENT_ID>1</CLIENT_ID><WBP_ID>1</WBP_ID></row>
      </table>
      <table name="WB_LOCALZD_TBLVAL" fk="WBLTV_DATA_ID" refers="MFRM_ID">
        <row><WBLTV_ID>-1000006</WBLTV_ID><WBLT_ID>34</WBLT_ID><WBL_ID>1</WBL_ID><WBLTV_DATA_ID>-1000002</WBLTV_DATA_ID><WBLTV_DATA_NAME>HighVolume Payroll Export</WBLTV_DATA_NAME><WBLTV_DATA_DESC>HighVolume Payroll Export</WBLTV_DATA_DESC><CLIENT_ID>1</CLIENT_ID></row>
        <row><WBLTV_ID>-1000007</WBLTV_ID><WBLT_ID>34</WBLT_ID><WBL_ID>2</WBL_ID><WBLTV_DATA_ID>-1000002</WBLTV_DATA_ID><WBLTV_DATA_NAME>HighVolume Payroll Export</WBLTV_DATA_NAME><WBLTV_DATA_DESC>HighVolume Payroll Export</WBLTV_DATA_DESC><CLIENT_ID>1</CLIENT_ID></row>
        <row><WBLTV_ID>-1000008</WBLTV_ID><WBLT_ID>34</WBLT_ID><WBL_ID>3</WBL_ID><WBLTV_DATA_ID>-1000002</WBLTV_DATA_ID><WBLTV_DATA_NAME>HighVolume Payroll Export</WBLTV_DATA_NAME><WBLTV_DATA_DESC>HighVolume Payroll Export</WBLTV_DATA_DESC><CLIENT_ID>1</CLIENT_ID></row>
      </table>
    </row>
  </table>
  <table name="WORKBRAIN_REGISTRY" where="WBREG_ID=15011">
    <row><WBREG_ID>15011</WBREG_ID><WBREG_PARENT_ID>73</WBREG_PARENT_ID><WBREG_NAME>HighVolumePayrollAction</WBREG_NAME><WBREG_CLASS>java.lang.String</WBREG_CLASS></row>
  </table>
  <table name="WORKFLOW_FLOW" where="WFFLOW_ID=-1000000">
    <row><WFFLOW_ID>-1000000</WFFLOW_ID><WFFLOW_NAME>HighVolume Payroll Export</WFFLOW_NAME><WFFLOW_DESC>HighVolume Payroll Export</WFFLOW_DESC><WFFLOW_SUBM_MSG>default=~|~</WFFLOW_SUBM_MSG><WFFLOW_XML><![CDATA[<WORKFLOW Id="10100" Name="HighVolume Payroll Export" Description="HighVolume Payroll Export" AcceptedTypeName="null" StartNodeId="3" Modified="1128548394430" Immediate="true" FormName="HighVolume Payroll Export" SubmittedMessage="default=~|~" ExceptionNodeId="0"><NODES><NODE Id="0" ActionId="10004" ActionName="ExceptionAction"><PROPERTIES><PROPERTY Name="USER" Type="com.workbrain.app.workflow.properties.types.StringType" UI="ListUI" UIParams="{'Filter'='' 'BuilderParams'='{''sourceQuery''=''SELECT NAME , NAME FROM VIEW_WE_USER''}' 'Builder'='QUERY' }">WORKBRAIN</PROPERTY><PROPERTY Name="Y" Type="com.workbrain.app.workflow.properties.types.NumberType" UI="NumberUI" UIParams="">300</PROPERTY><PROPERTY Name="USER_PROPERTY_DISPLAY_NAME" Type="com.workbrain.app.workflow.properties.types.StringType" UI="StringUI" UIParams="">WORKBRAIN</PROPERTY><PROPERTY Name="X" Type="com.workbrain.app.workflow.properties.types.NumberType" UI="NumberUI" UIParams="">300</PROPERTY></PROPERTIES></NODE><NODE Id="1" ActionId="10002" ActionName="AcceptedAction"><PROPERTIES><PROPERTY Name="Y" Type="com.workbrain.app.workflow.properties.types.NumberType" UI="NumberUI" UIParams="">91</PROPERTY><PROPERTY Name="X" Type="com.workbrain.app.workflow.properties.types.NumberType" UI="NumberUI" UIParams="">204</PROPERTY></PROPERTIES></NODE><NODE Id="2" ActionId="10003" ActionName="RejectedAction"><PROPERTIES><PROPERTY Name="Y" Type="com.workbrain.app.workflow.properties.types.NumberType" UI="NumberUI" UIParams="">169</PROPERTY><PROPERTY Name="X" Type="com.workbrain.app.workflow.properties.types.NumberType" UI="NumberUI" UIParams="">209</PROPERTY></PROPERTIES></NODE><NODE Id="3" ActionId="-1000000" ActionName="HighVolumePayrollAction"><PROPERTIES><PROPERTY Name="Y" Type="com.workbrain.app.workflow.properties.types.NumberType" UI="NumberUI" UIParams="">128</PROPERTY><PROPERTY Name="X" Type="com.workbrain.app.workflow.properties.types.NumberType" UI="NumberUI" UIParams="">66</PROPERTY></PROPERTIES></NODE></NODES><BRANCHES><BRANCH inId="3" outId="1">default=Success~|~</BRANCH><BRANCH inId="1" outId="1">New Connector</BRANCH><BRANCH inId="3" outId="2">default=Failure~|~</BRANCH></BRANCHES></WORKFLOW>]]></WFFLOW_XML><WFFLOW_MODIFIED>2005-10-05</WFFLOW_MODIFIED></row>
  </table>

<table name="WORKFLOW_ACTION">
    <row><WFACT_ID>-1000000</WFACT_ID><WFACT_XML><![CDATA[<ACTION ActionProcess="HighVolumePayrollAction" Id="-1000000">
     <PROPERTIES>
      <PROPERTY Name="NAME"  Type="com.workbrain.app.workflow.properties.types.StringType"  UI="StringUI"   UIParams="">ExportPayrollAction</PROPERTY>
      <PROPERTY Name="DESCRIPTION" Type="com.workbrain.app.workflow.properties.types.StringType" UI="StringUI" UIParams="">ExportPayrollAction</PROPERTY>
      <PROPERTY Name="IMAGE_ICON" Type="com.workbrain.app.workflow.properties.types.StringType"   UI="WorkflowEditor_NodeImageUI"  UIParams="">process.gif</PROPERTY>
     </PROPERTIES>
     </ACTION>]]></WFACT_XML>
     <WFACT_PROC_NAME>HighVolumePayrollAction</WFACT_PROC_NAME>
    </row>
</table>

</data>
