<data>
			<table name='WB_ALERT' key='WBAL_ID'>
				<row>
					<col name='WBAL_ID'>-1000001</col>
					<col name='WBAL_NAME'>WBIAG - ODD CLOCK PUNCHES ALERT</col>
					<col name='WBAL_DESC'>WBIAG - Odd Clock Punches Alert</col>
					<col name='WBAL_START_TIME'/>
					<col name='WBAL_END_TIME'/>
					<col name='WBAL_RC_WBU_NAMES'/>
					<col name='WBAL_RC_WBT_NAMES'/>
					<col name='WBAL_RC_ROLE_NAMES'/>
					<col name='WBAL_RC_SELF'>N</col>
					<col name='WBAL_RC_CHK_SKD'>N</col>
					<col name='WBAL_SRC_TYPE'>QUERY</col>
					<col name='WBAL_SRC_SQL'><![CDATA[select employee.emp_id, emp_fullname, wrks_work_date, count_clocks 
from (select   wrks_work_date, emp_id, count(wrks_id) count_clocks  
           from view_parse_clocks 
           where wrks_work_date = trunc(sysdate)
           group by wrks_work_date, emp_id 
           having mod(count(wrks_id), 2) = 1) odd_days, employee 
where odd_days.emp_id = employee.emp_id]]></col>
					<col name='WBAL_SRC_CLASS'/>
					<col name='WBAL_MSG_SUBJECT'>WBIAG - Odd Clock Punches Alert</col>
					<col name='WBAL_MSG_HEADER'/>
					<col name='WBAL_MSG_FOOTER'/>
					<col name='WBAL_MSG_SNDIFBLNK'>N</col>
					<col name='WBAL_MSG_CONT_TYPE'>TEXT</col>
					<col name='WBAL_FLAG1'/>
					<col name='WBAL_FLAG2'/>
					<col name='WBAL_FLAG3'/>
					<col name='WBAL_FLAG4'/>
					<col name='WBAL_FLAG5'/>
					<col name='WBAL_UDF1'/>
					<col name='WBAL_UDF2'/>
					<col name='WBAL_UDF3'/>
					<col name='WBAL_UDF4'/>
					<col name='WBAL_UDF5'/>
					<col name='CLIENT_ID'>1</col>
				</row>
			</table>
</data>