<?xml version="1.0"?>

<ruleset name="WBIAG Rules" xmlns:xsi="http://www.w3.org/2001/XMLSchema-instance"
    xsi:noNamespaceSchemaLocation="../etc/ruleset_xml_schema.xml">
  <description>
The WBIAG Ruleset contains a collection of good practices which all Workbrain code should follow.
  </description>


    <rule name="EmptyCatchBlock"
          message="Avoid empty catch blocks"
          class="net.sourceforge.pmd.rules.XPathRule">
      <description>
  Empty Catch Block finds instances where an exception is caught,
  but nothing is done.  In most circumstances, this swallows an exception
  which should either be acted on or reported.
      </description>
      <properties>
          <property name="xpath">
              <value>
    <![CDATA[//TryStatement
    [@Catch='true']
    [FormalParameter/Type/Name[@Image != 'InterruptedException' and @Image != 'CloneNotSupportedException']]
    /Block[position() > 1]
    [count(*) = 0]
    [../@Finally='false' or following-sibling::Block]]]>
              </value>
          </property>
      </properties>
        <priority>3</priority>

      <example>
  <![CDATA[public void doSomething() {
      try {
        FileInputStream fis = new FileInputStream("/tmp/bugger");
      } catch (IOException ioe) {
          // not good
      }
    }]]>
      </example>
    </rule>

    <rule name="EmptyIfStmt"
          message="Avoid empty 'if' statements"
          class="net.sourceforge.pmd.rules.XPathRule">
      <description>
  Empty If Statement finds instances where a condition is checked but nothing is done about it.
    </description>
        <priority>3</priority>
      <properties>
          <property name="xpath">
              <value>
                  <![CDATA[//IfStatement/Statement/Block[count(*) = 0]]]>
              </value>
          </property>
      </properties>
      <example>
    <![CDATA[if (foo == 0) {
       // why bother checking up on foo?
    }]]>
       </example>
    </rule>


    <rule name="EmptyWhileStmt"
          message="Avoid empty 'while' statements"
          class="net.sourceforge.pmd.rules.XPathRule">
       <description>
  Empty While Statement finds all instances where a while statement
  does nothing.  If it is a timing loop, then you should use Thread.sleep() for it; if
  it's a while loop that does a lot in the exit expression, rewrite it to make it clearer.
       </description>
      <properties>
          <property name="xpath">
              <value>
                  <![CDATA[//WhileStatement/Statement/Block[count(*) = 0]]]>
              </value>
          </property>
      </properties>
        <priority>3</priority>

       <example>
  <![CDATA[while (a == b) {
    // not good
  }]]>
       </example>
    </rule>


    <rule name="EmptyTryBlock"
          message="Avoid empty try blocks"
          class="net.sourceforge.pmd.rules.XPathRule">
      <description>
  Avoid empty try blocks - what's the point?
      </description>
      <properties>
          <property name="xpath">
              <value>
                  <![CDATA[//TryStatement/Block[1][count(*) = 0]]]>
              </value>
          </property>
      </properties>
        <priority>3</priority>

      <example>
  <![CDATA[// this is bad
  public void bar() {
      try {
      } catch (Exception e) {
          e.printStackTrace();
      }
  }]]>
      </example>
    </rule>

    <rule name="EmptyFinallyBlock"
          message="Avoid empty finally blocks"
          class="net.sourceforge.pmd.rules.XPathRule">
      <description>
  Avoid empty finally blocks - these can be deleted.
      </description>
      <properties>
          <property name="xpath">
              <value>
                  <![CDATA[//TryStatement[@Finally='true']/Block[position() = last()]
      [count(*) = 0]]]>
              </value>
          </property>
      </properties>
        <priority>3</priority>

      <example>
  <![CDATA[// this is bad
  public void bar() {
      try {
          int x=2;
      } finally {
      }
  }]]>
      </example>
    </rule>


    <rule name="EmptySwitchStatements"
          message="Avoid empty switch statements"
          class="net.sourceforge.pmd.rules.XPathRule">
      <description>
      Avoid empty switch statements.
      </description>
      <properties>
          <property name="xpath">
              <value>
                  <![CDATA[//SwitchStatement[count(*) = 1]]]>
              </value>
          </property>
      </properties>
        <priority>3</priority>

      <example>
  <![CDATA[public class Foo {
   public void bar() {
    int x = 2;
    switch (x) {
     // once there was code here
     // but it's been commented out or something
    }
   }
  }]]>
      </example>
      </rule>


    <rule name="JumbledIncrementer"
         message="Avoid modifying an outer loop incrementer in an inner loop for update expression"
         class="net.sourceforge.pmd.rules.XPathRule">
     <description>
     Avoid jumbled loop incrementers - it's usually a mistake, and it's confusing even if it's what's intended.
     </description>
     <properties>
         <property name="xpath">
             <value>
 <![CDATA[//ForStatement
 [
  ForUpdate/StatementExpressionList/StatementExpression/PostfixExpression/PrimaryExpression/PrimaryPrefix/Name/@Image
  =
  ancestor::ForStatement/ForInit//VariableDeclaratorId/@Image
 ]]]>
             </value>
         </property>
     </properties>
        <priority>3</priority>

     <example>
 <![CDATA[public class JumbledIncrementerRule1 {
  public void foo() {
   for (int i = 0; i < 10; i++) {
    for (int k = 0; k < 20; i++) {
     System.out.println("Hello");
    }
   }
  }
 }]]>
     </example>
     </rule>


    <rule name="ForLoopShouldBeWhileLoop"
          message="This for loop could be simplified to a while loop"
          class="net.sourceforge.pmd.rules.XPathRule">
      <description>
      Some for loops can be simplified to while loops - this makes them more concise.
      </description>
    <properties>
        <property name="xpath">
            <value>
                <![CDATA[//ForStatement[count(*) > 1][not(ForInit)][not(ForUpdate)]]]>
            </value>
        </property>
    </properties>
        <priority>3</priority>
      <example>
  <![CDATA[public class Foo {
      void bar() {
          for (;true;) true; // No Init or Update part, may as well be: while (true)
      }
  }]]>
      </example>
    </rule>


    <rule name="UnnecessaryConversionTemporary"
          message="Avoid unnecessary temporaries when converting primitives to Strings"
          class="net.sourceforge.pmd.rules.UnnecessaryConversionTemporary">
      <description>
      Avoid unnecessary temporaries when converting primitives to Strings
      </description>
        <priority>3</priority>
      <example>
  <![CDATA[public String convert(int x) {
      // this wastes an object
      String foo = new Integer(x).toString();
      // this is better
      return Integer.toString(x);
    }]]>
      </example>
    </rule>

    <rule name="OverrideBothEqualsAndHashcode"
          message="Ensure you override both equals() and hashCode()"
          class="net.sourceforge.pmd.rules.XPathRule">
      <description>
  Override both public boolean Object.equals(Object other), and public int Object.hashCode(), or override neither.  Even if you are inheriting a hashCode() from a parent class, consider implementing hashCode and explicitly delegating to your superclass.
      </description>
      <properties>
          <property name="xpath">
              <value>
<![CDATA[//ClassDeclaration//MethodDeclarator
[(@Image = 'equals' and count(FormalParameters/*) = 1
and not(//MethodDeclarator[count(FormalParameters/*) = 0][@Image = 'hashCode']))
or
(@Image='hashCode' and count(FormalParameters/*) = 0
and
not
(//MethodDeclarator
 [count(
   FormalParameters//Type/Name
    [@Image = 'Object' or @Image = 'java.lang.Object']) = 1]
    [@Image = 'equals']))]]]>
              </value>
          </property>
      </properties>
        <priority>3</priority>

      <example>
  <![CDATA[// this is bad
  public class Bar {
      public boolean equals(Object o) {
          // do some comparison
      }
  }

  // and so is this
  public class Baz {
      public int hashCode() {
          // return some hash value
      }
  }

  // this is OK
  public class Foo {
      public boolean equals(Object other) {
          // do some comparison
      }
      public int hashCode() {
          // return some hash value
      }
  }]]>
      </example>
    </rule>

    <rule name="DoubleCheckedLocking"
          message="Double checked locking is not thread safe in Java."
          class="net.sourceforge.pmd.rules.DoubleCheckedLocking">
      <description>
      Partially created objects can be returned by the Double Checked Locking pattern when used in Java.
      An optimizing JRE may assign a reference to the baz variable before it creates the object the
          reference is intended to point to.  For more details see http://www.javaworld.com/javaworld/jw-02-2001/jw-0209-double.html.
      </description>
        <priority>1</priority>
      <example>
  <![CDATA[public class Foo {
      Object baz;
      Object bar() {
        if(baz == null) { //baz may be non-null yet not fully created
          synchronized(this){
            if(baz == null){
              baz = new Object();
            }
          }
        }
        return baz;
      }
  }]]>
      </example>
    </rule>

    <rule name="ReturnFromFinallyBlock"
          message="Avoid returning from a finally block"
          class="net.sourceforge.pmd.rules.XPathRule">
      <description>
  Avoid returning from a finally block - this can discard exceptions.
      </description>
      <properties>
          <property name="xpath">
              <value>
                  <![CDATA[//TryStatement[@Finally='true']/Block[position() = last()]//ReturnStatement]]>
              </value>
          </property>
      </properties>
        <priority>3</priority>

      <example>
  <![CDATA[public class Bar {
 public String bugga() {
  try {
   throw new Exception( "My Exception" );
  } catch (Exception e) {
   throw e;
  } finally {
   return "A. O. K."; // Very bad.
  }
 }
}]]>
      </example>
    </rule>

    <rule name="EmptySynchronizedBlock"
          message="Avoid empty synchronized blocks"
          class="net.sourceforge.pmd.rules.XPathRule">
      <description>
  Avoid empty synchronized blocks - they're useless.
      </description>
      <properties>
          <property name="xpath">
              <value>
                  <![CDATA[//SynchronizedStatement/Block[1][count(*) = 0]]]>
              </value>
          </property>
      </properties>
        <priority>3</priority>

      <example>
  <![CDATA[// this is bad
  public void bar() {
      synchronized (this) {}
  }]]>
      </example>
    </rule>

    <rule name="UnnecessaryReturn"
          message="Avoid unnecessary return statements"
          class="net.sourceforge.pmd.rules.XPathRule">
      <description>
  Avoid unnecessary return statements
      </description>
      <properties>
          <property name="xpath">
              <value>
 <![CDATA[//ReturnStatement
 [parent::Statement
  [parent::BlockStatement
   [parent::Block
    [parent::MethodDeclaration/ResultType[@Void='true']
    ]
   ]
  ] ]]>
              </value>
          </property>
      </properties>
        <priority>3</priority>

      <example>
  <![CDATA[// this is bad
  public void bar() {
      int x = 42;
      return;
  }]]>
      </example>
    </rule>


    <rule name="EmptyStaticInitializer"
           message="Empty static initializer was found"
           class="net.sourceforge.pmd.rules.XPathRule">
       <description>
       An empty static initializer was found.
       </description>
         <properties>
             <property name="xpath">
                 <value>
<![CDATA[//ClassBodyDeclaration/Initializer[@Static='true']/Block[count(*)=0]]]>
                 </value>
             </property>
         </properties>
         <priority>3</priority>
       <example>
   <![CDATA[public class Foo {
  // why are there no statements in this static block?
  static {}
 }]]>
       </example>
     </rule>

    <rule name="UnconditionalIfStatement"
       message="Do not use 'if' statements that are always true or always false"
          class="net.sourceforge.pmd.rules.XPathRule">
      <description>
      Do not use "if" statements that are always true or always false.
      </description>
        <properties>
            <property name="xpath">
                <value>
 <![CDATA[//IfStatement/Expression
 [count(PrimaryExpression)=1]
 /PrimaryExpression/PrimaryPrefix/Literal/BooleanLiteral]]>
                </value>
            </property>
        </properties>
        <priority>3</priority>
      <example>
  <![CDATA[public class Foo {
 public void close() {
  if (true) {
       // ...
   }
 }
}]]>
      </example>
    </rule>

    <rule name="EmptyStatementNotInLoop"
          message="An empty statement (semicolon) not part of a loop"
          class="net.sourceforge.pmd.rules.XPathRule">
       <description>
       An empty statement (aka a semicolon by itself) that is not used
       as the sole body of a for loop or while loop is probably a bug.  It
       could also be a double semicolon, which is useless and should be
       removed.
       </description>
        <properties>
            <property name="xpath">
                <value>
<![CDATA[//Statement/EmptyStatement
 [not(
       ../../../ForStatement
       or ../../../WhileStatement
       or ../../../BlockStatement/UnmodifiedClassDeclaration
       or ../../../../../../ForStatement/Statement[1]
        /Block[1]/BlockStatement[1]/Statement/EmptyStatement
       or ../../../../../../WhileStatement/Statement[1]
        /Block[1]/BlockStatement[1]/Statement/EmptyStatement)
 ]
]]>
                </value>
            </property>
        </properties>
        <priority>3</priority>
       <example>
<![CDATA[public class MyClass {
   public void doit()
   {
      // this is probably not what you meant to do
      ;
      // the extra semicolon here this is not necessary
      System.out.println("look at the extra semicolon");;
   }
}]]>
       </example>
     </rule>

    <rule name="BooleanInstantiation"
       message="Avoid instantiating Boolean objects; you can usually invoke Boolean.valueOf() instead."
       class="net.sourceforge.pmd.rules.XPathRule">
   <description>
   Avoid instantiating Boolean objects, instead use Boolean.valueOf().
   </description>
      <properties>
          <property name="xpath">
              <value>
<![CDATA[
//AllocationExpression[not (ArrayDimsAndInits)
                       and
                       (Name/@Image='Boolean'
                       or
                       Name/@Image='java.lang.Boolean')]
]]>
              </value>
          </property>
      </properties>
      <priority>2</priority>
   <example>
   <![CDATA[
public class Foo {
 private Boolean bar = new Boolean("true"); // just do a Boolean bar = Boolean.TRUE or Boolean.valueOf(true);
}
   ]]>
   </example>
   </rule>

   <rule name="MoreThanOneLogger"
         message="Class contains more than one Logger"
         class="net.sourceforge.pmd.rules.XPathRule">
     <description>
     Normally only one logger is used in each class.
     </description>
     <properties>
         <property name="xpath">
             <value>
                 <![CDATA[
//ClassBody[
	count(//VariableDeclarator[../Type/Name[@Image='Logger']])
	>1
	]
                ]]>
             </value>
         </property>
     </properties>
        <priority>2</priority>

     <example>
 <![CDATA[
class Foo{
    Logger log = Logger.getLogger(Foo.class.getName());
    // It is very rare to see two loggers on a class, normally 
    // log information is multiplexed by levels
    Logger log2= Logger.getLogger(Foo.class.getName());
}
]]>
     </example>
     </rule>

     <rule name="LoggerIsNotStaticFinal"
         message="The Logger variable declaration does not contain the static and final modifiers"
         class="net.sourceforge.pmd.rules.XPathRule">
     <description>
     In most cases, the Logger can be declared static and final.
     </description>
     <properties>
         <property name="xpath">
             <value>
                 <![CDATA[
//VariableDeclarator[../Type/Name[@Image='Logger'] and (..[@Final='false'] or ..[@Static = 'false'] ) ]
                ]]>
             </value>
         </property>
     </properties>
        <priority>2</priority>

     <example>
 <![CDATA[
class Foo{
    Logger log = Logger.getLogger(Foo.class.getName());
    // It is much better to declare the logger as follows 
    // static final Logger log = Logger.getLogger(Foo.class.getName());
}
]]>
     </example>
     </rule>
    
<!-- This rule will probably be implemented in a java class, since we need to search the logger name 
first -->
<!--
     <rule name="LogBlockWithoutIf"
         message="There is log block not surrounded by if"
         class="net.sourceforge.pmd.rules.XPathRule">
     <description>
     When many log statements are used, it is conveninent to surround them with an if.
     </description>
     <properties>
         <property name="xpath">
             <value>
                 <![CDATA[
                ]]>
             </value>
         </property>
     </properties>
        <priority>2</priority>

     <example>
 <![CDATA[

 	// Add this for performance
	// if (log.isLoggable(Level.FINE)) { ...
 	log.fine("This happens");
	log.fine("Value of x:"+x);
	log.fine("Value of y:"+y);
	log.fine("Value of z:"+z);
	log.fine("Value of w:"+w);
 
]]>
     </example>
     </rule>
    -->




    <rule name="AvoidDuplicateLiterals"
        message="The String literal {0} appears {1} times in this file; the first occurrence is on line {2}"
        class="net.sourceforge.pmd.rules.AvoidDuplicateLiteralsRule">
    <description>
Code containing duplicate String literals can usually be improved by declaring the String as a constant field.
    </description>
        <priority>3</priority>
   <properties>
    <property name="threshold" value="4"/>
   </properties>
    <example>
<![CDATA[
public class Foo {
 private void bar() {
    buz("Howdy");
    buz("Howdy");
    buz("Howdy");
    buz("Howdy");
 }
 private void buz(String x) {}
}
]]>
    </example>
  </rule>


    <rule name="StringInstantiation"
        message="Avoid instantiating String objects; this is usually unnecessary."
        class="net.sourceforge.pmd.rules.XPathRule">
    <description>
    Avoid instantiating String objects; this is usually unnecessary.
    </description>
       <properties>
           <property name="xpath">
               <value>
                   <![CDATA[
    //AllocationExpression[Name/@Image='String'][count(.//Expression) < 2][not(ArrayDimsAndInits)]
                    ]]>
               </value>
           </property>
       </properties>
       <priority>2</priority>

    <example>
<![CDATA[
public class Foo {
 private String bar = new String("bar"); // just do a String bar = "bar";
}
]]>
    </example>
    </rule>



   <rule name="StringToString"
        message="Avoid calling toString() on String objects; this is unnecessary"
        symboltable="true"
        class="net.sourceforge.pmd.rules.StringToStringRule">
    <description>
    Avoid calling toString() on String objects; this is unnecessary
    </description>
       <priority>3</priority>

    <example>
<![CDATA[
public class Foo {
 private String baz() {
  String bar = "howdy";
  return bar.toString();
 }
}
]]>
    </example>
    </rule>

    <rule name="AvoidConcatenatingNonLiteralsInStringBuffer"
        message="Avoid concatenating non literals in a StringBuffer constructor or append()"
        class="net.sourceforge.pmd.rules.AvoidConcatenatingNonLiteralsInStringBuffer">
    <description>
    Avoid concatenating non literals in a StringBuffer constructor or append().
    </description>
       <priority>2</priority>

    <example>
<![CDATA[

// Avoid this 
StringBuffer sb=new
StringBuffer("AAAAAAAAAA"+System.getProperty("java.io.tmpdir"));

// use instead something like this
StringBuffer sb = new StringBuffer("AAAAAAAAAA");
sb.append(System.getProperty("java.io.tmpdir"));

]]>
    </example>
    </rule>


    <rule name="AvoidConcatenatingNonLiteralsInStringBuffer"
        message="Avoid concatenating non literals in a StringBuffer constructor or append()"
        class="net.sourceforge.pmd.rules.AvoidConcatenatingNonLiteralsInStringBuffer">
    <description>
    Avoid concatenating non literals in a StringBuffer constructor or append().
    </description>
       <priority>2</priority>

    <example>
<![CDATA[

// Avoid this
StringBuffer sb=new
StringBuffer("AAAAAAAAAA"+System.getProperty("java.io.tmpdir"));

// use instead something like this
StringBuffer sb = new StringBuffer("AAAAAAAAAA");
sb.append(System.getProperty("java.io.tmpdir"));

]]>
    </example>
    </rule>
   
  

  <rule name="UnusedPrivateField"
        message="Avoid unused private fields such as ''{0}''"
        symboltable="true"
        class="net.sourceforge.pmd.rules.UnusedPrivateFieldRule">
    <description>
Detects when a private field is declared and/or assigned a value, but not used.
    </description>
      <priority>3</priority>
    <example>
<![CDATA[
public class Something {
  private static int FOO = 2; // Unused
  private int i = 5; // Unused
  private int j = 6;
  public int addOne() {
    return j++;
  }
}
]]>
    </example>
  </rule>

<rule name="UnusedLocalVariable"
        message="Avoid unused local variables such as ''{0}''"
        symboltable="true"
        class="net.sourceforge.pmd.rules.UnusedLocalVariableRule">
    <description>
Detects when a local variable is declared and/or assigned, but not used.
    </description>
    <priority>3</priority>

    <example>
<![CDATA[
public void doSomething() {
  int i = 5; // Unused
}
]]>
    </example>
  </rule>



    <rule name="UnusedPrivateMethod"
        message="Avoid unused private methods such as ''{0}''"
        class="net.sourceforge.pmd.rules.UnusedPrivateMethodRule">
    <description>
Unused Private Method detects when a private method is declared but is unused.
    </description>
        <priority>3</priority>
    <example>
<![CDATA[
public class Something {
 private void foo() {} // unused
}
]]>
    </example>
  </rule>


  <rule name="UnusedFormalParameter"
        message="Avoid unused formal parameters such as ''{0}''"
        symboltable="true"
        class="net.sourceforge.pmd.rules.UnusedFormalParameterRule">
    <description>
Avoid passing parameters to methods and then not using those parameters.
    </description>
      <priority>3</priority>

    <example>
<![CDATA[
public class Foo {
 private void bar(String howdy) {
  // howdy is not used
 }
]]>
    </example>
  </rule>

  <rule name="DBConnectionClose"
        message="DBConnection objects must always be closed after use "
        symboltable="true"
        class="com.wbiag.util.pmd.DBConnectionClose">
    <description>
Ensures that Connection objects are always closed after use 
    </description>
      <priority>3</priority>

    <example>
<![CDATA[
class Example {
  void foo() {
   DBConnection c = pool.getConnection();
    try {
    // do stuff
    } catch (SQLException ex) {
          // handle exception
    } finally {
         // oops, should close the connection using 'close'!
         //c.close();
    }
 }  
}

]]>
    </example>
  </rule>
  <rule name="PreparedStatementClose" 
	  message="PreparedStatement objects must always be closed" 
        symboltable="true" 
        class="com.wbiag.util.pmd.PreparedStatementClose">
    <description>
Ensures that PreparedStatement objects are always closed after use 
    </description>
      <priority>3</priority>

    <example>
<![CDATA[
import java.sql.*;

class Example {
  void foo() {
   PreparedStatement ps;
    try {
    // do stuff
    } catch (SQLException ex) {
          // handle exception
    } finally {
         // oops, should close the connection using 'close'!
         //ps.close();
    }
 }  
}

]]>
    </example>

   </rule>

  <rule name="ResultSetClose" 
	  message="ResultSet objects must always be closed" 
        symboltable="true" 
        class="com.wbiag.util.pmd.ResultSetClose">
    <description>
Ensures that ResultSet objects are always closed after use 
    </description>
      <priority>3</priority>

    <example>
<![CDATA[
import java.sql.*;

class Example {
  void foo() {
   ResultSet rs;
    try {
    // do stuff
    } catch (SQLException ex) {
          // handle exception
    } finally {
         // oops, should close the connection using 'close'!
         //rs.close();
    }
 }  
}

]]>
    </example>

   </rule>



  <rule name="PrintStmtsUsed" 
	  message="Avoid System Print statments use logger" 
        symboltable="true" 
        class="com.wbiag.util.pmd.PrintStmts">
    <description>
Avoid using System.out.print or System.err.print statments because they are too expencive. Consider using logger instead.
    </description>
      <priority>2</priority>

    <example>
<![CDATA[
class Foo{
    public void testA () {
        System.out.print(this);
        // Better use this
        if (logger.isInfoEnabled){
		logger.info(this);
        }
    }
}

]]>
    </example>

   </rule>

 <rule name="StatementUsed" 
	  message="Use PreparedStatements not Statements" 
        symboltable="true" 
        class="com.wbiag.util.pmd.StatementUsed">
    <description>
Do not use Statements use PreparedStatements instead.
    </description>
      <priority>2</priority>

    <example>
<![CDATA[
class Foo{
    public void testA () {
        Statement s;
        // Better use this
        PreparedStatement ps;
    }
}

]]>
    </example>

   </rule>


 <rule name="CalendarHourUsed" 
	  message="Consider using Calendar.Hour_OF_DAY" 
        symboltable="true" 
        class="com.wbiag.util.pmd.CalendarHour">
    <description>
Do not use Calendar.HOUR use Calendar.HOUR_OF_DAY
    </description>
      <priority>2</priority>

    <example>
<![CDATA[
class Foo{
    public void testA () {
        Calendar.HOUR;
    }
}

]]>
    </example>

   </rule>




 <rule name="ImproperAPI" 
	message="Consider OverrideBuilder" 
        symboltable="true" 
        class="com.wbiag.util.pmd.ImproperAPI">
    
    <description>
	Do not use overrideAccess in any custom code. Use OverrideBuilder
    </description>
      <priority>5</priority>

    <example>
	<![CDATA[
		package com.client.foo

		import com.workbrain.app.ta.db.OverrideAccess;
		
		class bar extends Rule {

		}
	]]>
    </example>

   </rule>

 <rule name="ImproperAPIRulesEntitCont" 
	message="Improper API usage in Rule" 
        symboltable="true" 
        class="com.wbiag.util.pmd.ImproperAPIRulesEntitCont">
    
    <description>
	Do not do the following in Rules Entitlement or Conditions:
		Use any Access Classes
		Use any Override classes
		Create a DBConnection
		Create a CodeMapper
		Access the database directly

    </description>
      <priority>5</priority>

    <example>
	<![CDATA[
		package com.client.foo

		import com.workbrain.app.ta.db.OverrideAccess;
		
		class bar extends Rule {

		}
	]]>
    </example>

   </rule>

  <rule name="zOS Rule" 
	  message="Class contains select and count(1)" 
        symboltable="true" 
        class="com.wbiag.util.pmd.ZOSViolations">
    <description>
Ensures that select and count(1) are not used in a SQL statement 
    </description>
      <priority>3</priority>

    <example>
	<![CDATA[
import java.sql.*;

class bar {
  public void Foo(){
	String str = "Select count(1)";
	Statement stmt = conn.createStatement();
	stmt.executeQuery(str);
  }
}
	]]>
    </example>

   </rule>


  <rule name="No log wrapper" 
	  message="Logger call not in if statement with logger as condition" 
        symboltable="true" 
        class="com.wbiag.util.pmd.loggerInIf">
    <description>
Checks that logger calls are made inside an 'if' statement with the logger as a condition
    </description>
      <priority>5</priority>

    <example>
	<![CDATA[
class bar {
   Logger logger = Logger.getLogger(bar.class.getName());

	private log(){
		logger.error("Error");
	}

}

	]]>
    </example>

   </rule>
    <rule name="InstanceVarInRule"
          message="Do not use instance variables in Rules or Conditions"
          class="com.wbiag.util.pmd.InstanceVarInRule">
      <description>
Checks that no non-final instance variables are declared in classes that extend
com.workbrain.app.ta.RuleEngine.Rule or com.workbrain.app.ta.RuleEngine.Condition
      </description>
        <priority>3</priority>

      <example>
  <![CDATA[
class Foo extends Rule{
	int i = 1;
	
    }]]>
      </example>
    </rule>

</ruleset>
