<data>
  <table name="CALC_GROUP">
    <row><CALCGRP_ID>-1000008</CALCGRP_ID><CALCGRP_NAME>MASSACHUSETTS HOURLY</CALCGRP_NAME><CALCGRP_DESC>Massachusetts Hourly Rules</CALCGRP_DESC>
      <table name="CALC_GROUP_VERSION" fk="CALCGRP_ID" refers="CALCGRP_ID">
        <row><CGV_ID>-1000008</CGV_ID><CALCGRP_ID>-1000008</CALCGRP_ID><CGV_XML><![CDATA[
<calcgroup autoRecalc="" calcPeriod="" description="Massachusetts Hourly Rules" name="MASSACHUSETTS HOURLY"><rule class="com.workbrain.app.ta.quickrules.GracesRule" description="15 minutes before/after shift" executionPoint="0" isActive="true" name="Graces Rule"><conditionset description="Grace Rule"><parameter><name>EligibleTimeCodes</name><value>UAT,WRK,TRN,LNCH,BRK</value></parameter><parameter><name>GraceBeforeShiftStarts</name><value>15</value></parameter><parameter><name>GraceAfterShiftStarts</name><value>15</value></parameter><parameter><name>GraceBeforeShiftEnds</name><value>15</value></parameter><parameter><name>GraceAfterShiftEnds</name><value>15</value></parameter><parameter><name>TimeCodeBeforeShiftStarts</name><value>UGR</value></parameter><parameter><name>TimeCodeAfterShiftStarts</name><value>PGR</value></parameter><parameter><name>TimeCodeBeforeShiftEnds</name><value>PGR</value></parameter><parameter><name>TimeCodeAfterShiftEnds</name><value>UGR</value></parameter><parameter><name>ApplyToAllShifts</name><value>TRUE</value></parameter><parameter><name>AllowPartialGraces</name><value>FALSE</value></parameter><condition class="com.workbrain.app.ta.conditions.AlwaysTrueCondition" description="Grace Rule" name="Always True Condition"/></conditionset>
    </rule><rule class="com.workbrain.app.ta.quickrules.LateLELLRule" description="Left Early, Left Late Rule" executionPoint="0" isActive="true" name="LateLELL Rule"><conditionset description="Left Early Left Late Rule"><parameter><name>UATCodes</name><value>UAT,LNCH,BRK</value></parameter><parameter><name>WRKCodes</name><value>WRK,TRN</value></parameter><parameter><name>InEarlyCode</name><value>EARLY</value></parameter><parameter><name>InLateCode</name><value>LATE</value></parameter><parameter><name>OutEarlyCode</name><value>LE</value></parameter><parameter><name>OutLateCode</name><value>LL</value></parameter><parameter><name>InExtraLateCode</name><value>LATE</value></parameter><parameter><name>InExtraLateMinutes</name><value>30</value></parameter><parameter><name>OutExtraEarlyCode</name><value>LE</value></parameter><parameter><name>OutExtraEarlyMinutes</name><value>30</value></parameter><parameter><name>ApplyToAllShifts</name><value>TRUE</value></parameter><condition class="com.workbrain.app.ta.conditions.AlwaysTrueCondition" description="Late LELL Condition" name="Always True Condition"/></conditionset>
    </rule><rule class="com.workbrain.app.ta.quickrules.GuaranteesRule" description="Guarantee 3 hours of pay" executionPoint="0" isActive="true" name="Guarantees Rule"><conditionset description="Guarantee Rule"><parameter><name>GuaranteedPremiumTimeCode</name><value>GUAR</value></parameter><parameter><name>GuaranteedPremiumHourType</name><value>REG</value></parameter><parameter><name>TimeCodeList</name><value>RECALL</value></parameter><parameter><name>HourTypeList</name><value>REG</value></parameter><parameter><name>MinimumMinutesToQualify</name><value>1</value></parameter><parameter><name>MaximumMinutesToQualify</name><value>9999</value></parameter><parameter><name>GuaranteedMinutes</name><value>180</value></parameter><parameter><name>UseEffectiveMinutes</name><value>false</value></parameter><parameter><name>IndependentOccurrences</name><value>false</value></parameter><parameter><name>DayWeekStarts</name><value></value></parameter><parameter><name>ApplyWeekWrksFlagField</name><value></value></parameter><condition class="com.workbrain.app.ta.conditions.AlwaysTrueCondition" description="Guarantee Minutes" name="Always True Condition"/></conditionset>
    </rule><rule class="com.workbrain.app.ta.quickrules.DayLightSavingRule" description="Day Light Saving Rule" executionPoint="0" isActive="true" name="Day Light Saving"><conditionset description="Day Light Saving Rule"><parameter><name>PremiumTimeCode</name><value>VAC,SICK</value></parameter><condition class="com.workbrain.app.ta.conditions.AlwaysTrueCondition" description="Day Light Saving Time" name="Always True Condition"/></conditionset>
    </rule><rule class="com.workbrain.app.ta.quickrules.ApplyPayRateRule" description="Apply Pay Rates to the Jobs" executionPoint="0" isActive="true" name="Apply Pay Rates Rule"><conditionset description="Apply Pay Rate for each Job"><parameter><name>UseRateType</name><value>JOB</value></parameter><parameter><name>UseRateMode</name><value>AS_IS</value></parameter><condition class="com.workbrain.app.ta.conditions.AlwaysTrueCondition" description="Always apply pay rate" name="Always True Condition"/></conditionset>
    </rule><rule class="com.workbrain.app.ta.quickrules.DailyOvertimeRule" description="Sunday and Holiday Premium Rule" executionPoint="0" isActive="true" name="Daily Overtime Rule"><conditionset description="Sunday and Holiday Premium Rule"><parameter><name>HourSetDescription</name><value>OT1=480,OT2=9999</value></parameter><parameter><name>AddPremiumForFirstHourtypeToken</name><value>false</value></parameter><parameter><name>WorkDetailTimeCodes</name><value>WRK,TRN,PGR</value></parameter><parameter><name>EligibleHourTypes</name><value>REG</value></parameter><parameter><name>PremiumTimeCodesCounted</name><value></value></parameter><parameter><name>DiscountTimeCodes</name><value></value></parameter><parameter><name>ApplyBasedOnSchedule</name><value>false</value></parameter><parameter><name>PremiumTimeCodeInserted</name><value></value></parameter><parameter><name>p24HourStartTime</name><value></value></parameter><parameter><name>AssignBetterRate</name><value>false</value></parameter><parameter><name>HourTypeForOvertimeWorkDetails</name><value></value></parameter><condition class="com.workbrain.app.ta.conditions.IsSundayCondition" description="Is today Sunday?" name="Is Sunday Condition"/><condition class="com.workbrain.app.ta.conditions.IsHolidayCondition" description="Is today a holiday?" name="Is Holiday Condition"/></conditionset>
    </rule><rule class="com.workbrain.app.ta.quickrules.WeeklyOvertimeRule" description="Overtime pay after 40 hours of work per week" executionPoint="0" isActive="true" name="Weekly Overtime Rule"><conditionset description="Weekly Overtime"><parameter><name>HourSetDescription</name><value>REG=2400,OT1=9999</value></parameter><parameter><name>WorkDetailTimeCodes</name><value>WRK,TRN,PGR,LL</value></parameter><parameter><name>EligibleHourTypes</name><value>REG</value></parameter><parameter><name>PremiumTimeCodesCounted</name><value></value></parameter><parameter><name>DiscountTimeCodes</name><value>SICK</value></parameter><parameter><name>DayWeekStarts</name><value>Monday</value></parameter><parameter><name>ApplyBasedOnSchedule</name><value>false</value></parameter><parameter><name>PremiumTimeCodeInserted</name><value></value></parameter><parameter><name>AssignBetterRate</name><value>true</value></parameter><parameter><name>HourTypeForOvertimeWorkDetails</name><value></value></parameter><condition class="com.workbrain.app.ta.conditions.AlwaysTrueCondition" description="Weely Overtime Condition" name="Always True Condition"/></conditionset>
    </rule><rule class="com.workbrain.app.ta.quickrules.HolidayPayRule" description="8 Hours of pay on Holidays" executionPoint="0" isActive="true" name="Holiday Pay Rule"><conditionset description="Holiday Pay Rule"><parameter><name>TimeCodeList</name><value>WRK,TRN</value></parameter><parameter><name>HolidayPremiumTimeCode</name><value>HOL</value></parameter><parameter><name>HolidayPremiumHourType</name><value>REG</value></parameter><parameter><name>HolidayPremiumMinutes</name><value>480</value></parameter><parameter><name>HolidayPremiumMinutesPercentage</name><value>false</value></parameter><parameter><name>WorkConvertCode</name><value></value></parameter><condition class="com.workbrain.app.ta.quickrules.HolidayCondition" description="Holiday Pay Rule condition" name="Holiday Condition"><parameter><name>MustWorkMinutesBefore</name><value>1</value></parameter><parameter><name>MinimumEmployedDays</name><value>0</value></parameter><parameter><name>DayTypeAppliedTo</name><value>ALL</value></parameter><parameter><name>TimeCodeList</name><value>WRK,TRN</value></parameter><parameter><name>MustWorkMinutesAfter</name><value>0</value></parameter><parameter><name>MustWorkDaysAfter</name><value>0</value></parameter><parameter><name>MustWorkDaysBefore</name><value>1</value></parameter><parameter><name>MustWorkMinutesDayOf</name><value>0</value></parameter></condition></conditionset>
    </rule><rule class="com.wbiag.app.ta.quickrules.HolidayReversalRule" description="Holiday Reversal Rule" executionPoint="0" isActive="true" name="WBIAG: Holiday Reversal Rule"><conditionset description="Holiday Reversal Rule"><parameter><name>HolidayPremiumTimeCodes</name><value>HOL</value></parameter><parameter><name>ReversalPremiumTimeCode</name><value></value></parameter><parameter><name>EligibleWorkTimeCodes</name><value>WRK,TRN,PGR,VAC</value></parameter><parameter><name>ViolationTimeCodes</name><value></value></parameter><parameter><name>MaxPayPeriods</name><value>2</value></parameter><parameter><name>ReverseIfNotScheduled</name><value>True</value></parameter><parameter><name>InsertNegativeMinutes</name><value>False</value></parameter><condition class="com.workbrain.app.ta.conditions.AlwaysTrueCondition" description="Does the holiday premium need to be reversed?" name="Always True Condition"/></conditionset>
    </rule><rule class="com.wbiag.app.ta.quickrules.SplitDetailRule" description="Split work details based on Split Time of 02:00" executionPoint="0" isActive="false" name="WBIAG: Split Details Rule"><conditionset description="Split Work Details for a Day"><parameter><name>SplitTime</name><value>19000101 020000</value></parameter><parameter><name>ChangesWrkdWorkDate</name><value>true</value></parameter><condition class="com.workbrain.app.ta.conditions.AlwaysTrueCondition" description="Should the work details be split?" name="Always True Condition"/></conditionset>
    </rule><rule class="com.wbiag.app.ta.quickrules.DailyOvertime24HourRule" description="Before Split time of 02:00" executionPoint="0" isActive="false" name="WBIAG: Daily Overtime 24 Hour Rule"><conditionset description="Previous Day was Weekend Day"><parameter><name>HourSetDescription</name><value>OT1=9999</value></parameter><parameter><name>AddPremiumForFirstHourtypeToken</name><value>false</value></parameter><parameter><name>WorkDetailTimeCodes</name><value>WRK,TRN,PGR</value></parameter><parameter><name>EligibleHourTypes</name><value>REG,OT1,OT2</value></parameter><parameter><name>PremiumTimeCodesCounted</name><value></value></parameter><parameter><name>DiscountTimeCodes</name><value></value></parameter><parameter><name>ApplyBasedOnSchedule</name><value>false</value></parameter><parameter><name>PremiumTimeCodeInserted</name><value></value></parameter><parameter><name>p24HourStartTime</name><value>19000101 020000</value></parameter><parameter><name>CalculatePeriod</name><value>BEFORE_START_TIME</value></parameter><parameter><name>MaxDaysLookBack</name><value>0</value></parameter><parameter><name>AssignBetterRate</name><value>false</value></parameter><parameter><name>HourTypeForOvertimeWorkDetails</name><value></value></parameter><condition class="com.wbiag.app.ta.conditions.IsDayConditionExtended" description="Was yesterday Saturday?" name="WBIAG:Is Day Condition Extended"><parameter><name>Day</name><value>SAT</value></parameter><parameter><name>Day to Check</name><value>Yesterday</value></parameter></condition></conditionset><conditionset description="Previous Day was a Holiday"><parameter><name>HourSetDescription</name><value>OT2=9999</value></parameter><parameter><name>AddPremiumForFirstHourtypeToken</name><value>false</value></parameter><parameter><name>WorkDetailTimeCodes</name><value>WRK,TRN,PGR</value></parameter><parameter><name>EligibleHourTypes</name><value>REG,OT1,OT2</value></parameter><parameter><name>PremiumTimeCodesCounted</name><value></value></parameter><parameter><name>DiscountTimeCodes</name><value></value></parameter><parameter><name>ApplyBasedOnSchedule</name><value>false</value></parameter><parameter><name>PremiumTimeCodeInserted</name><value></value></parameter><parameter><name>p24HourStartTime</name><value>19000101 020000</value></parameter><parameter><name>CalculatePeriod</name><value>BEFORE_START_TIME</value></parameter><parameter><name>MaxDaysLookBack</name><value>0</value></parameter><parameter><name>AssignBetterRate</name><value>false</value></parameter><parameter><name>HourTypeForOvertimeWorkDetails</name><value></value></parameter><condition class="com.wbiag.app.ta.conditions.IsHolidayExtendedCondition" description="was yesterday a holiday?" name="WBIAG: Is Holiday Extended Condition"><parameter><name>DayToCheck</name><value>Yesterday</value></parameter><parameter><name>HolidayName</name><value></value></parameter></condition></conditionset><conditionset description="Previous Day was a Regular Scheduled Day"><parameter><name>HourSetDescription</name><value>REG=480,OT1=9999</value></parameter><parameter><name>AddPremiumForFirstHourtypeToken</name><value>false</value></parameter><parameter><name>WorkDetailTimeCodes</name><value>WRK,TRN,PGR</value></parameter><parameter><name>EligibleHourTypes</name><value>REG,OT1,OT2</value></parameter><parameter><name>PremiumTimeCodesCounted</name><value></value></parameter><parameter><name>DiscountTimeCodes</name><value></value></parameter><parameter><name>ApplyBasedOnSchedule</name><value>false</value></parameter><parameter><name>PremiumTimeCodeInserted</name><value></value></parameter><parameter><name>p24HourStartTime</name><value>19000101 020000</value></parameter><parameter><name>CalculatePeriod</name><value>BEFORE_START_TIME</value></parameter><parameter><name>MaxDaysLookBack</name><value>0</value></parameter><parameter><name>AssignBetterRate</name><value>false</value></parameter><parameter><name>HourTypeForOvertimeWorkDetails</name><value></value></parameter><condition class="com.wbiag.app.ta.conditions.IsRegularlyScheduledDayConditionExtended" description="Was yesterday a regular scheduled day?" name="WBIAG: Is Regularly Scheduled Day Condition Extended"><parameter><name>Day to Check</name><value>Yesterday</value></parameter>
            </condition></conditionset></rule><rule class="com.wbiag.app.ta.quickrules.DailyOvertime24HourRule" description="After Split Time of 02:00" executionPoint="0" isActive="false" name="WBIAG: Daily Overtime 24 Hour Rule"><conditionset description="Today Is Weekend"><parameter><name>HourSetDescription</name><value>OT1=9999</value></parameter><parameter><name>AddPremiumForFirstHourtypeToken</name><value>false</value></parameter><parameter><name>WorkDetailTimeCodes</name><value>WRK,TRN,PGR</value></parameter><parameter><name>EligibleHourTypes</name><value>REG,OT1,OT2</value></parameter><parameter><name>PremiumTimeCodesCounted</name><value></value></parameter><parameter><name>DiscountTimeCodes</name><value></value></parameter><parameter><name>ApplyBasedOnSchedule</name><value>false</value></parameter><parameter><name>PremiumTimeCodeInserted</name><value></value></parameter><parameter><name>p24HourStartTime</name><value>19000101 020000</value></parameter><parameter><name>CalculatePeriod</name><value>AFTER_START_TIME</value></parameter><parameter><name>MaxDaysLookBack</name><value>0</value></parameter><parameter><name>AssignBetterRate</name><value>false</value></parameter><parameter><name>HourTypeForOvertimeWorkDetails</name><value></value></parameter><condition class="com.workbrain.app.ta.conditions.IsSaturdayCondition" description="Is today Saturday?" name="Is Saturday Condition"/></conditionset><conditionset description="Today Is a Holiday"><parameter><name>HourSetDescription</name><value>OT2=9999</value></parameter><parameter><name>AddPremiumForFirstHourtypeToken</name><value>false</value></parameter><parameter><name>WorkDetailTimeCodes</name><value>WRK,PGR,TRN</value></parameter><parameter><name>EligibleHourTypes</name><value>REG,OT1,OT2</value></parameter><parameter><name>PremiumTimeCodesCounted</name><value></value></parameter><parameter><name>DiscountTimeCodes</name><value></value></parameter><parameter><name>ApplyBasedOnSchedule</name><value>false</value></parameter><parameter><name>PremiumTimeCodeInserted</name><value></value></parameter><parameter><name>p24HourStartTime</name><value>19000101 020000</value></parameter><parameter><name>CalculatePeriod</name><value>AFTER_START_TIME</value></parameter><parameter><name>MaxDaysLookBack</name><value>0</value></parameter><parameter><name>AssignBetterRate</name><value>false</value></parameter><parameter><name>HourTypeForOvertimeWorkDetails</name><value></value></parameter><condition class="com.workbrain.app.ta.conditions.IsHolidayCondition" description="Is today a holiday?" name="Is Holiday Condition"/></conditionset><conditionset description="Today Is a Regular Scheduled Day"><parameter><name>HourSetDescription</name><value>REG=480,OTS=9999</value></parameter><parameter><name>AddPremiumForFirstHourtypeToken</name><value>false</value></parameter><parameter><name>WorkDetailTimeCodes</name><value>WRK,TRN,PGR</value></parameter><parameter><name>EligibleHourTypes</name><value>REG</value></parameter><parameter><name>PremiumTimeCodesCounted</name><value></value></parameter><parameter><name>DiscountTimeCodes</name><value></value></parameter><parameter><name>ApplyBasedOnSchedule</name><value>false</value></parameter><parameter><name>PremiumTimeCodeInserted</name><value></value></parameter><parameter><name>p24HourStartTime</name><value>19000101 020000</value></parameter><parameter><name>CalculatePeriod</name><value>AFTER_START_TIME</value></parameter><parameter><name>MaxDaysLookBack</name><value>0</value></parameter><parameter><name>AssignBetterRate</name><value>false</value></parameter><parameter><name>HourTypeForOvertimeWorkDetails</name><value></value></parameter><condition class="com.workbrain.app.ta.conditions.IsRegularlyScheduledDayCondition" description="Is today a regular scheduled day?" name="Is Regularly Scheduled Day Condition"/></conditionset></rule><rule class="com.wbiag.app.ta.quickrules.DailyOvertime24HourRule" description="After 24hr (Next Day)" executionPoint="0" isActive="false" name="WBIAG: Daily Overtime 24 Hour Rule"><conditionset description="Next day is a Weekend Day"><parameter><name>HourSetDescription</name><value>OT1=9999</value></parameter><parameter><name>AddPremiumForFirstHourtypeToken</name><value>false</value></parameter><parameter><name>WorkDetailTimeCodes</name><value>WRK,TRN,PGR</value></parameter><parameter><name>EligibleHourTypes</name><value>REG,OT1,OT2</value></parameter><parameter><name>PremiumTimeCodesCounted</name><value></value></parameter><parameter><name>DiscountTimeCodes</name><value></value></parameter><parameter><name>ApplyBasedOnSchedule</name><value>false</value></parameter><parameter><name>PremiumTimeCodeInserted</name><value></value></parameter><parameter><name>p24HourStartTime</name><value>19000101 020000</value></parameter><parameter><name>CalculatePeriod</name><value>AFTER_24HOURS</value></parameter><parameter><name>MaxDaysLookBack</name><value>0</value></parameter><parameter><name>AssignBetterRate</name><value>false</value></parameter><parameter><name>HourTypeForOvertimeWorkDetails</name><value></value></parameter><condition class="com.wbiag.app.ta.conditions.IsDayConditionExtended" description="Is tomorrow Saturday?" name="WBIAG:Is Day Condition Extended"><parameter><name>Day</name><value>SAT</value></parameter><parameter><name>Day to Check</name><value>Tomorrow</value></parameter></condition></conditionset><conditionset description="Next day is a Holiday"><parameter><name>HourSetDescription</name><value>OT2=9999</value></parameter><parameter><name>AddPremiumForFirstHourtypeToken</name><value>false</value></parameter><parameter><name>WorkDetailTimeCodes</name><value>WRK,TRN,PGR</value></parameter><parameter><name>EligibleHourTypes</name><value>REG,OT1,OT2</value></parameter><parameter><name>PremiumTimeCodesCounted</name><value></value></parameter><parameter><name>DiscountTimeCodes</name><value></value></parameter><parameter><name>ApplyBasedOnSchedule</name><value>false</value></parameter><parameter><name>PremiumTimeCodeInserted</name><value></value></parameter><parameter><name>p24HourStartTime</name><value>19000101 020000</value></parameter><parameter><name>CalculatePeriod</name><value>AFTER_24HOURS</value></parameter><parameter><name>MaxDaysLookBack</name><value>0</value></parameter><parameter><name>AssignBetterRate</name><value>false</value></parameter><parameter><name>HourTypeForOvertimeWorkDetails</name><value></value></parameter><condition class="com.wbiag.app.ta.conditions.IsHolidayExtendedCondition" description="is tomorrow a holiday?" name="WBIAG: Is Holiday Extended Condition"><parameter><name>DayToCheck</name><value>Tomorrow</value></parameter><parameter><name>HolidayName</name><value></value></parameter></condition></conditionset><conditionset description="Next day is a Regular Scheduled Day"><parameter><name>HourSetDescription</name><value>REG=480,OT1=9999</value></parameter><parameter><name>AddPremiumForFirstHourtypeToken</name><value>false</value></parameter><parameter><name>WorkDetailTimeCodes</name><value>WRK,TRN,PGR</value></parameter><parameter><name>EligibleHourTypes</name><value>REG,OT1,OT2</value></parameter><parameter><name>PremiumTimeCodesCounted</name><value></value></parameter><parameter><name>DiscountTimeCodes</name><value></value></parameter><parameter><name>ApplyBasedOnSchedule</name><value>false</value></parameter><parameter><name>PremiumTimeCodeInserted</name><value></value></parameter><parameter><name>p24HourStartTime</name><value>19000101 020000</value></parameter><parameter><name>CalculatePeriod</name><value>AFTER_24HOURS</value></parameter><parameter><name>MaxDaysLookBack</name><value>0</value></parameter><parameter><name>AssignBetterRate</name><value>false</value></parameter><parameter><name>HourTypeForOvertimeWorkDetails</name><value></value></parameter><condition class="com.wbiag.app.ta.conditions.IsRegularlyScheduledDayConditionExtended" description="Is tomorrow a regular scheduled day?" name="WBIAG: Is Regularly Scheduled Day Condition Extended"><parameter><name>Day to Check</name><value>Tomorrow</value></parameter>
            </condition></conditionset></rule><rule class="com.wbiag.app.ta.quickrules.WeeklyOvertimeSplitRule" description="Split Weekly Overtime" executionPoint="0" isActive="false" name="WBIAG: Weekly Overtime Split Rule"><conditionset description="Split Weekly Overtime"><parameter><name>HourSetDescription</name><value>REG=2400,OT1=9999</value></parameter><parameter><name>WorkDetailTimeCodes</name><value>WRK,TRN,PGR,LL</value></parameter><parameter><name>EligibleHourTypes</name><value>REG</value></parameter><parameter><name>PremiumTimeCodesCounted</name><value></value></parameter><parameter><name>DiscountTimeCodes</name><value>SICK</value></parameter><parameter><name>DiscountHourTypes</name><value></value></parameter><parameter><name>DayWeekStarts</name><value>Monday</value></parameter><parameter><name>PremiumTimeCodeInserted</name><value></value></parameter><parameter><name>AssignBetterRate</name><value>true</value></parameter><parameter><name>HourTypeForOvertimeWorkDetails</name><value></value></parameter><parameter><name>p24HourStartTime</name><value>19000101 020000</value></parameter><parameter><name>StartTimeDay</name><value>DAY WEEK STARTS</value></parameter><condition class="com.workbrain.app.ta.conditions.AlwaysTrueCondition" description="Does the weekly overtime need to be split?" name="Always True Condition"/></conditionset>
    </rule><rule class="com.wbiag.app.ta.quickrules.FLSAWeeklyOTRule" description="WBIAG FLSA Weekly Overtime Rule" executionPoint="0" isActive="true" name="WBIAG: FLSA Weekly OT Rule"><conditionset description="WBIAG FLSA Weekly Overtime Rule"><parameter><name>MustWorkedMinutes</name><value>2400</value></parameter><parameter><name>FLSAHoursTimeCodes</name><value>WRK,TRN,PGR</value></parameter><parameter><name>FLSAHoursHourTypes</name><value></value></parameter><parameter><name>FLSADollarsTimeCodes</name><value>WRK,TRN,PGR,BONUS</value></parameter><parameter><name>FLSADollarsHourTypes</name><value></value></parameter><parameter><name>OvertimeEarnedTimeCodes</name><value>WRK,TRN</value></parameter><parameter><name>OvertimeEarnedHourTypes</name><value>OT1,OT2,OT3,OTS</value></parameter><parameter><name>PremiumTimeCode</name><value>FLSA</value></parameter><parameter><name>PremiumHourType</name><value>REG</value></parameter><condition class="com.wbiag.app.ta.conditions.IsDayConditionExtended" description="Is today Sunday? FLSA overtime rule should only be appiled on the last day of the work week" name="WBIAG:Is Day Condition Extended"><parameter><name>Day</name><value>SUN</value></parameter><parameter><name>Day to Check</name><value>Today</value></parameter></condition></conditionset>
    </rule><rule class="com.wbiag.app.ta.quickrules.PremiumFromBalancePayoutRule" description="Premium from Balance Payout" executionPoint="0" isActive="true" name="WBIAG: Premium From Balance Payout Rule"><conditionset description="Balance Payout upon Termination"><parameter><name>BalanceNames</name><value>VACATION</value></parameter><parameter><name>BalanceAsOfDate</name><value>Today</value></parameter><parameter><name>BalancesDecremented</name><value>FALSE</value></parameter><parameter><name>PayoutApproach</name><value>To final value</value></parameter><parameter><name>PayoutApproachValue</name><value>0</value></parameter><parameter><name>MinutesPerBalanceUnit</name><value>60</value></parameter><parameter><name>PremiumTimeCodeNames</name><value>BAL_PAYOUT</value></parameter><parameter><name>PremiumHourTypeNames</name><value>REG</value></parameter><parameter><name>AdditionalPremiumFieldValues</name><value></value></parameter><parameter><name>ParameterHelp</name><value></value></parameter><condition class="com.wbiag.app.ta.conditions.IsTerminationDateCondition" description="is tomorrow the termination day?" name="WBIAG: Is Termination Date Condition"><parameter><name>Day to Evaluate</name><value>Tomorrow</value></parameter>
            </condition></conditionset>
    </rule><rule class="com.wbiag.app.ta.quickrules.OneDayRestInSevenRule" description="24 hours of rest between 8am and 5pm during each 7 day period" executionPoint="0" isActive="false" name="WBIAG: One Day Rest in Seven Rule"><conditionset description="24 hours of rest between 8am and 5pm during each 7 day period"><parameter><name>LimitToCalendarWeek</name><value>False</value></parameter><parameter><name>DayWeekStart</name><value>MON</value></parameter><parameter><name>DaysToLookBack</name><value>7</value></parameter><parameter><name>MinimumWorkedHours</name><value>20</value></parameter><parameter><name>ValidWorkTimeCode</name><value>WRK,LL,LNCH,EARLY,PGR,BRK</value></parameter><parameter><name>ValidWorkHourType</name><value>REG,OT1,OT2,OT3,OTS,UNPAID</value></parameter><parameter><name>ValidNonWorkNonRestTimeCode</name><value>VAC,HOL,SICK</value></parameter><parameter><name>ValidNonWorkNonRestHourType</name><value>REG,UNPAID</value></parameter><parameter><name>SplitTime</name><value>19000101 000000</value></parameter><parameter><name>MinimumRestPeriodDuration</name><value>24</value></parameter><parameter><name>RestPeriodStartTime</name><value>19000101 080000</value></parameter><parameter><name>RestPeriodEndTime</name><value>19000101 170000</value></parameter><condition class="com.workbrain.app.ta.conditions.IsEmpPropertyGeneric" description="Has the employee agreed to not give-up their 24 hour rest period?" name="Is Employee Property Generic Condition"><parameter><name>ExpressionString</name><value>&#x22;empVal2!=True&#x22;</value></parameter>
            </condition></conditionset>
    </rule><rule class="com.wbiag.app.ta.quickrules.MealBreakRule" description="30 minute meal break for all shifts of length &#x3E; 6 hours" executionPoint="0" isActive="true" name="WBIAG: Meal Break Rule"><conditionset description="30 minute meal break for all shifts of length &#x3E;= 6 hours"><parameter><name>MinimumLengthOfShift</name><value>360</value></parameter><parameter><name>ConsecutiveWorkedMinutes</name><value>0</value></parameter><parameter><name>ValidWorkedTimeCodes</name><value>WRK,LL,LNCH,EARLY,PGR,BRK</value></parameter><parameter><name>ValidWorkedHourType</name><value></value></parameter><parameter><name>RelativeToActualTime</name><value>False</value></parameter><parameter><name>ScheduledStartTimeShift</name><value>0</value></parameter><parameter><name>MinimumStartTime</name><value></value></parameter><parameter><name>MaximumStartTime</name><value></value></parameter><parameter><name>DurationOfBreak</name><value>30</value></parameter><parameter><name>ValidBreakTimeCode</name><value>LNCH</value></parameter><parameter><name>ValidBreakHourType</name><value></value></parameter><parameter><name>PremiumTimeCode</name><value>BRKP</value></parameter><parameter><name>PremiumHourType</name><value>REG</value></parameter><parameter><name>PremiumMinutes</name><value>30</value></parameter><condition class="com.wbiag.app.ta.conditions.IsWorkSummaryPropertyGenericCondition" description="Has the employee waived their break?" name="WBIAG: Is Work Summary Property Generic Condition"><parameter><name>ExpressionString</name><value>&#x22;wrksFlagBrk&#x3C;&#x3E;Y&#x22;</value></parameter>
            </condition></conditionset>
    </rule><rule class="com.workbrain.app.ta.quickrules.FMLARule" description="Family Medical Leave Rule" executionPoint="0" isActive="true" name="FMLA Rule"><conditionset description="FLMA Rule"><parameter><name>FMLABalanceName</name><value>FMLA</value></parameter><parameter><name>FMLAOffsetUnit</name><value>DAY</value></parameter><parameter><name>FMLABalanceType</name><value>Decrement</value></parameter><parameter><name>FMLAOffset</name><value>0</value></parameter><parameter><name>FMLAComment</name><value>Family Medical Leave</value></parameter><parameter><name>FMLAPremiumCode</name><value></value></parameter><parameter><name>FMLABalanceRatioToMinutes</name><value>480</value></parameter><condition class="com.workbrain.app.ta.conditions.AlwaysTrueCondition" description="Do you qualify for FLMA?" name="Always True Condition"/></conditionset>
    </rule><rule class="com.wbiag.app.ta.quickrules.MinimumWageRule" description="Ensure minimum wage is met" executionPoint="0" isActive="false" name="WBIAG: Minimum Wage Rule"><conditionset description="Ensure minimum wage is paid"><parameter><name>FederalMinWageCode</name><value>FED</value></parameter><parameter><name>IgnoreZeroPayRate</name><value>TRUE</value></parameter><condition class="com.workbrain.app.ta.conditions.AlwaysTrueCondition" description="Is the employee being paid the required rate?" name="Always True Condition"/></conditionset>
    </rule><rule class="com.workbrain.app.ta.quickrules.AuthorizeRule" description="Authorization Rule" executionPoint="0" isActive="true" name="Authorize Rule"><conditionset description="Authorization Rule"><parameter><name>UseTimeCodeHourTypeAuthorization</name><value>true</value></parameter><parameter><name>UsePremiumTimeCodeHourTypeAuthorization</name><value>false</value></parameter><parameter><name>UnauthorizeIfEditAfterAuthorization</name><value>true</value></parameter><parameter><name>UseClockBasedAuthorizations</name><value>true</value></parameter><parameter><name>UnauthorizeIfClockOnsNotEqualOffs</name><value>true</value></parameter><parameter><name>UnauthorizeIfClockOutOfSequence</name><value>true</value></parameter><parameter><name>UnauthorizeClockCountList</name><value></value></parameter><parameter><name>UnauthorizeLastClockTypeNotInList</name><value></value></parameter><parameter><name>UnauthClockDataString</name><value></value></parameter><parameter><name>UnauthorizeIfDuringScheduledTimeCodesList</name><value></value></parameter><parameter><name>UnauthorizeIfDuringUnscheduledTimeCodesList</name><value></value></parameter><parameter><name>UnauthorizeTimeCodeMinuteString</name><value></value></parameter><parameter><name>UnauthorizeBalanceBelowMinimum</name><value></value></parameter><parameter><name>UnauthorizeBalanceAboveMaximum</name><value></value></parameter><condition class="com.workbrain.app.ta.conditions.AlwaysTrueCondition" description="Authorization Rule" name="Always True Condition"/></conditionset>
    </rule></calcgroup>
	]]></CGV_XML></row>
      </table>
      <table name="CALC_GROUP_HISTORY" fk="CALCGRP_ID" refers="CALCGRP_ID">
        <row><CGH_ID>-1000008</CGH_ID><CALCGRP_ID>-1000008</CALCGRP_ID><CGH_START_DATE>1900-01-01 00:00:00</CGH_START_DATE><CGH_END_DATE>3000-01-01 00:00:00</CGH_END_DATE><CGV_ID>-1000008</CGV_ID></row>
      </table>
    </row>
  </table>
</data>