<data>
  <table name="CALC_GROUP">
    <row><CALCGRP_ID>-1000003</CALCGRP_ID><CALCGRP_NAME>WASHINGTON HOURLY</CALCGRP_NAME><CALCGRP_DESC>Washington Hourly Rules</CALCGRP_DESC>
      <table name="CALC_GROUP_VERSION" fk="CALCGRP_ID" refers="CALCGRP_ID">
        <row><CGV_ID>-1000003</CGV_ID><CALCGRP_ID>-1000003</CALCGRP_ID><CGV_XML><![CDATA[
<calcgroup name="WASHINGTON HOURLY" autoRecalc="" calcPeriod=""><rule name="Graces Rule" class="com.workbrain.app.ta.quickrules.GracesRule" description="15 minutes before/after shift" isActive="true" executionPoint="0"><conditionset description="Grace Rule"><parameter><name>EligibleTimeCodes</name><value>UAT,WRK,TRN,LNCH,BRK</value></parameter><parameter><name>GraceBeforeShiftStarts</name><value>15</value></parameter><parameter><name>GraceAfterShiftStarts</name><value>15</value></parameter><parameter><name>GraceBeforeShiftEnds</name><value>15</value></parameter><parameter><name>GraceAfterShiftEnds</name><value>15</value></parameter><parameter><name>TimeCodeBeforeShiftStarts</name><value>UGR</value></parameter><parameter><name>TimeCodeAfterShiftStarts</name><value>PGR</value></parameter><parameter><name>TimeCodeBeforeShiftEnds</name><value>PGR</value></parameter><parameter><name>TimeCodeAfterShiftEnds</name><value>UGR</value></parameter><parameter><name>ApplyToAllShifts</name><value>TRUE</value></parameter><parameter><name>AllowPartialGraces</name><value>FALSE</value></parameter><condition name="Always True Condition" class="com.workbrain.app.ta.conditions.AlwaysTrueCondition" description="Grace Rule"/></conditionset>
    </rule><rule name="LateLELL Rule" class="com.workbrain.app.ta.quickrules.LateLELLRule" description="Left Early, Left Late Rule" isActive="true" executionPoint="0"><conditionset description="Left Early Left Late Rule"><parameter><name>UATCodes</name><value>UAT,LNCH,BRK</value></parameter><parameter><name>WRKCodes</name><value>WRK,TRN</value></parameter><parameter><name>InEarlyCode</name><value>EARLY</value></parameter><parameter><name>InLateCode</name><value>LATE</value></parameter><parameter><name>OutEarlyCode</name><value>LE</value></parameter><parameter><name>OutLateCode</name><value>LL</value></parameter><parameter><name>InExtraLateCode</name><value>LATE</value></parameter><parameter><name>InExtraLateMinutes</name><value>30</value></parameter><parameter><name>OutExtraEarlyCode</name><value>LE</value></parameter><parameter><name>OutExtraEarlyMinutes</name><value>30</value></parameter><parameter><name>ApplyToAllShifts</name><value>TRUE</value></parameter><condition name="Always True Condition" class="com.workbrain.app.ta.conditions.AlwaysTrueCondition" description="Late LELL Condition"/></conditionset>
    </rule><rule name="Guarantees Rule" class="com.workbrain.app.ta.quickrules.GuaranteesRule" description="Guarantee 3 hours of pay" isActive="true" executionPoint="0"><conditionset description="Guarantee Rule"><parameter><name>GuaranteedPremiumTimeCode</name><value>GUAR</value></parameter><parameter><name>GuaranteedPremiumHourType</name><value>REG</value></parameter><parameter><name>TimeCodeList</name><value>RECALL</value></parameter><parameter><name>HourTypeList</name><value>REG</value></parameter><parameter><name>MinimumMinutesToQualify</name><value>1</value></parameter><parameter><name>MaximumMinutesToQualify</name><value>9999</value></parameter><parameter><name>GuaranteedMinutes</name><value>180</value></parameter><parameter><name>UseEffectiveMinutes</name><value>false</value></parameter><parameter><name>IndependentOccurrences</name><value>false</value></parameter><parameter><name>DayWeekStarts</name><value></value></parameter><parameter><name>ApplyWeekWrksFlagField</name><value></value></parameter><condition name="Always True Condition" class="com.workbrain.app.ta.conditions.AlwaysTrueCondition" description="Guarantee Minutes"/></conditionset>
    </rule><rule name="Day Light Saving" class="com.workbrain.app.ta.quickrules.DayLightSavingRule" description="Day Light Saving Rule" isActive="true" executionPoint="0"><conditionset description="Day Light Saving Rule"><parameter><name>PremiumTimeCode</name><value>VAC,SICK</value></parameter><condition name="Always True Condition" class="com.workbrain.app.ta.conditions.AlwaysTrueCondition" description="Day Light Saving Time"/></conditionset>
    </rule><rule name="Apply Pay Rates Rule" class="com.workbrain.app.ta.quickrules.ApplyPayRateRule" description="Apply Pay Rates to the Jobs" isActive="true" executionPoint="0"><conditionset description="Apply Pay Rate for each Job"><parameter><name>UseRateType</name><value>JOB</value></parameter><parameter><name>UseRateMode</name><value>AS_IS</value></parameter><condition name="Always True Condition" class="com.workbrain.app.ta.conditions.AlwaysTrueCondition" description="Always apply pay rate"/></conditionset>
    </rule><rule name="Weekly Overtime Rule" class="com.workbrain.app.ta.quickrules.WeeklyOvertimeRule" description="Overtime pay after 40 hours of work per week" isActive="true" executionPoint="0"><conditionset description="Weekly Overtime"><parameter><name>HourSetDescription</name><value>REG=2400,OT1=9999</value></parameter><parameter><name>WorkDetailTimeCodes</name><value>WRK,TRN,PGR,LL</value></parameter><parameter><name>EligibleHourTypes</name><value>REG</value></parameter><parameter><name>PremiumTimeCodesCounted</name><value></value></parameter><parameter><name>DiscountTimeCodes</name><value>SICK</value></parameter><parameter><name>DayWeekStarts</name><value>Monday</value></parameter><parameter><name>ApplyBasedOnSchedule</name><value>false</value></parameter><parameter><name>PremiumTimeCodeInserted</name><value></value></parameter><parameter><name>AssignBetterRate</name><value>true</value></parameter><parameter><name>HourTypeForOvertimeWorkDetails</name><value></value></parameter><condition name="Always True Condition" class="com.workbrain.app.ta.conditions.AlwaysTrueCondition" description="Weely Overtime Condition"/></conditionset>
    </rule><rule name="Holiday Pay Rule" class="com.workbrain.app.ta.quickrules.HolidayPayRule" description="8 Hours of pay on Holidays" isActive="true" executionPoint="0"><conditionset description="Holiday Pay Rule"><parameter><name>TimeCodeList</name><value>WRK,TRN</value></parameter><parameter><name>HolidayPremiumTimeCode</name><value>HOL</value></parameter><parameter><name>HolidayPremiumHourType</name><value>REG</value></parameter><parameter><name>HolidayPremiumMinutes</name><value>480</value></parameter><parameter><name>HolidayPremiumMinutesPercentage</name><value>false</value></parameter><parameter><name>WorkConvertCode</name><value></value></parameter><condition name="Holiday Condition" class="com.workbrain.app.ta.quickrules.HolidayCondition" description="Holiday Pay Rule condition"><parameter><name>MustWorkMinutesBefore</name><value>1</value></parameter><parameter><name>MinimumEmployedDays</name><value>0</value></parameter><parameter><name>DayTypeAppliedTo</name><value>ALL</value></parameter><parameter><name>TimeCodeList</name><value>WRK,TRN</value></parameter><parameter><name>MustWorkMinutesAfter</name><value>0</value></parameter><parameter><name>MustWorkDaysAfter</name><value>0</value></parameter><parameter><name>MustWorkDaysBefore</name><value>1</value></parameter><parameter><name>MustWorkMinutesDayOf</name><value>0</value></parameter></condition></conditionset>
    </rule><rule name="WBIAG: Holiday Reversal Rule" class="com.wbiag.app.ta.quickrules.HolidayReversalRule" description="Holiday Reversal Rule" isActive="true" executionPoint="0"><conditionset description="Holiday Reversal Rule"><parameter><name>HolidayPremiumTimeCodes</name><value>HOL</value></parameter><parameter><name>ReversalPremiumTimeCode</name><value></value></parameter><parameter><name>EligibleWorkTimeCodes</name><value>WRK,TRN,PGR,VAC</value></parameter><parameter><name>ViolationTimeCodes</name><value></value></parameter><parameter><name>MaxPayPeriods</name><value>2</value></parameter><parameter><name>ReverseIfNotScheduled</name><value>True</value></parameter><parameter><name>InsertNegativeMinutes</name><value>False</value></parameter><condition name="Always True Condition" class="com.workbrain.app.ta.conditions.AlwaysTrueCondition" description="Does the holiday premium need to be reversed?"/></conditionset>
    </rule><rule name="WBIAG: Split Details Rule" class="com.wbiag.app.ta.quickrules.SplitDetailRule" description="Split work details based on Split Time of 02:00" isActive="false" executionPoint="0"><conditionset description="Split Work Details for a Day"><parameter><name>SplitTime</name><value>19000101 020000</value></parameter><parameter><name>ChangesWrkdWorkDate</name><value>true</value></parameter><condition name="Always True Condition" class="com.workbrain.app.ta.conditions.AlwaysTrueCondition" description="Should the work details be split?"/></conditionset>
    </rule><rule name="WBIAG: Daily Overtime 24 Hour Rule" class="com.wbiag.app.ta.quickrules.DailyOvertime24HourRule" description="Before Split time of 02:00" isActive="false" executionPoint="0"><conditionset description="Previous Day was Weekend Day"><parameter><name>HourSetDescription</name><value>OT1=9999</value></parameter><parameter><name>AddPremiumForFirstHourtypeToken</name><value>false</value></parameter><parameter><name>WorkDetailTimeCodes</name><value>WRK,TRN,PGR</value></parameter><parameter><name>EligibleHourTypes</name><value>REG,OT1,OT2</value></parameter><parameter><name>PremiumTimeCodesCounted</name><value></value></parameter><parameter><name>DiscountTimeCodes</name><value></value></parameter><parameter><name>ApplyBasedOnSchedule</name><value>false</value></parameter><parameter><name>PremiumTimeCodeInserted</name><value></value></parameter><parameter><name>p24HourStartTime</name><value>19000101 020000</value></parameter><parameter><name>CalculatePeriod</name><value>BEFORE_START_TIME</value></parameter><parameter><name>MaxDaysLookBack</name><value>0</value></parameter><parameter><name>AssignBetterRate</name><value>false</value></parameter><parameter><name>HourTypeForOvertimeWorkDetails</name><value></value></parameter><condition name="WBIAG: Is Weekend Day Extended Condition" class="com.wbiag.app.ta.conditions.IsWeekendDayExtended" description="Was yesterday a weekend day?"><parameter><name>Day to Check</name><value>Yesterday</value></parameter>
            </condition></conditionset><conditionset description="Previous Day was a Holiday"><parameter><name>HourSetDescription</name><value>OT2=9999</value></parameter><parameter><name>AddPremiumForFirstHourtypeToken</name><value>false</value></parameter><parameter><name>WorkDetailTimeCodes</name><value>WRK,TRN,PGR</value></parameter><parameter><name>EligibleHourTypes</name><value>REG,OT1,OT2</value></parameter><parameter><name>PremiumTimeCodesCounted</name><value></value></parameter><parameter><name>DiscountTimeCodes</name><value></value></parameter><parameter><name>ApplyBasedOnSchedule</name><value>false</value></parameter><parameter><name>PremiumTimeCodeInserted</name><value></value></parameter><parameter><name>p24HourStartTime</name><value>19000101 020000</value></parameter><parameter><name>CalculatePeriod</name><value>BEFORE_START_TIME</value></parameter><parameter><name>MaxDaysLookBack</name><value>0</value></parameter><parameter><name>AssignBetterRate</name><value>false</value></parameter><parameter><name>HourTypeForOvertimeWorkDetails</name><value></value></parameter><condition name="WBIAG: Is Holiday Extended Condition" class="com.wbiag.app.ta.conditions.IsHolidayExtendedCondition" description="Was yesterday a Holiday?"><parameter><name>DayToCheck</name><value>Yesterday</value></parameter><parameter><name>HolidayName</name><value></value></parameter></condition></conditionset><conditionset description="Previous Day was a Regular Scheduled Day"><parameter><name>HourSetDescription</name><value>REG=480;OT1=9999</value></parameter><parameter><name>AddPremiumForFirstHourtypeToken</name><value>false</value></parameter><parameter><name>WorkDetailTimeCodes</name><value>WRK,TRN,PGR</value></parameter><parameter><name>EligibleHourTypes</name><value>REG</value></parameter><parameter><name>PremiumTimeCodesCounted</name><value></value></parameter><parameter><name>DiscountTimeCodes</name><value></value></parameter><parameter><name>ApplyBasedOnSchedule</name><value>false</value></parameter><parameter><name>PremiumTimeCodeInserted</name><value></value></parameter><parameter><name>p24HourStartTime</name><value>19000101 020000</value></parameter><parameter><name>CalculatePeriod</name><value>BEFORE_START_TIME</value></parameter><parameter><name>MaxDaysLookBack</name><value>0</value></parameter><parameter><name>AssignBetterRate</name><value>false</value></parameter><parameter><name>HourTypeForOvertimeWorkDetails</name><value></value></parameter><condition name="WBIAG: Is Regularly Scheduled Day Condition Extended" class="com.wbiag.app.ta.conditions.IsRegularlyScheduledDayConditionExtended" description="Was yesterday a regular scheduled day?"><parameter><name>Day to Check</name><value>Yesterday</value></parameter>
            </condition></conditionset></rule><rule name="WBIAG: Daily Overtime 24 Hour Rule" class="com.wbiag.app.ta.quickrules.DailyOvertime24HourRule" description="After Split Time of 02:00" isActive="false" executionPoint="0"><conditionset description="Today Is Weekend"><parameter><name>HourSetDescription</name><value>OT1=9999</value></parameter><parameter><name>AddPremiumForFirstHourtypeToken</name><value>false</value></parameter><parameter><name>WorkDetailTimeCodes</name><value>WRK,TRN,PGR</value></parameter><parameter><name>EligibleHourTypes</name><value>REG,OT1,OT2</value></parameter><parameter><name>PremiumTimeCodesCounted</name><value></value></parameter><parameter><name>DiscountTimeCodes</name><value></value></parameter><parameter><name>ApplyBasedOnSchedule</name><value>false</value></parameter><parameter><name>PremiumTimeCodeInserted</name><value></value></parameter><parameter><name>p24HourStartTime</name><value>19000101 020000</value></parameter><parameter><name>CalculatePeriod</name><value>AFTER_START_TIME</value></parameter><parameter><name>MaxDaysLookBack</name><value>0</value></parameter><parameter><name>AssignBetterRate</name><value>false</value></parameter><parameter><name>HourTypeForOvertimeWorkDetails</name><value></value></parameter><condition name="WBIAG: Is Weekend Day Extended Condition" class="com.wbiag.app.ta.conditions.IsWeekendDayExtended" description="Is today a weekend day?"><parameter><name>Day to Check</name><value>Today</value></parameter>
            </condition></conditionset><conditionset description="Today Is a Holiday"><parameter><name>HourSetDescription</name><value>OT2=9999</value></parameter><parameter><name>AddPremiumForFirstHourtypeToken</name><value>false</value></parameter><parameter><name>WorkDetailTimeCodes</name><value>WRK,PGR,TRN</value></parameter><parameter><name>EligibleHourTypes</name><value>REG,OT1,OT2</value></parameter><parameter><name>PremiumTimeCodesCounted</name><value></value></parameter><parameter><name>DiscountTimeCodes</name><value></value></parameter><parameter><name>ApplyBasedOnSchedule</name><value>false</value></parameter><parameter><name>PremiumTimeCodeInserted</name><value></value></parameter><parameter><name>p24HourStartTime</name><value>19000101 020000</value></parameter><parameter><name>CalculatePeriod</name><value>AFTER_START_TIME</value></parameter><parameter><name>MaxDaysLookBack</name><value>0</value></parameter><parameter><name>AssignBetterRate</name><value>false</value></parameter><parameter><name>HourTypeForOvertimeWorkDetails</name><value></value></parameter><condition name="Is Holiday Condition" class="com.workbrain.app.ta.conditions.IsHolidayCondition" description="Is today a holiday?"/></conditionset><conditionset description="Today Is a Regular Scheduled Day"><parameter><name>HourSetDescription</name><value>REG=480;OTS=9999</value></parameter><parameter><name>AddPremiumForFirstHourtypeToken</name><value>false</value></parameter><parameter><name>WorkDetailTimeCodes</name><value>WRK,TRN,PGR</value></parameter><parameter><name>EligibleHourTypes</name><value>REG</value></parameter><parameter><name>PremiumTimeCodesCounted</name><value></value></parameter><parameter><name>DiscountTimeCodes</name><value></value></parameter><parameter><name>ApplyBasedOnSchedule</name><value>false</value></parameter><parameter><name>PremiumTimeCodeInserted</name><value></value></parameter><parameter><name>p24HourStartTime</name><value>19000101 020000</value></parameter><parameter><name>CalculatePeriod</name><value>AFTER_START_TIME</value></parameter><parameter><name>MaxDaysLookBack</name><value>0</value></parameter><parameter><name>AssignBetterRate</name><value>false</value></parameter><parameter><name>HourTypeForOvertimeWorkDetails</name><value></value></parameter><condition name="Is Regularly Scheduled Day Condition" class="com.workbrain.app.ta.conditions.IsRegularlyScheduledDayCondition" description="Is today a regular scheduled day?"/></conditionset></rule><rule name="WBIAG: Daily Overtime 24 Hour Rule" class="com.wbiag.app.ta.quickrules.DailyOvertime24HourRule" description="After 24hr (Next Day)" isActive="false" executionPoint="0"><conditionset description="Next day is a Weekend Day"><parameter><name>HourSetDescription</name><value>OT1=9999</value></parameter><parameter><name>AddPremiumForFirstHourtypeToken</name><value>false</value></parameter><parameter><name>WorkDetailTimeCodes</name><value>WRK,TRN,PGR</value></parameter><parameter><name>EligibleHourTypes</name><value>REG,OT1,OT2</value></parameter><parameter><name>PremiumTimeCodesCounted</name><value></value></parameter><parameter><name>DiscountTimeCodes</name><value></value></parameter><parameter><name>ApplyBasedOnSchedule</name><value>false</value></parameter><parameter><name>PremiumTimeCodeInserted</name><value></value></parameter><parameter><name>p24HourStartTime</name><value>19000101 020000</value></parameter><parameter><name>CalculatePeriod</name><value>AFTER_24HOURS</value></parameter><parameter><name>MaxDaysLookBack</name><value>0</value></parameter><parameter><name>AssignBetterRate</name><value>false</value></parameter><parameter><name>HourTypeForOvertimeWorkDetails</name><value></value></parameter><condition name="WBIAG: Is Weekend Day Extended Condition" class="com.wbiag.app.ta.conditions.IsWeekendDayExtended" description="Is tomorrow a weekend day?"><parameter><name>Day to Check</name><value>Tomorrow</value></parameter>
            </condition></conditionset><conditionset description="Next day is a Holiday"><parameter><name>HourSetDescription</name><value>OT2=9999</value></parameter><parameter><name>AddPremiumForFirstHourtypeToken</name><value>false</value></parameter><parameter><name>WorkDetailTimeCodes</name><value>WRK,TRN,PGR</value></parameter><parameter><name>EligibleHourTypes</name><value>REG,OT1,OT2</value></parameter><parameter><name>PremiumTimeCodesCounted</name><value></value></parameter><parameter><name>DiscountTimeCodes</name><value></value></parameter><parameter><name>ApplyBasedOnSchedule</name><value>false</value></parameter><parameter><name>PremiumTimeCodeInserted</name><value></value></parameter><parameter><name>p24HourStartTime</name><value>19000101 020000</value></parameter><parameter><name>CalculatePeriod</name><value>AFTER_24HOURS</value></parameter><parameter><name>MaxDaysLookBack</name><value>0</value></parameter><parameter><name>AssignBetterRate</name><value>false</value></parameter><parameter><name>HourTypeForOvertimeWorkDetails</name><value></value></parameter><condition name="WBIAG: Is Holiday Extended Condition" class="com.wbiag.app.ta.conditions.IsHolidayExtendedCondition" description="Is tomorrow a Holiday?"><parameter><name>DayToCheck</name><value>Tomorrow</value></parameter><parameter><name>HolidayName</name><value></value></parameter></condition></conditionset><conditionset description="Next Day is Regular Scheduled Day"><parameter><name>HourSetDescription</name><value>REG=480;OT1=9999</value></parameter><parameter><name>AddPremiumForFirstHourtypeToken</name><value>false</value></parameter><parameter><name>WorkDetailTimeCodes</name><value>WRK,TRN,PGR</value></parameter><parameter><name>EligibleHourTypes</name><value>REG</value></parameter><parameter><name>PremiumTimeCodesCounted</name><value></value></parameter><parameter><name>DiscountTimeCodes</name><value></value></parameter><parameter><name>ApplyBasedOnSchedule</name><value>false</value></parameter><parameter><name>PremiumTimeCodeInserted</name><value></value></parameter><parameter><name>p24HourStartTime</name><value>19000101 020000</value></parameter><parameter><name>CalculatePeriod</name><value>AFTER_24HOURS</value></parameter><parameter><name>MaxDaysLookBack</name><value>0</value></parameter><parameter><name>AssignBetterRate</name><value>false</value></parameter><parameter><name>HourTypeForOvertimeWorkDetails</name><value></value></parameter><condition name="WBIAG: Is Regularly Scheduled Day Condition Extended" class="com.wbiag.app.ta.conditions.IsRegularlyScheduledDayConditionExtended" description="Is tomorrow a regular scheduled day?"><parameter><name>Day to Check</name><value>Tomorrow</value></parameter>
            </condition></conditionset></rule><rule name="WBIAG: Weekly Overtime Split Rule" class="com.wbiag.app.ta.quickrules.WeeklyOvertimeSplitRule" description="Split Weekly Overtime" isActive="false" executionPoint="0"><conditionset description="Split Weekly Overtime"><parameter><name>HourSetDescription</name><value>REG=2400,OT1=9999</value></parameter><parameter><name>WorkDetailTimeCodes</name><value>WRK,TRN,PGR,LL</value></parameter><parameter><name>EligibleHourTypes</name><value>REG</value></parameter><parameter><name>PremiumTimeCodesCounted</name><value></value></parameter><parameter><name>DiscountTimeCodes</name><value>SICK</value></parameter><parameter><name>DiscountHourTypes</name><value></value></parameter><parameter><name>DayWeekStarts</name><value>Monday</value></parameter><parameter><name>PremiumTimeCodeInserted</name><value></value></parameter><parameter><name>AssignBetterRate</name><value>true</value></parameter><parameter><name>HourTypeForOvertimeWorkDetails</name><value></value></parameter><parameter><name>p24HourStartTime</name><value>19000101 020000</value></parameter><parameter><name>StartTimeDay</name><value>DAY WEEK STARTS</value></parameter><condition name="Always True Condition" class="com.workbrain.app.ta.conditions.AlwaysTrueCondition" description="Does the weekly overtime need to be split?"/></conditionset>
    </rule><rule name="WBIAG: FLSA Weekly OT Rule" class="com.wbiag.app.ta.quickrules.FLSAWeeklyOTRule" description="WBIAG FLSA Weekly Overtime Rule" isActive="true" executionPoint="0"><conditionset description="WBIAG FLSA Weekly Overtime Rule"><parameter><name>MustWorkedMinutes</name><value>2400</value></parameter><parameter><name>FLSAHoursTimeCodes</name><value>WRK,TRN,PGR</value></parameter><parameter><name>FLSAHoursHourTypes</name><value></value></parameter><parameter><name>FLSADollarsTimeCodes</name><value>WRK,TRN,PGR,BONUS</value></parameter><parameter><name>FLSADollarsHourTypes</name><value></value></parameter><parameter><name>OvertimeEarnedTimeCodes</name><value>WRK,TRN</value></parameter><parameter><name>OvertimeEarnedHourTypes</name><value>OT1,OT2,OT3,OTS</value></parameter><parameter><name>PremiumTimeCode</name><value>FLSA</value></parameter><parameter><name>PremiumHourType</name><value>REG</value></parameter><condition name="WBIAG:Is Day Condition Extended" class="com.wbiag.app.ta.conditions.IsDayConditionExtended" description="Is today Sunday? FLSA overtime rule should only be appiled on the last day of the work week"><parameter><name>Day</name><value>SUN</value></parameter><parameter><name>Day to Check</name><value>Today</value></parameter></condition></conditionset>
    </rule><rule name="WBIAG: Premium From Balance Payout Rule" class="com.wbiag.app.ta.quickrules.PremiumFromBalancePayoutRule" description="Premium from Balance Payout" isActive="true" executionPoint="0"><conditionset description="Balance Payout upon Termination"><parameter><name>BalanceNames</name><value>VACATION</value></parameter><parameter><name>BalanceAsOfDate</name><value>Today</value></parameter><parameter><name>BalancesDecremented</name><value>FALSE</value></parameter><parameter><name>PayoutApproach</name><value>To final value</value></parameter><parameter><name>PayoutApproachValue</name><value>0</value></parameter><parameter><name>MinutesPerBalanceUnit</name><value>60</value></parameter><parameter><name>PremiumTimeCodeNames</name><value>BAL_PAYOUT</value></parameter><parameter><name>PremiumHourTypeNames</name><value>REG</value></parameter><parameter><name>AdditionalPremiumFieldValues</name><value></value></parameter><parameter><name>ParameterHelp</name><value></value></parameter><condition name="WBIAG: Is Termination Date Condition" class="com.wbiag.app.ta.conditions.IsTerminationDateCondition" description="is tomorrow the termination day?"><parameter><name>Day to Evaluate</name><value>Tomorrow</value></parameter>
            </condition></conditionset>
    </rule><rule name="WBIAG: Meal Break Rule" class="com.wbiag.app.ta.quickrules.MealBreakRule" description="10 minute break for every 4 consecutive hours worked." isActive="true" executionPoint="0"><conditionset description="10 minutes break for every 4 consecutive hours worked"><parameter><name>MinimumLengthOfShift</name><value>0</value></parameter><parameter><name>ConsecutiveWorkedMinutes</name><value>240</value></parameter><parameter><name>IncludeBreaksInWorkedMinutes</name><value>False</value></parameter><parameter><name>NewPeriodAfterBreak</name><value></value></parameter><parameter><name>ValidWorkedTimeCodes</name><value>WRK,LL,LNCH,EARLY,PGR</value></parameter><parameter><name>ValidWorkedHourType</name><value>REG,OT1,OT2,OT3,OTS,UNPAID</value></parameter><parameter><name>RelativeToActualTime</name><value>False</value></parameter><parameter><name>WorkedShiftStartFrom</name><value>-1</value></parameter><parameter><name>WorkedShiftStartTo</name><value>-1</value></parameter><parameter><name>WorkedShiftEndFrom</name><value>-1</value></parameter><parameter><name>WorkedShiftEndTo</name><value>-1</value></parameter><parameter><name>MinimumBreakStartTime</name><value>-1</value></parameter><parameter><name>MaximumBreakStartTime</name><value>-1</value></parameter><parameter><name>DurationOfBreak</name><value>10</value></parameter><parameter><name>ValidBreakTimeCode</name><value>BRK</value></parameter><parameter><name>ValidBreakHourType</name><value>REG</value></parameter><parameter><name>ShiftDividerTimeCodes</name><value>GAP</value></parameter><parameter><name>ShiftDividerInclusive</name><value>True</value></parameter><parameter><name>PremiumTimeCode</name><value>BRKP</value></parameter><parameter><name>PremiumHourType</name><value>REG</value></parameter><parameter><name>PremiumMinutes</name><value>10</value></parameter><parameter><name>PremiumRate</name><value></value></parameter><parameter><name>MaxPremiumAllowed</name><value></value></parameter><parameter><name>PremiumJobSource</name><value>Default Labor</value></parameter><parameter><name>PremiumJobName</name><value></value></parameter><parameter><name>PremiumDeptSource</name><value>Default Labor</value></parameter><parameter><name>PremiumDeptName</name><value></value></parameter><parameter><name>PremiumProjSource</name><value>Default Labor</value></parameter><parameter><name>PremiumProjName</name><value></value></parameter><parameter><name>PremiumDockSource</name><value>Default Labor</value></parameter><parameter><name>PremiumDockName</name><value></value></parameter><parameter><name>PremiumTeamSource</name><value>Default Labor</value></parameter><parameter><name>PremiumTeamName</name><value></value></parameter><condition name="WBIAG: Is Work Summary Property Generic Condition" class="com.wbiag.app.ta.conditions.IsWorkSummaryPropertyGenericCondition" description="Has the employee waived their break?"><parameter><name>ExpressionString</name><value>&#x22;wrksFlagBrk&#x3C;&#x3E;Y&#x22;</value></parameter>
            </condition></conditionset>
    </rule><rule name="WBIAG: Meal Break Rule" class="com.wbiag.app.ta.quickrules.MealBreakRule" description="30 minutes meal break for all shifts with lengths &#x3E; 5 hours" isActive="true" executionPoint="0"><conditionset description="30 minutes meal break for all shifts with length &#x3E; 5 hours"><parameter><name>MinimumLengthOfShift</name><value>300</value></parameter><parameter><name>ConsecutiveWorkedMinutes</name><value>0</value></parameter><parameter><name>IncludeBreaksInWorkedMinutes</name><value>False</value></parameter><parameter><name>NewPeriodAfterBreak</name><value></value></parameter><parameter><name>ValidWorkedTimeCodes</name><value>WRK,LL,LNCH,EARLY,PGR,BRK</value></parameter><parameter><name>ValidWorkedHourType</name><value>REG,OT1,OT2,OT3,OTS,UNPAID</value></parameter><parameter><name>RelativeToActualTime</name><value>True</value></parameter><parameter><name>WorkedShiftStartFrom</name><value>-1</value></parameter><parameter><name>WorkedShiftStartTo</name><value>-1</value></parameter><parameter><name>WorkedShiftEndFrom</name><value>-1</value></parameter><parameter><name>WorkedShiftEndTo</name><value>-1</value></parameter><parameter><name>MinimumBreakStartTime</name><value>2</value></parameter><parameter><name>MaximumBreakStartTime</name><value>5</value></parameter><parameter><name>DurationOfBreak</name><value>30</value></parameter><parameter><name>ValidBreakTimeCode</name><value>LNCH</value></parameter><parameter><name>ValidBreakHourType</name><value>UNPAID</value></parameter><parameter><name>ShiftDividerTimeCodes</name><value>GAP</value></parameter><parameter><name>ShiftDividerInclusive</name><value>True</value></parameter><parameter><name>PremiumTimeCode</name><value>BRKP</value></parameter><parameter><name>PremiumHourType</name><value>REG</value></parameter><parameter><name>PremiumMinutes</name><value>30</value></parameter><parameter><name>PremiumRate</name><value></value></parameter><parameter><name>MaxPremiumAllowed</name><value></value></parameter><parameter><name>PremiumJobSource</name><value>Default Labor</value></parameter><parameter><name>PremiumJobName</name><value></value></parameter><parameter><name>PremiumDeptSource</name><value>Default Labor</value></parameter><parameter><name>PremiumDeptName</name><value></value></parameter><parameter><name>PremiumProjSource</name><value>Default Labor</value></parameter><parameter><name>PremiumProjName</name><value></value></parameter><parameter><name>PremiumDockSource</name><value>Default Labor</value></parameter><parameter><name>PremiumDockName</name><value></value></parameter><parameter><name>PremiumTeamSource</name><value>Default Labor</value></parameter><parameter><name>PremiumTeamName</name><value></value></parameter><condition name="WBIAG: Is Work Summary Property Generic Condition" class="com.wbiag.app.ta.conditions.IsWorkSummaryPropertyGenericCondition" description="Has the employee waived their break?"><parameter><name>ExpressionString</name><value>&#x22;wrksFlagBrk&#x3C;&#x3E;Y&#x22;</value></parameter>
            </condition></conditionset>
    </rule><rule name="FMLA Rule" class="com.workbrain.app.ta.quickrules.FMLARule" description="Family Medical Leave Rule" isActive="true" executionPoint="0"><conditionset description="FLMA Rule"><parameter><name>FMLABalanceName</name><value>FMLA</value></parameter><parameter><name>FMLAOffsetUnit</name><value>DAY</value></parameter><parameter><name>FMLABalanceType</name><value>Decrement</value></parameter><parameter><name>FMLAOffset</name><value>0</value></parameter><parameter><name>FMLAComment</name><value>Family Medical Leave</value></parameter><parameter><name>FMLAPremiumCode</name><value></value></parameter><parameter><name>FMLABalanceRatioToMinutes</name><value>480</value></parameter><condition name="Always True Condition" class="com.workbrain.app.ta.conditions.AlwaysTrueCondition" description="Do you qualify for FLMA?"/></conditionset>
    </rule><rule name="WBIAG: Minimum Wage Rule" class="com.wbiag.app.ta.quickrules.MinimumWageRule" description="Ensure minimum wage is met" isActive="false" executionPoint="0"><conditionset description="Ensure minimum wage is paid"><parameter><name>FederalMinWageCode</name><value>FED</value></parameter><parameter><name>IgnoreZeroPayRate</name><value>TRUE</value></parameter><condition name="Always True Condition" class="com.workbrain.app.ta.conditions.AlwaysTrueCondition" description="Is the employee being paid the required rate?"/></conditionset>
    </rule><rule name="Authorize Rule" class="com.workbrain.app.ta.quickrules.AuthorizeRule" description="Authorization Rule" isActive="true" executionPoint="0"><conditionset description="Authorization Rule"><parameter><name>UseTimeCodeHourTypeAuthorization</name><value>true</value></parameter><parameter><name>UsePremiumTimeCodeHourTypeAuthorization</name><value>false</value></parameter><parameter><name>UnauthorizeIfEditAfterAuthorization</name><value>true</value></parameter><parameter><name>UseClockBasedAuthorizations</name><value>true</value></parameter><parameter><name>UnauthorizeIfClockOnsNotEqualOffs</name><value>true</value></parameter><parameter><name>UnauthorizeIfClockOutOfSequence</name><value>true</value></parameter><parameter><name>UnauthorizeClockCountList</name><value></value></parameter><parameter><name>UnauthorizeLastClockTypeNotInList</name><value></value></parameter><parameter><name>UnauthClockDataString</name><value></value></parameter><parameter><name>UnauthorizeIfDuringScheduledTimeCodesList</name><value></value></parameter><parameter><name>UnauthorizeIfDuringUnscheduledTimeCodesList</name><value></value></parameter><parameter><name>UnauthorizeTimeCodeMinuteString</name><value></value></parameter><parameter><name>UnauthorizeBalanceBelowMinimum</name><value></value></parameter><parameter><name>UnauthorizeBalanceAboveMaximum</name><value></value></parameter><condition name="Always True Condition" class="com.workbrain.app.ta.conditions.AlwaysTrueCondition" description="Authorization Rule"/></conditionset>
    </rule></calcgroup>
	]]></CGV_XML></row>
      </table>
      <table name="CALC_GROUP_HISTORY" fk="CALCGRP_ID" refers="CALCGRP_ID">
        <row><CGH_ID>-1000003</CGH_ID><CALCGRP_ID>-1000003</CALCGRP_ID><CGH_START_DATE>1900-01-01 00:00:00</CGH_START_DATE><CGH_END_DATE>3000-01-01 00:00:00</CGH_END_DATE><CGV_ID>-1000003</CGV_ID></row>
      </table>
    </row>
  </table>
</data>