<data>
  <table name="WORKBRAIN_REGISTRY">
		<row><WBREG_ID>15028</WBREG_ID><WBREG_PARENT_ID>86</WBREG_PARENT_ID><WBREG_NAME>com.wbiag.app.ta.quickrules.ChangeTcodeHtypeDurationRule</WBREG_NAME><WBREG_CLASS>java.lang.String</WBREG_CLASS><WBREG_VALUE> </WBREG_VALUE></row>
		<row><WBREG_ID>15013</WBREG_ID><WBREG_PARENT_ID>86</WBREG_PARENT_ID><WBREG_NAME>com.wbiag.app.ta.quickrules.DailyOvertime24HourRule</WBREG_NAME><WBREG_CLASS>java.lang.String</WBREG_CLASS><WBREG_VALUE> </WBREG_VALUE></row>
		<row><WBREG_ID>15029</WBREG_ID><WBREG_PARENT_ID>86</WBREG_PARENT_ID><WBREG_NAME>com.wbiag.app.ta.quickrules.FLSAWeeklyOTRule</WBREG_NAME><WBREG_CLASS>java.lang.String</WBREG_CLASS><WBREG_VALUE> </WBREG_VALUE></row>
		<row><WBREG_ID>15015</WBREG_ID><WBREG_PARENT_ID>86</WBREG_PARENT_ID><WBREG_NAME>com.wbiag.app.ta.quickrules.HolidayReversalRule</WBREG_NAME><WBREG_CLASS>java.lang.String</WBREG_CLASS><WBREG_VALUE> </WBREG_VALUE></row>
		<row><WBREG_ID>15016</WBREG_ID><WBREG_PARENT_ID>86</WBREG_PARENT_ID><WBREG_NAME>com.wbiag.app.ta.quickrules.MealBreakRule</WBREG_NAME><WBREG_CLASS>java.lang.String</WBREG_CLASS><WBREG_VALUE> </WBREG_VALUE></row>
		<row><WBREG_ID>15017</WBREG_ID><WBREG_PARENT_ID>86</WBREG_PARENT_ID><WBREG_NAME>com.wbiag.app.ta.quickrules.MinimumWageRule</WBREG_NAME><WBREG_CLASS>java.lang.String</WBREG_CLASS><WBREG_VALUE> </WBREG_VALUE></row>
		<row><WBREG_ID>15018</WBREG_ID><WBREG_PARENT_ID>86</WBREG_PARENT_ID><WBREG_NAME>com.wbiag.app.ta.quickrules.OneDayRestInSevenRule</WBREG_NAME><WBREG_CLASS>java.lang.String</WBREG_CLASS><WBREG_VALUE> </WBREG_VALUE></row>
		<row><WBREG_ID>15019</WBREG_ID><WBREG_PARENT_ID>86</WBREG_PARENT_ID><WBREG_NAME>com.wbiag.app.ta.quickrules.PremiumFromBalancePayoutRule</WBREG_NAME><WBREG_CLASS>java.lang.String</WBREG_CLASS><WBREG_VALUE> </WBREG_VALUE></row>
		<row><WBREG_ID>15020</WBREG_ID><WBREG_PARENT_ID>86</WBREG_PARENT_ID><WBREG_NAME>com.wbiag.app.ta.quickrules.SplitDetailRule</WBREG_NAME><WBREG_CLASS>java.lang.String</WBREG_CLASS><WBREG_VALUE> </WBREG_VALUE></row>
		<row><WBREG_ID>15021</WBREG_ID><WBREG_PARENT_ID>86</WBREG_PARENT_ID><WBREG_NAME>com.wbiag.app.ta.quickrules.WeeklyOvertimeSplitRule</WBREG_NAME><WBREG_CLASS>java.lang.String</WBREG_CLASS><WBREG_VALUE> </WBREG_VALUE></row>
		<row><WBREG_ID>15022</WBREG_ID><WBREG_PARENT_ID>87</WBREG_PARENT_ID><WBREG_NAME>com.wbiag.app.ta.conditions.IsDayConditionExtended</WBREG_NAME><WBREG_CLASS>java.lang.String</WBREG_CLASS><WBREG_VALUE> </WBREG_VALUE></row>
		<row><WBREG_ID>15023</WBREG_ID><WBREG_PARENT_ID>87</WBREG_PARENT_ID><WBREG_NAME>com.wbiag.app.ta.conditions.IsHolidayExtendedCondition</WBREG_NAME><WBREG_CLASS>java.lang.String</WBREG_CLASS><WBREG_VALUE> </WBREG_VALUE></row>
		<row><WBREG_ID>15024</WBREG_ID><WBREG_PARENT_ID>87</WBREG_PARENT_ID><WBREG_NAME>com.wbiag.app.ta.conditions.IsRegularlyScheduledDayConditionExtended</WBREG_NAME><WBREG_CLASS>java.lang.String</WBREG_CLASS><WBREG_VALUE> </WBREG_VALUE></row>
		<row><WBREG_ID>15025</WBREG_ID><WBREG_PARENT_ID>87</WBREG_PARENT_ID><WBREG_NAME>com.wbiag.app.ta.conditions.IsTerminationDateCondition</WBREG_NAME><WBREG_CLASS>java.lang.String</WBREG_CLASS><WBREG_VALUE> </WBREG_VALUE></row>
		<row><WBREG_ID>15026</WBREG_ID><WBREG_PARENT_ID>87</WBREG_PARENT_ID><WBREG_NAME>com.wbiag.app.ta.conditions.IsWeekendDayExtended</WBREG_NAME><WBREG_CLASS>java.lang.String</WBREG_CLASS><WBREG_VALUE> </WBREG_VALUE></row>
		<row><WBREG_ID>15027</WBREG_ID><WBREG_PARENT_ID>87</WBREG_PARENT_ID><WBREG_NAME>com.wbiag.app.ta.conditions.IsWorkSummaryPropertyGenericCondition</WBREG_NAME><WBREG_CLASS>java.lang.String</WBREG_CLASS><WBREG_VALUE> </WBREG_VALUE></row>
  </table>

  <table name="WB_ALERT">
		<row><WBAL_ID>-1000000</WBAL_ID><WBAL_NAME>UNAUTHORIZED TIMESHEET</WBAL_NAME><WBAL_DESC>Unauthorized Timesheet Alert</WBAL_DESC><WBAL_RC_WBU_NAMES>WORKBRAIN</WBAL_RC_WBU_NAMES><WBAL_RC_SELF>Y</WBAL_RC_SELF><WBAL_RC_CHK_SKD>N</WBAL_RC_CHK_SKD><WBAL_SRC_TYPE>ROWSOURCE</WBAL_SRC_TYPE><WBAL_SRC_CLASS>com.wbiag.app.wbalert.source.UnauthorizedTimesheetAlertSourceBuilder</WBAL_SRC_CLASS><WBAL_MSG_SUBJECT>Unauthorized Timesheet Alert</WBAL_MSG_SUBJECT><WBAL_MSG_SNDIFBLNK>N</WBAL_MSG_SNDIFBLNK><WBAL_MSG_CONT_TYPE>HTML</WBAL_MSG_CONT_TYPE></row>
  </table>

  <table name="BALANCE">
		<row><BAL_ID>-1000000</BAL_ID><BAL_NAME>COMP TIME OFF</BAL_NAME><BAL_DESC>Compensatory Time Off</BAL_DESC><BALTYP_ID>2</BALTYP_ID><BAL_MAX>240</BAL_MAX><BAL_MIN>0</BAL_MIN></row>
		<row><BAL_ID>-1000001</BAL_ID><BAL_NAME>FMLA</BAL_NAME><BAL_DESC>Family Medical Leave Act</BAL_DESC><BALTYP_ID>2</BALTYP_ID><BAL_MAX>10000</BAL_MAX><BAL_MIN>0</BAL_MIN></row>
  </table>

  <table name="TIME_CODE_BALANCE_TYPE">
		<row><TCBT_ID>-1000000</TCBT_ID><TCBT_NAME>INCREMENT HOURS 1.5</TCBT_NAME><TCBT_DESC>Increment balance by 1.5 for each hour</TCBT_DESC><TCBT_MINUTE_INTERVAL>60</TCBT_MINUTE_INTERVAL><TCBT_SPLIT_MINUTE>60</TCBT_SPLIT_MINUTE><TCBT_CHANGE_BY>1.5</TCBT_CHANGE_BY></row>
  </table>

  <table name="TIME_CODE">
		<row><TCODE_ID>-1000000</TCODE_ID><TCODE_NAME>BAL_PAYOUT</TCODE_NAME><TCODE_DESC>Balance Payout</TCODE_DESC><TCODE_DEF_HOURS>0</TCODE_DEF_HOURS><TCODE_DOW>YYYYYYY</TCODE_DOW><TCODE_OWS>N</TCODE_OWS><COLR_ID>10</COLR_ID><HTYPE_ID>1</HTYPE_ID><TCODE_UNAUTHORIZE>N</TCODE_UNAUTHORIZE><TCODE_SORTORDER>9999</TCODE_SORTORDER><TCODE_AFFECTS_BALANCES>Y</TCODE_AFFECTS_BALANCES><TCODE_SUMMARIZE>Y</TCODE_SUMMARIZE><TCODE_ETM_WD_HIDE>N</TCODE_ETM_WD_HIDE><LMS_ID>1</LMS_ID><TCODE_IS_LTA>N</TCODE_IS_LTA><TCODE_RPT_ISPRDCTV>N</TCODE_RPT_ISPRDCTV></row>
		<row><TCODE_ID>-1000001</TCODE_ID><TCODE_NAME>BONUS</TCODE_NAME><TCODE_DESC>Bonus Premium</TCODE_DESC><TCODE_DEF_HOURS>0</TCODE_DEF_HOURS><TCODE_DOW>YYYYYYY</TCODE_DOW><TCODE_OWS>N</TCODE_OWS><COLR_ID>4</COLR_ID><HTYPE_ID>1</HTYPE_ID><TCODE_UNAUTHORIZE>N</TCODE_UNAUTHORIZE><TCODE_SORTORDER>9999</TCODE_SORTORDER><TCODE_AFFECTS_BALANCES> </TCODE_AFFECTS_BALANCES><TCODE_SUMMARIZE>Y</TCODE_SUMMARIZE><TCODE_ETM_WD_HIDE>N</TCODE_ETM_WD_HIDE><LMS_ID>1</LMS_ID><TCODE_IS_LTA>N</TCODE_IS_LTA><TCODE_RPT_ISPRDCTV>N</TCODE_RPT_ISPRDCTV></row>
		<row><TCODE_ID>-1000002</TCODE_ID><TCODE_NAME>BRKP</TCODE_NAME><TCODE_DESC>Break Premium</TCODE_DESC><TCODE_DEF_HOURS>0</TCODE_DEF_HOURS><TCODE_DOW>YYYYYYY</TCODE_DOW><TCODE_OWS>Y</TCODE_OWS><COLR_ID>7</COLR_ID><HTYPE_ID>1</HTYPE_ID><TCODE_UNAUTHORIZE>Y</TCODE_UNAUTHORIZE><TCODE_SORTORDER>9999</TCODE_SORTORDER><TCODE_AFFECTS_BALANCES> </TCODE_AFFECTS_BALANCES><TCODE_SUMMARIZE>Y</TCODE_SUMMARIZE><TCODE_ETM_WD_HIDE>N</TCODE_ETM_WD_HIDE><LMS_ID>1</LMS_ID><TCODE_IS_LTA>N</TCODE_IS_LTA><TCODE_RPT_ISPRDCTV>N</TCODE_RPT_ISPRDCTV></row>
		<row><TCODE_ID>-1000003</TCODE_ID><TCODE_NAME>COMP</TCODE_NAME><TCODE_DESC>Compensatory Time Off</TCODE_DESC><TCODE_DEF_HOURS>0</TCODE_DEF_HOURS><TCODE_DOW>YYYYYYY</TCODE_DOW><TCODE_OWS>N</TCODE_OWS><COLR_ID>3</COLR_ID><HTYPE_ID>1</HTYPE_ID><TCODE_UNAUTHORIZE>N</TCODE_UNAUTHORIZE><TCODE_SORTORDER>9999</TCODE_SORTORDER><TCODE_AFFECTS_BALANCES>Y</TCODE_AFFECTS_BALANCES><TCODE_SUMMARIZE>Y</TCODE_SUMMARIZE><TCODE_ETM_WD_HIDE>N</TCODE_ETM_WD_HIDE><LMS_ID>1</LMS_ID><TCODE_IS_LTA>N</TCODE_IS_LTA><TCODE_RPT_ISPRDCTV>N</TCODE_RPT_ISPRDCTV></row>
		<row><TCODE_ID>-1000004</TCODE_ID><TCODE_NAME>EARLY</TCODE_NAME><TCODE_DESC>In Early</TCODE_DESC><TCODE_DEF_HOURS>0</TCODE_DEF_HOURS><TCODE_DOW>YYYYYYY</TCODE_DOW><TCODE_OWS>N</TCODE_OWS><COLR_ID>13</COLR_ID><HTYPE_ID>1</HTYPE_ID><TCODE_UNAUTHORIZE>Y</TCODE_UNAUTHORIZE><TCODE_SORTORDER>9999</TCODE_SORTORDER><TCODE_AFFECTS_BALANCES> </TCODE_AFFECTS_BALANCES><TCODE_SUMMARIZE>Y</TCODE_SUMMARIZE><TCODE_ETM_WD_HIDE>N</TCODE_ETM_WD_HIDE><LMS_ID>1</LMS_ID><TCODE_IS_LTA>N</TCODE_IS_LTA><TCODE_RPT_ISPRDCTV>N</TCODE_RPT_ISPRDCTV></row>
		<row><TCODE_ID>-1000005</TCODE_ID><TCODE_NAME>FLSA</TCODE_NAME><TCODE_DESC>FLSA Overtime Pay</TCODE_DESC><TCODE_DEF_HOURS>0</TCODE_DEF_HOURS><TCODE_DOW>YYYYYYY</TCODE_DOW><TCODE_OWS>N</TCODE_OWS><COLR_ID>5</COLR_ID><HTYPE_ID>1</HTYPE_ID><TCODE_UNAUTHORIZE>N</TCODE_UNAUTHORIZE><TCODE_SORTORDER>9999</TCODE_SORTORDER><TCODE_AFFECTS_BALANCES> </TCODE_AFFECTS_BALANCES><TCODE_SUMMARIZE>Y</TCODE_SUMMARIZE><TCODE_ETM_WD_HIDE>N</TCODE_ETM_WD_HIDE><LMS_ID>1</LMS_ID><TCODE_IS_LTA>N</TCODE_IS_LTA><TCODE_RPT_ISPRDCTV>N</TCODE_RPT_ISPRDCTV></row>
		<row><TCODE_ID>-1000006</TCODE_ID><TCODE_NAME>LL</TCODE_NAME><TCODE_DESC>Leave Late</TCODE_DESC><TCODE_DEF_HOURS>0</TCODE_DEF_HOURS><TCODE_DOW>YYYYYYY</TCODE_DOW><TCODE_OWS>N</TCODE_OWS><COLR_ID>9</COLR_ID><HTYPE_ID>1</HTYPE_ID><TCODE_UNAUTHORIZE>Y</TCODE_UNAUTHORIZE><TCODE_SORTORDER>9999</TCODE_SORTORDER><TCODE_AFFECTS_BALANCES> </TCODE_AFFECTS_BALANCES><TCODE_SUMMARIZE>Y</TCODE_SUMMARIZE><TCODE_ETM_WD_HIDE>N</TCODE_ETM_WD_HIDE><LMS_ID>1</LMS_ID><TCODE_IS_LTA>N</TCODE_IS_LTA><TCODE_RPT_ISPRDCTV>N</TCODE_RPT_ISPRDCTV></row>
		<row><TCODE_ID>-1000007</TCODE_ID><TCODE_NAME>LNCH</TCODE_NAME><TCODE_DESC>Lunch</TCODE_DESC><TCODE_DEF_HOURS>0</TCODE_DEF_HOURS><TCODE_DOW>YYYYYYY</TCODE_DOW><TCODE_OWS>N</TCODE_OWS><COLR_ID>4</COLR_ID><HTYPE_ID>0</HTYPE_ID><TCODE_UNAUTHORIZE>N</TCODE_UNAUTHORIZE><TCODE_SORTORDER>9999</TCODE_SORTORDER><TCODE_AFFECTS_BALANCES> </TCODE_AFFECTS_BALANCES><TCODE_SUMMARIZE>Y</TCODE_SUMMARIZE><TCODE_ETM_WD_HIDE>N</TCODE_ETM_WD_HIDE><LMS_ID>1</LMS_ID><TCODE_IS_LTA>N</TCODE_IS_LTA><TCODE_RPT_ISPRDCTV>N</TCODE_RPT_ISPRDCTV></row>
  </table>

  <table name="TIME_CODE_BALANCE">
		<row><TCODEBAL_ID>-1000000</TCODEBAL_ID><BAL_ID>0</BAL_ID><TCODE_ID>-1000000</TCODE_ID><TCBT_ID>5</TCBT_ID></row>
		<row><TCODEBAL_ID>-1000001</TCODEBAL_ID><BAL_ID>-1000000</BAL_ID><TCODE_ID>-1000003</TCODE_ID><TCBT_ID>-1000000</TCBT_ID></row>
  </table>

</data>

